guest_id,first_name,last_name,email,customer_type,origin_country,preferred_room_type,loyalty_member,registered_date,total_stays,average_rating
GUEST000001,Sophie,Smith,guest000001@email.com,Business,Spain,Penthouse,False,2024-08-02,3,3.8
GUEST000002,John,Zhang,guest000002@email.com,Couple,UK,Suite,True,2023-06-03,7,4.3
GUEST000003,Klaus,Martin,guest000003@email.com,Solo Travel,Netherlands,Standard,False,2024-02-25,9,3.7
GUEST000004,Francesca,Zhang,guest000004@email.com,Leisure,China,Suite,False,2023-12-20,3,4.7
GUEST000005,Francesca,Johnson,guest000005@email.com,Business,USA,Penthouse,False,2023-10-18,3,5.0
GUEST000006,Marco,Martin,guest000006@email.com,Couple,Spain,Deluxe,False,2023-09-23,6,3.9
GUEST000007,Ahmed,Brown,guest000007@email.com,Family,Spain,Suite,False,2022-03-27,1,4.1
GUEST000008,Klaus,Johnson,guest000008@email.com,Leisure,Belgium,Penthouse,False,2023-06-08,3,4.1
GUEST000009,Sophie,Mueller,guest000009@email.com,Couple,Italy,Penthouse,False,2023-07-04,7,4.0
GUEST000010,Yuki,Zhang,guest000010@email.com,Family,Germany,Family,False,2023-08-24,5,3.8
GUEST000011,Maria,Brown,guest000011@email.com,Leisure,Germany,Penthouse,False,2023-12-17,12,3.5
GUEST000012,Francesca,Garcia,guest000012@email.com,Family,Spain,Penthouse,False,2022-03-01,1,4.6
GUEST000013,Sophie,Johnson,guest000013@email.com,Couple,Netherlands,Standard,False,2024-08-04,2,4.5
GUEST000014,Francesca,Johnson,guest000014@email.com,Business,France,Family,False,2023-04-10,1,4.3
GUEST000015,Lucia,Weber,guest000015@email.com,Leisure,Greece,Family,True,2022-02-26,3,4.8
GUEST000016,Klaus,Mueller,guest000016@email.com,Business,Germany,Penthouse,False,2022-05-03,4,3.4
GUEST000017,John,Mueller,guest000017@email.com,Leisure,Italy,Penthouse,True,2023-12-20,2,5.0
GUEST000018,John,Mueller,guest000018@email.com,Family,Netherlands,Deluxe,True,2023-05-24,18,4.2
GUEST000019,Yuki,Martin,guest000019@email.com,Leisure,Belgium,Penthouse,False,2023-06-14,1,4.3
GUEST000020,Klaus,Mueller,guest000020@email.com,Family,UK,Standard,False,2023-01-16,1,3.9
GUEST000021,Ahmed,Brown,guest000021@email.com,Family,USA,Suite,False,2024-01-21,5,3.3
GUEST000022,Maria,Smith,guest000022@email.com,Leisure,China,Deluxe,True,2022-12-10,1,3.9
GUEST000023,Francesca,Brown,guest000023@email.com,Family,Germany,Family,False,2023-06-21,11,4.3
GUEST000024,Maria,Brown,guest000024@email.com,Couple,Germany,Family,True,2023-12-31,5,4.1
GUEST000025,Lucia,Johnson,guest000025@email.com,Leisure,Spain,Family,False,2023-05-24,1,5.0
GUEST000026,Emma,Martin,guest000026@email.com,Business,Belgium,Standard,True,2023-01-04,4,5.0
GUEST000027,John,Rossi,guest000027@email.com,Leisure,Germany,Suite,False,2024-05-29,1,5.0
GUEST000028,Lucia,Mueller,guest000028@email.com,Leisure,China,Suite,False,2023-01-12,6,4.0
GUEST000029,Ahmed,Brown,guest000029@email.com,Couple,Spain,Suite,False,2024-03-02,1,4.2
GUEST000030,Maria,Weber,guest000030@email.com,Family,France,Standard,False,2023-11-22,1,3.6
GUEST000031,Maria,Garcia,guest000031@email.com,Leisure,Germany,Standard,True,2024-01-29,2,3.7
GUEST000032,Marco,Smith,guest000032@email.com,Leisure,Netherlands,Deluxe,False,2022-02-15,1,4.1
GUEST000033,John,Garcia,guest000033@email.com,Family,Spain,Suite,True,2022-02-17,7,5.0
GUEST000034,Emma,Schmidt,guest000034@email.com,Family,Belgium,Deluxe,False,2023-01-28,9,4.9
GUEST000035,Ahmed,Mueller,guest000035@email.com,Family,France,Suite,False,2024-08-11,4,5.0
GUEST000036,John,Martin,guest000036@email.com,Couple,UK,Standard,True,2024-04-02,2,4.8
GUEST000037,Francesca,Garcia,guest000037@email.com,Family,Italy,Family,True,2022-11-26,7,3.7
GUEST000038,Sophie,Zhang,guest000038@email.com,Couple,Italy,Suite,True,2024-07-26,1,3.9
GUEST000039,Yuki,Brown,guest000039@email.com,Family,USA,Standard,False,2024-04-25,1,3.5
GUEST000040,Maria,Weber,guest000040@email.com,Leisure,Greece,Family,True,2023-01-17,10,4.0
GUEST000041,Maria,Martin,guest000041@email.com,Leisure,Spain,Family,False,2023-11-21,4,4.2
GUEST000042,John,Mueller,guest000042@email.com,Leisure,UK,Standard,False,2022-08-17,4,5.0
GUEST000043,Marco,Smith,guest000043@email.com,Leisure,Germany,Deluxe,False,2024-09-03,4,3.6
GUEST000044,Francesca,Johnson,guest000044@email.com,Leisure,USA,Standard,True,2024-06-17,4,3.4
GUEST000045,Emma,Brown,guest000045@email.com,Solo Travel,Italy,Deluxe,True,2024-03-03,11,4.4
GUEST000046,Klaus,Schmidt,guest000046@email.com,Leisure,China,Family,False,2022-03-30,3,4.1
GUEST000047,Marco,Rossi,guest000047@email.com,Leisure,France,Deluxe,True,2022-01-09,4,3.8
GUEST000048,Yuki,Garcia,guest000048@email.com,Couple,USA,Standard,False,2022-10-26,1,3.4
GUEST000049,Lucia,Brown,guest000049@email.com,Solo Travel,Netherlands,Suite,False,2024-01-28,2,5.0
GUEST000050,Lucia,Garcia,guest000050@email.com,Business,USA,Family,False,2023-04-21,9,3.9
GUEST000051,Yuki,Weber,guest000051@email.com,Leisure,China,Family,False,2024-09-22,3,4.5
GUEST000052,Emma,Garcia,guest000052@email.com,Couple,Spain,Family,False,2024-01-21,6,3.1
GUEST000053,Marco,Garcia,guest000053@email.com,Leisure,France,Deluxe,False,2022-06-04,1,3.6
GUEST000054,John,Zhang,guest000054@email.com,Business,USA,Standard,False,2022-01-25,1,4.5
GUEST000055,Sophie,Martin,guest000055@email.com,Business,USA,Deluxe,False,2022-12-21,1,4.3
GUEST000056,John,Schmidt,guest000056@email.com,Couple,Spain,Suite,False,2022-01-02,4,4.4
GUEST000057,Francesca,Brown,guest000057@email.com,Business,France,Deluxe,True,2022-04-17,4,3.9
GUEST000058,Sophie,Martin,guest000058@email.com,Couple,China,Deluxe,False,2022-09-01,12,5.0
GUEST000059,Francesca,Rossi,guest000059@email.com,Leisure,Germany,Deluxe,False,2024-09-11,7,4.0
GUEST000060,John,Mueller,guest000060@email.com,Solo Travel,France,Standard,False,2023-12-30,9,4.2
GUEST000061,Klaus,Johnson,guest000061@email.com,Couple,USA,Standard,True,2022-02-14,4,4.2
GUEST000062,Sophie,Martin,guest000062@email.com,Couple,Belgium,Penthouse,False,2023-02-27,5,4.4
GUEST000063,Yuki,Rossi,guest000063@email.com,Couple,China,Family,False,2024-09-24,5,4.6
GUEST000064,Maria,Weber,guest000064@email.com,Leisure,Greece,Standard,False,2022-04-08,3,4.5
GUEST000065,Marco,Mueller,guest000065@email.com,Family,USA,Suite,False,2023-10-15,2,3.9
GUEST000066,Francesca,Johnson,guest000066@email.com,Business,Netherlands,Suite,False,2023-08-30,4,3.5
GUEST000067,Lucia,Smith,guest000067@email.com,Family,Belgium,Suite,False,2023-03-22,10,4.2
GUEST000068,Ahmed,Garcia,guest000068@email.com,Business,France,Suite,False,2022-10-26,6,3.6
GUEST000069,Klaus,Schmidt,guest000069@email.com,Family,USA,Suite,True,2024-08-06,4,4.1
GUEST000070,Francesca,Schmidt,guest000070@email.com,Solo Travel,France,Penthouse,False,2022-11-22,1,4.4
GUEST000071,Emma,Brown,guest000071@email.com,Business,France,Penthouse,True,2022-08-28,2,4.3
GUEST000072,Maria,Garcia,guest000072@email.com,Leisure,France,Deluxe,False,2022-05-20,12,4.9
GUEST000073,Lucia,Johnson,guest000073@email.com,Couple,Italy,Family,True,2022-06-09,3,3.9
GUEST000074,Maria,Mueller,guest000074@email.com,Leisure,Netherlands,Family,False,2023-04-06,1,4.4
GUEST000075,Emma,Schmidt,guest000075@email.com,Couple,Spain,Penthouse,False,2023-02-21,10,4.8
GUEST000076,Maria,Martin,guest000076@email.com,Couple,Belgium,Deluxe,True,2023-01-02,3,4.4
GUEST000077,Sophie,Rossi,guest000077@email.com,Leisure,Netherlands,Standard,True,2022-11-12,5,4.6
GUEST000078,Emma,Brown,guest000078@email.com,Leisure,Netherlands,Standard,True,2024-05-22,3,3.9
GUEST000079,Maria,Johnson,guest000079@email.com,Leisure,Germany,Penthouse,True,2022-06-11,5,4.0
GUEST000080,Klaus,Weber,guest000080@email.com,Business,USA,Suite,False,2022-02-11,3,4.4
GUEST000081,Sophie,Schmidt,guest000081@email.com,Business,Belgium,Standard,False,2022-06-01,1,3.8
GUEST000082,Maria,Garcia,guest000082@email.com,Leisure,Italy,Standard,False,2024-09-18,15,5.0
GUEST000083,Yuki,Zhang,guest000083@email.com,Business,UK,Family,False,2023-06-10,3,4.0
GUEST000084,John,Brown,guest000084@email.com,Business,Greece,Family,True,2022-09-24,2,4.1
GUEST000085,Ahmed,Smith,guest000085@email.com,Business,Belgium,Family,False,2024-09-01,6,3.9
GUEST000086,Francesca,Rossi,guest000086@email.com,Family,Spain,Deluxe,False,2023-07-24,1,4.3
GUEST000087,Marco,Garcia,guest000087@email.com,Leisure,China,Deluxe,False,2022-04-07,4,5.0
GUEST000088,Emma,Johnson,guest000088@email.com,Leisure,Spain,Family,True,2024-04-03,10,4.4
GUEST000089,Ahmed,Johnson,guest000089@email.com,Family,Belgium,Deluxe,True,2022-01-13,2,3.8
GUEST000090,John,Garcia,guest000090@email.com,Family,France,Suite,False,2022-05-14,1,4.8
GUEST000091,Sophie,Zhang,guest000091@email.com,Leisure,Spain,Penthouse,False,2023-01-17,5,4.6
GUEST000092,Maria,Weber,guest000092@email.com,Business,China,Deluxe,False,2023-08-24,7,3.6
GUEST000093,Klaus,Johnson,guest000093@email.com,Family,China,Family,False,2022-01-23,1,3.7
GUEST000094,Maria,Garcia,guest000094@email.com,Leisure,USA,Deluxe,False,2024-07-13,3,3.8
GUEST000095,Emma,Mueller,guest000095@email.com,Leisure,France,Deluxe,False,2022-04-05,3,4.2
GUEST000096,Yuki,Johnson,guest000096@email.com,Solo Travel,USA,Family,True,2022-02-13,9,4.6
GUEST000097,Emma,Smith,guest000097@email.com,Business,Germany,Penthouse,False,2022-06-22,7,4.3
GUEST000098,Lucia,Zhang,guest000098@email.com,Couple,France,Standard,False,2024-04-21,1,4.4
GUEST000099,Francesca,Rossi,guest000099@email.com,Business,UK,Deluxe,False,2022-01-31,3,4.3
GUEST000100,Francesca,Zhang,guest000100@email.com,Leisure,Greece,Family,False,2022-06-26,1,4.6
GUEST000101,Yuki,Garcia,guest000101@email.com,Couple,France,Suite,False,2024-07-19,6,3.8
GUEST000102,Ahmed,Brown,guest000102@email.com,Leisure,France,Standard,True,2022-10-14,1,4.4
GUEST000103,Emma,Mueller,guest000103@email.com,Couple,France,Deluxe,True,2022-02-05,6,3.4
GUEST000104,Lucia,Weber,guest000104@email.com,Leisure,USA,Suite,True,2023-09-24,1,4.8
GUEST000105,Sophie,Brown,guest000105@email.com,Leisure,Germany,Penthouse,False,2023-05-26,2,3.6
GUEST000106,Francesca,Martin,guest000106@email.com,Business,UK,Family,False,2023-05-06,4,4.1
GUEST000107,John,Johnson,guest000107@email.com,Business,USA,Family,False,2022-10-14,3,2.9
GUEST000108,Francesca,Mueller,guest000108@email.com,Business,France,Penthouse,False,2023-03-06,3,4.7
GUEST000109,Sophie,Martin,guest000109@email.com,Leisure,Italy,Penthouse,False,2022-09-13,10,3.9
GUEST000110,Marco,Smith,guest000110@email.com,Leisure,China,Penthouse,False,2023-01-27,1,4.0
GUEST000111,Yuki,Rossi,guest000111@email.com,Leisure,Greece,Penthouse,True,2023-07-12,1,4.2
GUEST000112,Emma,Schmidt,guest000112@email.com,Business,USA,Family,True,2024-07-23,1,4.5
GUEST000113,Lucia,Martin,guest000113@email.com,Business,Germany,Family,True,2022-11-26,4,4.4
GUEST000114,Francesca,Brown,guest000114@email.com,Couple,Netherlands,Penthouse,False,2022-07-04,1,4.8
GUEST000115,John,Schmidt,guest000115@email.com,Business,Spain,Standard,False,2023-09-04,5,4.1
GUEST000116,Sophie,Smith,guest000116@email.com,Solo Travel,Spain,Penthouse,False,2024-07-06,3,4.0
GUEST000117,Klaus,Smith,guest000117@email.com,Leisure,China,Standard,False,2024-04-08,1,3.6
GUEST000118,Emma,Martin,guest000118@email.com,Family,Greece,Penthouse,True,2023-01-02,1,4.2
GUEST000119,Lucia,Garcia,guest000119@email.com,Family,Greece,Penthouse,False,2024-09-24,1,4.2
GUEST000120,Ahmed,Johnson,guest000120@email.com,Leisure,France,Suite,False,2022-09-11,9,3.9
GUEST000121,Sophie,Brown,guest000121@email.com,Couple,UK,Suite,False,2023-07-01,3,3.8
GUEST000122,John,Garcia,guest000122@email.com,Leisure,Greece,Standard,False,2023-08-13,4,4.1
GUEST000123,Francesca,Schmidt,guest000123@email.com,Business,France,Family,False,2024-08-15,4,3.9
GUEST000124,Ahmed,Mueller,guest000124@email.com,Solo Travel,USA,Family,True,2022-08-31,12,4.2
GUEST000125,Lucia,Schmidt,guest000125@email.com,Family,USA,Family,True,2024-04-05,1,4.3
GUEST000126,Yuki,Weber,guest000126@email.com,Business,Spain,Suite,False,2022-01-29,2,3.7
GUEST000127,Yuki,Weber,guest000127@email.com,Business,France,Family,True,2023-08-01,1,4.4
GUEST000128,Ahmed,Weber,guest000128@email.com,Leisure,Italy,Standard,True,2024-08-29,3,4.6
GUEST000129,Sophie,Rossi,guest000129@email.com,Family,USA,Family,True,2023-07-10,2,3.8
GUEST000130,Klaus,Mueller,guest000130@email.com,Leisure,Germany,Deluxe,True,2023-05-18,4,4.7
GUEST000131,John,Johnson,guest000131@email.com,Couple,UK,Family,False,2022-02-27,3,4.3
GUEST000132,Sophie,Weber,guest000132@email.com,Leisure,UK,Penthouse,True,2022-08-13,3,5.0
GUEST000133,John,Martin,guest000133@email.com,Couple,USA,Deluxe,False,2023-05-05,6,4.5
GUEST000134,John,Schmidt,guest000134@email.com,Leisure,UK,Deluxe,False,2024-07-28,2,4.4
GUEST000135,Lucia,Garcia,guest000135@email.com,Family,Italy,Suite,True,2024-04-05,2,4.3
GUEST000136,Ahmed,Schmidt,guest000136@email.com,Business,Netherlands,Deluxe,True,2024-01-05,5,4.9
GUEST000137,Ahmed,Schmidt,guest000137@email.com,Business,Germany,Penthouse,False,2022-03-02,2,4.0
GUEST000138,John,Mueller,guest000138@email.com,Couple,USA,Deluxe,False,2023-08-24,2,3.8
GUEST000139,Ahmed,Johnson,guest000139@email.com,Family,Spain,Suite,True,2024-05-16,4,4.0
GUEST000140,Marco,Schmidt,guest000140@email.com,Leisure,Italy,Family,False,2024-09-10,4,3.6
GUEST000141,Maria,Schmidt,guest000141@email.com,Business,Netherlands,Family,False,2023-12-23,3,4.7
GUEST000142,Francesca,Weber,guest000142@email.com,Leisure,UK,Standard,False,2022-04-14,1,4.5
GUEST000143,Yuki,Brown,guest000143@email.com,Family,Netherlands,Penthouse,False,2022-11-27,3,3.6
GUEST000144,Ahmed,Mueller,guest000144@email.com,Leisure,Italy,Standard,True,2024-01-20,1,4.1
GUEST000145,Francesca,Rossi,guest000145@email.com,Leisure,Belgium,Family,True,2023-10-27,1,4.2
GUEST000146,Yuki,Mueller,guest000146@email.com,Business,China,Family,False,2023-12-26,3,5.0
GUEST000147,Marco,Weber,guest000147@email.com,Leisure,Belgium,Family,False,2024-03-16,2,3.9
GUEST000148,Yuki,Garcia,guest000148@email.com,Leisure,UK,Penthouse,True,2023-11-13,6,4.6
GUEST000149,Lucia,Mueller,guest000149@email.com,Business,USA,Penthouse,False,2023-01-23,2,4.5
GUEST000150,Klaus,Brown,guest000150@email.com,Family,Netherlands,Family,True,2022-05-11,8,4.1
GUEST000151,Ahmed,Smith,guest000151@email.com,Solo Travel,Spain,Standard,True,2024-08-29,1,4.0
GUEST000152,Lucia,Zhang,guest000152@email.com,Leisure,France,Standard,False,2024-05-21,1,4.0
GUEST000153,Lucia,Smith,guest000153@email.com,Business,China,Family,True,2022-07-06,1,3.7
GUEST000154,Lucia,Schmidt,guest000154@email.com,Couple,China,Family,True,2024-08-01,6,3.2
GUEST000155,Lucia,Garcia,guest000155@email.com,Business,Germany,Deluxe,False,2023-10-17,2,4.7
GUEST000156,Lucia,Johnson,guest000156@email.com,Business,Germany,Suite,False,2024-08-17,3,3.8
GUEST000157,Emma,Mueller,guest000157@email.com,Solo Travel,Netherlands,Deluxe,False,2022-12-06,1,4.6
GUEST000158,Maria,Garcia,guest000158@email.com,Business,Spain,Standard,False,2022-12-22,11,3.6
GUEST000159,Yuki,Mueller,guest000159@email.com,Family,Belgium,Penthouse,True,2023-10-14,1,3.8
GUEST000160,Maria,Schmidt,guest000160@email.com,Couple,Italy,Standard,False,2023-04-03,1,3.8
GUEST000161,John,Brown,guest000161@email.com,Couple,Netherlands,Suite,True,2022-08-03,4,3.8
GUEST000162,Sophie,Johnson,guest000162@email.com,Leisure,Greece,Deluxe,True,2022-12-25,9,4.2
GUEST000163,Klaus,Johnson,guest000163@email.com,Couple,Germany,Deluxe,False,2024-01-08,2,4.5
GUEST000164,John,Smith,guest000164@email.com,Business,Spain,Family,False,2023-01-31,12,5.0
GUEST000165,Emma,Zhang,guest000165@email.com,Couple,Greece,Penthouse,True,2024-09-19,2,4.3
GUEST000166,Ahmed,Zhang,guest000166@email.com,Business,USA,Family,False,2023-05-20,1,5.0
GUEST000167,Francesca,Schmidt,guest000167@email.com,Leisure,Netherlands,Family,False,2023-07-14,1,4.2
GUEST000168,Francesca,Johnson,guest000168@email.com,Solo Travel,Greece,Deluxe,False,2024-04-28,1,3.8
GUEST000169,Emma,Weber,guest000169@email.com,Family,Belgium,Suite,False,2023-10-29,5,3.3
GUEST000170,Sophie,Mueller,guest000170@email.com,Couple,France,Penthouse,False,2023-04-08,5,4.3
GUEST000171,Maria,Smith,guest000171@email.com,Leisure,Spain,Deluxe,True,2022-10-29,4,3.9
GUEST000172,John,Schmidt,guest000172@email.com,Couple,UK,Suite,True,2022-09-25,13,4.7
GUEST000173,Maria,Johnson,guest000173@email.com,Business,Greece,Penthouse,False,2022-12-17,6,4.7
GUEST000174,Ahmed,Zhang,guest000174@email.com,Solo Travel,UK,Standard,False,2022-06-14,3,3.9
GUEST000175,Maria,Martin,guest000175@email.com,Solo Travel,Italy,Penthouse,False,2024-08-22,4,3.6
GUEST000176,Maria,Schmidt,guest000176@email.com,Business,Belgium,Suite,False,2023-09-01,4,4.1
GUEST000177,Lucia,Rossi,guest000177@email.com,Couple,USA,Suite,True,2023-12-23,6,4.3
GUEST000178,John,Zhang,guest000178@email.com,Family,Belgium,Suite,False,2024-08-23,4,4.9
GUEST000179,Ahmed,Weber,guest000179@email.com,Leisure,Spain,Deluxe,False,2024-06-30,7,3.4
GUEST000180,Francesca,Mueller,guest000180@email.com,Business,Netherlands,Standard,True,2022-02-24,1,4.3
GUEST000181,Maria,Schmidt,guest000181@email.com,Leisure,Germany,Deluxe,False,2022-07-30,2,5.0
GUEST000182,Sophie,Zhang,guest000182@email.com,Couple,UK,Standard,True,2023-12-15,4,4.5
GUEST000183,Marco,Martin,guest000183@email.com,Leisure,Spain,Family,False,2022-09-29,1,4.6
GUEST000184,Klaus,Brown,guest000184@email.com,Business,USA,Suite,False,2022-09-01,2,4.0
GUEST000185,Maria,Smith,guest000185@email.com,Couple,France,Family,True,2023-02-07,5,4.6
GUEST000186,Lucia,Martin,guest000186@email.com,Business,Germany,Family,False,2024-05-10,1,4.4
GUEST000187,Emma,Mueller,guest000187@email.com,Leisure,France,Standard,True,2022-02-25,5,4.1
GUEST000188,Yuki,Smith,guest000188@email.com,Couple,UK,Suite,False,2023-03-14,4,4.4
GUEST000189,Maria,Brown,guest000189@email.com,Couple,Italy,Standard,False,2024-04-23,6,4.5
GUEST000190,Lucia,Rossi,guest000190@email.com,Business,China,Penthouse,False,2022-07-24,1,4.0
GUEST000191,Maria,Smith,guest000191@email.com,Business,Greece,Family,False,2022-07-31,3,3.7
GUEST000192,Ahmed,Brown,guest000192@email.com,Family,France,Suite,False,2024-09-27,6,3.7
GUEST000193,Maria,Rossi,guest000193@email.com,Family,China,Standard,False,2024-05-14,3,4.8
GUEST000194,Maria,Brown,guest000194@email.com,Leisure,UK,Suite,False,2024-03-14,6,4.3
GUEST000195,Francesca,Rossi,guest000195@email.com,Leisure,USA,Family,True,2023-05-16,3,4.3
GUEST000196,Klaus,Johnson,guest000196@email.com,Business,UK,Standard,True,2023-10-20,10,5.0
GUEST000197,Marco,Zhang,guest000197@email.com,Business,Italy,Family,False,2022-07-09,2,4.0
GUEST000198,Yuki,Zhang,guest000198@email.com,Business,China,Penthouse,False,2023-01-14,3,3.8
GUEST000199,Ahmed,Rossi,guest000199@email.com,Family,France,Family,True,2022-02-15,2,5.0
GUEST000200,Klaus,Rossi,guest000200@email.com,Solo Travel,Germany,Suite,False,2023-04-22,3,4.1
GUEST000201,Klaus,Garcia,guest000201@email.com,Family,China,Standard,True,2024-05-07,1,4.6
GUEST000202,Klaus,Weber,guest000202@email.com,Business,Netherlands,Standard,False,2022-03-05,2,4.3
GUEST000203,Ahmed,Johnson,guest000203@email.com,Family,UK,Penthouse,False,2022-03-29,3,4.8
GUEST000204,Yuki,Martin,guest000204@email.com,Business,Spain,Suite,False,2023-02-28,2,4.3
GUEST000205,Lucia,Garcia,guest000205@email.com,Leisure,USA,Standard,True,2023-07-21,2,3.9
GUEST000206,John,Zhang,guest000206@email.com,Couple,USA,Suite,False,2024-04-18,3,4.6
GUEST000207,Marco,Zhang,guest000207@email.com,Business,UK,Suite,True,2024-09-15,1,3.5
GUEST000208,Marco,Rossi,guest000208@email.com,Leisure,Spain,Penthouse,False,2023-08-10,3,3.3
GUEST000209,Sophie,Rossi,guest000209@email.com,Leisure,Netherlands,Family,False,2022-11-03,1,4.0
GUEST000210,Maria,Zhang,guest000210@email.com,Leisure,Italy,Standard,False,2024-07-13,4,4.3
GUEST000211,John,Martin,guest000211@email.com,Business,Greece,Family,False,2023-08-08,1,5.0
GUEST000212,Marco,Weber,guest000212@email.com,Business,Netherlands,Suite,False,2023-11-25,9,4.0
GUEST000213,Lucia,Mueller,guest000213@email.com,Family,Belgium,Deluxe,False,2022-05-04,3,4.3
GUEST000214,Emma,Mueller,guest000214@email.com,Couple,France,Suite,False,2024-08-29,3,4.6
GUEST000215,Ahmed,Garcia,guest000215@email.com,Couple,Spain,Deluxe,True,2024-04-07,2,4.1
GUEST000216,Sophie,Mueller,guest000216@email.com,Leisure,Netherlands,Penthouse,True,2022-02-13,3,3.3
GUEST000217,Francesca,Johnson,guest000217@email.com,Leisure,Italy,Standard,True,2023-12-01,2,4.1
GUEST000218,Francesca,Garcia,guest000218@email.com,Business,Belgium,Penthouse,False,2024-04-22,3,4.7
GUEST000219,Ahmed,Weber,guest000219@email.com,Business,UK,Suite,False,2022-09-22,8,3.3
GUEST000220,Yuki,Johnson,guest000220@email.com,Leisure,Netherlands,Suite,False,2022-03-31,4,3.9
GUEST000221,Francesca,Martin,guest000221@email.com,Family,Italy,Deluxe,True,2023-02-11,2,3.7
GUEST000222,Marco,Schmidt,guest000222@email.com,Business,Germany,Family,True,2024-05-27,2,4.0
GUEST000223,Klaus,Martin,guest000223@email.com,Couple,Greece,Standard,False,2023-04-15,3,3.6
GUEST000224,John,Weber,guest000224@email.com,Solo Travel,Greece,Family,True,2023-08-25,11,3.9
GUEST000225,Marco,Zhang,guest000225@email.com,Business,Spain,Suite,False,2022-04-26,1,4.1
GUEST000226,Francesca,Mueller,guest000226@email.com,Solo Travel,Netherlands,Suite,True,2022-06-01,5,4.1
GUEST000227,Lucia,Weber,guest000227@email.com,Leisure,Netherlands,Penthouse,False,2023-08-20,2,4.0
GUEST000228,Maria,Johnson,guest000228@email.com,Leisure,Germany,Family,False,2023-07-31,1,3.1
GUEST000229,Maria,Brown,guest000229@email.com,Family,France,Standard,False,2024-06-07,2,3.6
GUEST000230,Marco,Schmidt,guest000230@email.com,Leisure,Germany,Penthouse,False,2024-06-17,6,4.3
GUEST000231,Francesca,Brown,guest000231@email.com,Leisure,Netherlands,Deluxe,True,2023-01-28,1,4.1
GUEST000232,Emma,Weber,guest000232@email.com,Leisure,Italy,Family,False,2023-09-16,3,4.0
GUEST000233,Emma,Smith,guest000233@email.com,Business,UK,Penthouse,False,2022-06-26,3,4.3
GUEST000234,Klaus,Zhang,guest000234@email.com,Leisure,Netherlands,Suite,True,2022-05-28,2,4.6
GUEST000235,Lucia,Weber,guest000235@email.com,Business,Greece,Penthouse,False,2023-11-29,1,4.3
GUEST000236,Francesca,Smith,guest000236@email.com,Couple,USA,Suite,False,2023-02-10,1,5.0
GUEST000237,Yuki,Garcia,guest000237@email.com,Family,Belgium,Deluxe,False,2022-02-20,1,4.4
GUEST000238,Emma,Brown,guest000238@email.com,Leisure,China,Deluxe,False,2024-07-07,3,4.2
GUEST000239,Yuki,Smith,guest000239@email.com,Leisure,Italy,Suite,False,2022-12-12,3,4.7
GUEST000240,Klaus,Brown,guest000240@email.com,Solo Travel,Germany,Family,False,2022-10-15,5,4.3
GUEST000241,Emma,Johnson,guest000241@email.com,Leisure,UK,Standard,True,2024-09-22,1,3.5
GUEST000242,Sophie,Mueller,guest000242@email.com,Business,China,Suite,False,2022-11-04,3,4.7
GUEST000243,Emma,Schmidt,guest000243@email.com,Family,Italy,Deluxe,False,2022-10-03,4,4.7
GUEST000244,Francesca,Weber,guest000244@email.com,Business,USA,Family,False,2023-10-24,1,4.8
GUEST000245,Maria,Garcia,guest000245@email.com,Business,Belgium,Suite,False,2023-03-29,4,3.9
GUEST000246,Sophie,Zhang,guest000246@email.com,Business,Greece,Family,False,2024-01-29,5,4.6
GUEST000247,Emma,Martin,guest000247@email.com,Business,Spain,Penthouse,False,2024-06-07,5,4.4
GUEST000248,Yuki,Smith,guest000248@email.com,Business,Italy,Standard,False,2023-06-12,1,4.5
GUEST000249,Ahmed,Johnson,guest000249@email.com,Family,China,Suite,False,2022-11-15,1,3.3
GUEST000250,Marco,Zhang,guest000250@email.com,Business,Italy,Deluxe,False,2022-05-19,4,4.3
GUEST000251,Marco,Weber,guest000251@email.com,Business,Germany,Deluxe,False,2022-01-30,2,3.8
GUEST000252,Ahmed,Garcia,guest000252@email.com,Couple,Spain,Suite,True,2024-06-15,3,3.7
GUEST000253,Sophie,Smith,guest000253@email.com,Couple,Greece,Standard,True,2022-09-13,1,4.0
GUEST000254,John,Rossi,guest000254@email.com,Couple,Greece,Deluxe,False,2022-02-21,3,3.5
GUEST000255,Yuki,Garcia,guest000255@email.com,Business,Germany,Deluxe,False,2022-10-08,6,4.3
GUEST000256,Yuki,Rossi,guest000256@email.com,Leisure,Italy,Deluxe,False,2023-06-02,1,4.9
GUEST000257,Francesca,Johnson,guest000257@email.com,Couple,Spain,Deluxe,False,2023-11-29,1,3.8
GUEST000258,John,Garcia,guest000258@email.com,Business,Netherlands,Deluxe,True,2023-01-17,4,4.1
GUEST000259,Emma,Weber,guest000259@email.com,Business,Germany,Standard,False,2023-04-02,9,4.1
GUEST000260,Ahmed,Rossi,guest000260@email.com,Leisure,Germany,Family,False,2023-08-24,8,4.3
GUEST000261,Marco,Schmidt,guest000261@email.com,Solo Travel,UK,Standard,False,2022-12-19,9,3.8
GUEST000262,Ahmed,Brown,guest000262@email.com,Business,Greece,Family,False,2024-02-06,4,4.4
GUEST000263,Maria,Brown,guest000263@email.com,Business,Italy,Penthouse,False,2022-01-29,4,4.2
GUEST000264,Francesca,Smith,guest000264@email.com,Leisure,USA,Family,False,2022-06-16,4,4.3
GUEST000265,Lucia,Garcia,guest000265@email.com,Business,USA,Family,False,2024-05-27,2,4.3
GUEST000266,Sophie,Garcia,guest000266@email.com,Couple,Belgium,Family,False,2023-11-25,1,3.8
GUEST000267,Sophie,Brown,guest000267@email.com,Leisure,France,Deluxe,True,2023-10-30,4,4.7
GUEST000268,Francesca,Martin,guest000268@email.com,Business,Italy,Penthouse,True,2022-01-21,2,4.2
GUEST000269,John,Rossi,guest000269@email.com,Solo Travel,France,Deluxe,False,2024-07-22,12,4.3
GUEST000270,Ahmed,Mueller,guest000270@email.com,Leisure,Greece,Family,True,2023-09-08,1,4.0
GUEST000271,John,Garcia,guest000271@email.com,Family,Greece,Deluxe,False,2022-09-16,1,3.7
GUEST000272,Lucia,Brown,guest000272@email.com,Solo Travel,Germany,Standard,True,2023-12-31,2,4.6
GUEST000273,Klaus,Zhang,guest000273@email.com,Leisure,China,Standard,False,2024-07-05,1,4.5
GUEST000274,Francesca,Schmidt,guest000274@email.com,Business,Netherlands,Standard,False,2023-04-16,5,4.4
GUEST000275,Klaus,Garcia,guest000275@email.com,Couple,Spain,Family,False,2023-04-23,1,4.1
GUEST000276,Klaus,Martin,guest000276@email.com,Leisure,USA,Standard,False,2024-04-24,3,4.3
GUEST000277,Lucia,Zhang,guest000277@email.com,Leisure,USA,Family,False,2023-08-22,7,4.5
GUEST000278,Maria,Smith,guest000278@email.com,Couple,Italy,Standard,True,2023-06-08,1,5.0
GUEST000279,Yuki,Martin,guest000279@email.com,Business,Spain,Suite,False,2023-10-25,9,3.9
GUEST000280,Lucia,Weber,guest000280@email.com,Business,Netherlands,Family,False,2022-10-17,9,5.0
GUEST000281,Klaus,Johnson,guest000281@email.com,Couple,France,Deluxe,False,2023-05-09,3,3.9
GUEST000282,Maria,Schmidt,guest000282@email.com,Family,Italy,Deluxe,False,2022-10-11,6,4.5
GUEST000283,Yuki,Brown,guest000283@email.com,Leisure,UK,Suite,False,2022-09-25,3,4.8
GUEST000284,Klaus,Garcia,guest000284@email.com,Solo Travel,China,Family,False,2022-06-03,1,4.5
GUEST000285,Marco,Garcia,guest000285@email.com,Family,Netherlands,Standard,False,2024-07-10,3,3.4
GUEST000286,John,Weber,guest000286@email.com,Couple,Netherlands,Penthouse,False,2023-02-18,3,3.8
GUEST000287,Yuki,Mueller,guest000287@email.com,Solo Travel,Germany,Deluxe,True,2024-01-09,2,4.7
GUEST000288,John,Rossi,guest000288@email.com,Leisure,Greece,Standard,False,2022-10-30,5,4.3
GUEST000289,Klaus,Zhang,guest000289@email.com,Couple,China,Standard,True,2023-02-19,10,4.2
GUEST000290,Francesca,Smith,guest000290@email.com,Leisure,Belgium,Deluxe,False,2023-08-21,1,4.4
GUEST000291,Lucia,Garcia,guest000291@email.com,Family,Netherlands,Family,False,2022-12-18,4,4.9
GUEST000292,Sophie,Martin,guest000292@email.com,Leisure,Germany,Deluxe,False,2023-10-16,1,3.7
GUEST000293,Emma,Schmidt,guest000293@email.com,Leisure,France,Standard,False,2023-06-04,5,4.4
GUEST000294,Klaus,Mueller,guest000294@email.com,Couple,France,Penthouse,False,2024-05-10,3,4.7
GUEST000295,Marco,Mueller,guest000295@email.com,Couple,USA,Deluxe,False,2022-10-28,6,4.0
GUEST000296,Maria,Rossi,guest000296@email.com,Leisure,Belgium,Penthouse,False,2022-05-12,4,4.3
GUEST000297,Klaus,Martin,guest000297@email.com,Business,Belgium,Suite,False,2024-02-21,3,2.7
GUEST000298,Ahmed,Schmidt,guest000298@email.com,Family,France,Penthouse,True,2023-11-02,1,5.0
GUEST000299,Maria,Garcia,guest000299@email.com,Leisure,Netherlands,Standard,False,2022-12-30,1,3.2
GUEST000300,Sophie,Brown,guest000300@email.com,Family,Germany,Standard,True,2023-03-07,8,4.6
GUEST000301,Yuki,Schmidt,guest000301@email.com,Business,Netherlands,Suite,True,2022-09-24,1,4.0
GUEST000302,Lucia,Brown,guest000302@email.com,Solo Travel,USA,Suite,False,2023-04-20,2,4.5
GUEST000303,Maria,Rossi,guest000303@email.com,Leisure,UK,Suite,True,2022-02-24,2,4.9
GUEST000304,Lucia,Weber,guest000304@email.com,Couple,France,Deluxe,True,2024-08-24,3,3.9
GUEST000305,Lucia,Johnson,guest000305@email.com,Business,UK,Family,False,2023-04-29,2,4.5
GUEST000306,Sophie,Martin,guest000306@email.com,Leisure,Spain,Suite,False,2022-05-03,2,4.0
GUEST000307,Francesca,Martin,guest000307@email.com,Family,Spain,Deluxe,False,2022-11-02,3,3.9
GUEST000308,Francesca,Smith,guest000308@email.com,Leisure,USA,Penthouse,False,2024-06-10,1,4.2
GUEST000309,Ahmed,Mueller,guest000309@email.com,Leisure,China,Penthouse,False,2022-07-25,1,4.7
GUEST000310,Yuki,Zhang,guest000310@email.com,Business,France,Family,False,2023-08-07,4,4.1
GUEST000311,Emma,Mueller,guest000311@email.com,Family,Belgium,Penthouse,False,2022-11-20,3,3.8
GUEST000312,Ahmed,Johnson,guest000312@email.com,Business,China,Family,False,2023-05-15,5,3.7
GUEST000313,Yuki,Mueller,guest000313@email.com,Leisure,USA,Standard,False,2022-11-17,2,4.3
GUEST000314,John,Smith,guest000314@email.com,Leisure,Netherlands,Standard,False,2023-04-08,9,3.3
GUEST000315,Klaus,Garcia,guest000315@email.com,Family,USA,Penthouse,True,2024-02-19,3,3.0
GUEST000316,Ahmed,Weber,guest000316@email.com,Solo Travel,Spain,Deluxe,False,2024-02-22,4,4.3
GUEST000317,Ahmed,Rossi,guest000317@email.com,Leisure,Greece,Deluxe,False,2024-03-15,6,4.6
GUEST000318,Maria,Mueller,guest000318@email.com,Business,China,Family,False,2023-09-22,6,3.9
GUEST000319,Francesca,Zhang,guest000319@email.com,Family,Italy,Standard,False,2023-02-18,2,3.0
GUEST000320,Francesca,Rossi,guest000320@email.com,Solo Travel,Greece,Suite,False,2023-01-28,1,4.3
GUEST000321,John,Smith,guest000321@email.com,Couple,Greece,Deluxe,False,2023-07-01,1,4.6
GUEST000322,Sophie,Schmidt,guest000322@email.com,Leisure,Greece,Suite,False,2024-08-30,2,4.5
GUEST000323,John,Schmidt,guest000323@email.com,Leisure,Spain,Penthouse,False,2024-02-15,4,4.3
GUEST000324,Marco,Garcia,guest000324@email.com,Family,Italy,Deluxe,False,2022-01-19,4,4.3
GUEST000325,John,Garcia,guest000325@email.com,Couple,Italy,Suite,False,2022-08-20,13,3.5
GUEST000326,Yuki,Brown,guest000326@email.com,Business,Greece,Standard,True,2022-05-13,2,4.5
GUEST000327,Maria,Zhang,guest000327@email.com,Business,Greece,Standard,False,2023-05-31,7,3.5
GUEST000328,Lucia,Brown,guest000328@email.com,Leisure,Germany,Standard,False,2022-06-21,2,4.5
GUEST000329,Maria,Smith,guest000329@email.com,Business,Italy,Family,False,2022-11-02,5,3.9
GUEST000330,Klaus,Rossi,guest000330@email.com,Couple,China,Penthouse,True,2024-01-16,1,4.4
GUEST000331,Marco,Weber,guest000331@email.com,Leisure,Netherlands,Standard,False,2023-06-21,1,3.5
GUEST000332,Yuki,Zhang,guest000332@email.com,Solo Travel,USA,Family,False,2024-06-28,5,4.2
GUEST000333,Ahmed,Schmidt,guest000333@email.com,Family,Belgium,Standard,False,2024-07-12,2,3.8
GUEST000334,Emma,Schmidt,guest000334@email.com,Leisure,Germany,Family,False,2024-02-08,4,3.9
GUEST000335,Sophie,Mueller,guest000335@email.com,Business,Italy,Suite,True,2024-08-28,10,3.9
GUEST000336,Francesca,Smith,guest000336@email.com,Leisure,France,Suite,False,2022-08-22,1,4.1
GUEST000337,Sophie,Mueller,guest000337@email.com,Business,UK,Suite,False,2022-08-05,4,3.4
GUEST000338,John,Weber,guest000338@email.com,Leisure,Germany,Penthouse,True,2023-06-01,1,4.7
GUEST000339,Ahmed,Johnson,guest000339@email.com,Leisure,USA,Suite,False,2023-01-11,7,4.4
GUEST000340,John,Zhang,guest000340@email.com,Family,Belgium,Penthouse,False,2024-06-16,1,3.5
GUEST000341,Klaus,Martin,guest000341@email.com,Leisure,Greece,Standard,False,2023-10-01,10,4.8
GUEST000342,John,Weber,guest000342@email.com,Business,China,Standard,False,2022-02-19,5,4.0
GUEST000343,Maria,Smith,guest000343@email.com,Leisure,France,Suite,True,2022-02-19,5,4.3
GUEST000344,Maria,Zhang,guest000344@email.com,Leisure,Netherlands,Suite,False,2023-03-31,3,4.3
GUEST000345,Francesca,Johnson,guest000345@email.com,Family,Netherlands,Deluxe,False,2023-07-15,1,4.3
GUEST000346,Klaus,Rossi,guest000346@email.com,Family,Greece,Standard,True,2023-12-20,1,4.1
GUEST000347,Ahmed,Garcia,guest000347@email.com,Solo Travel,Germany,Suite,True,2023-12-13,3,3.3
GUEST000348,John,Brown,guest000348@email.com,Leisure,Germany,Suite,False,2023-03-07,1,4.8
GUEST000349,Maria,Martin,guest000349@email.com,Couple,UK,Deluxe,False,2022-10-04,1,4.0
GUEST000350,Lucia,Weber,guest000350@email.com,Business,Belgium,Standard,False,2023-12-19,8,4.9
GUEST000351,Ahmed,Zhang,guest000351@email.com,Couple,Germany,Suite,False,2024-04-30,3,4.6
GUEST000352,Maria,Martin,guest000352@email.com,Leisure,France,Deluxe,False,2024-01-07,9,3.7
GUEST000353,Lucia,Johnson,guest000353@email.com,Business,Germany,Suite,False,2022-10-17,1,3.4
GUEST000354,Maria,Johnson,guest000354@email.com,Leisure,Spain,Family,True,2023-05-25,1,5.0
GUEST000355,Sophie,Weber,guest000355@email.com,Family,China,Deluxe,False,2022-07-24,8,4.2
GUEST000356,Klaus,Martin,guest000356@email.com,Couple,USA,Deluxe,False,2024-09-23,6,3.7
GUEST000357,Sophie,Schmidt,guest000357@email.com,Family,UK,Family,True,2023-12-22,2,4.2
GUEST000358,Francesca,Brown,guest000358@email.com,Leisure,USA,Penthouse,False,2022-06-14,6,3.4
GUEST000359,John,Martin,guest000359@email.com,Couple,Italy,Penthouse,False,2023-05-24,2,4.6
GUEST000360,Sophie,Rossi,guest000360@email.com,Couple,USA,Penthouse,False,2022-12-05,3,4.2
GUEST000361,Sophie,Smith,guest000361@email.com,Leisure,China,Standard,False,2022-01-14,4,4.3
GUEST000362,Maria,Johnson,guest000362@email.com,Family,Belgium,Standard,True,2024-05-05,4,4.3
GUEST000363,Lucia,Rossi,guest000363@email.com,Business,France,Penthouse,True,2022-06-02,1,4.7
GUEST000364,Maria,Martin,guest000364@email.com,Leisure,China,Standard,False,2022-03-18,2,4.7
GUEST000365,Maria,Brown,guest000365@email.com,Family,UK,Deluxe,False,2023-10-22,1,4.3
GUEST000366,Sophie,Rossi,guest000366@email.com,Family,Italy,Suite,False,2024-09-27,5,3.4
GUEST000367,Klaus,Brown,guest000367@email.com,Leisure,Belgium,Standard,False,2023-04-21,3,4.7
GUEST000368,John,Johnson,guest000368@email.com,Business,Germany,Deluxe,False,2024-04-12,7,4.7
GUEST000369,Ahmed,Smith,guest000369@email.com,Family,Greece,Penthouse,True,2024-05-22,2,4.4
GUEST000370,Klaus,Schmidt,guest000370@email.com,Business,USA,Deluxe,False,2024-03-31,1,3.8
GUEST000371,Yuki,Zhang,guest000371@email.com,Leisure,USA,Standard,True,2024-01-27,5,4.2
GUEST000372,Maria,Johnson,guest000372@email.com,Leisure,USA,Suite,False,2024-05-21,1,3.8
GUEST000373,John,Smith,guest000373@email.com,Business,Belgium,Standard,False,2024-05-22,7,4.0
GUEST000374,Ahmed,Mueller,guest000374@email.com,Leisure,Italy,Penthouse,True,2022-12-03,6,4.1
GUEST000375,Yuki,Rossi,guest000375@email.com,Couple,UK,Suite,True,2024-09-05,2,4.1
GUEST000376,Lucia,Brown,guest000376@email.com,Leisure,France,Family,False,2024-06-18,13,4.7
GUEST000377,Maria,Schmidt,guest000377@email.com,Leisure,China,Family,False,2024-04-14,3,3.7
GUEST000378,Yuki,Mueller,guest000378@email.com,Leisure,Spain,Suite,False,2022-04-27,2,3.9
GUEST000379,Francesca,Zhang,guest000379@email.com,Leisure,Netherlands,Suite,False,2024-09-12,2,4.4
GUEST000380,Emma,Brown,guest000380@email.com,Leisure,Germany,Penthouse,True,2024-05-05,1,4.4
GUEST000381,Francesca,Rossi,guest000381@email.com,Leisure,Belgium,Deluxe,False,2024-03-30,3,4.9
GUEST000382,Francesca,Mueller,guest000382@email.com,Couple,UK,Penthouse,True,2022-04-26,4,3.6
GUEST000383,Ahmed,Smith,guest000383@email.com,Leisure,Belgium,Family,False,2024-08-23,1,4.5
GUEST000384,Ahmed,Johnson,guest000384@email.com,Leisure,Netherlands,Family,False,2023-03-03,3,3.5
GUEST000385,Lucia,Rossi,guest000385@email.com,Couple,Netherlands,Penthouse,False,2024-04-01,1,3.9
GUEST000386,Lucia,Rossi,guest000386@email.com,Business,Germany,Family,False,2022-07-05,5,3.7
GUEST000387,Lucia,Zhang,guest000387@email.com,Leisure,Netherlands,Deluxe,True,2024-03-08,2,4.5
GUEST000388,Yuki,Weber,guest000388@email.com,Leisure,China,Standard,True,2022-01-30,9,4.2
GUEST000389,Ahmed,Rossi,guest000389@email.com,Family,Greece,Penthouse,False,2024-07-31,2,4.6
GUEST000390,Emma,Johnson,guest000390@email.com,Couple,Netherlands,Penthouse,False,2024-06-27,5,3.6
GUEST000391,Francesca,Rossi,guest000391@email.com,Couple,China,Family,False,2022-02-17,5,4.0
GUEST000392,Maria,Brown,guest000392@email.com,Leisure,China,Penthouse,False,2023-11-02,1,3.9
GUEST000393,Yuki,Smith,guest000393@email.com,Leisure,Spain,Deluxe,False,2023-12-23,2,4.2
GUEST000394,Marco,Weber,guest000394@email.com,Family,Italy,Penthouse,False,2024-01-12,6,3.5
GUEST000395,Lucia,Garcia,guest000395@email.com,Business,China,Penthouse,True,2024-09-05,1,4.6
GUEST000396,Yuki,Martin,guest000396@email.com,Couple,UK,Penthouse,False,2023-06-20,10,4.5
GUEST000397,Lucia,Johnson,guest000397@email.com,Couple,USA,Suite,False,2023-03-20,1,4.1
GUEST000398,Sophie,Rossi,guest000398@email.com,Business,Spain,Deluxe,False,2022-12-21,2,3.9
GUEST000399,Francesca,Mueller,guest000399@email.com,Business,Netherlands,Suite,False,2024-05-09,2,3.4
GUEST000400,Marco,Weber,guest000400@email.com,Business,UK,Suite,False,2022-02-25,1,3.5
GUEST000401,John,Mueller,guest000401@email.com,Leisure,UK,Suite,False,2023-06-02,2,3.5
GUEST000402,Emma,Rossi,guest000402@email.com,Solo Travel,Germany,Family,False,2024-06-09,2,4.3
GUEST000403,Ahmed,Johnson,guest000403@email.com,Solo Travel,Germany,Suite,False,2024-02-09,2,5.0
GUEST000404,Emma,Schmidt,guest000404@email.com,Family,Belgium,Deluxe,False,2022-09-04,5,4.2
GUEST000405,Yuki,Brown,guest000405@email.com,Couple,Greece,Family,True,2022-02-21,3,4.5
GUEST000406,Marco,Garcia,guest000406@email.com,Business,Germany,Standard,False,2023-07-18,4,4.2
GUEST000407,Francesca,Zhang,guest000407@email.com,Couple,China,Family,False,2024-04-16,3,2.9
GUEST000408,Sophie,Johnson,guest000408@email.com,Business,USA,Standard,True,2023-04-16,8,4.1
GUEST000409,Emma,Weber,guest000409@email.com,Leisure,Spain,Family,False,2023-04-04,1,4.2
GUEST000410,Maria,Rossi,guest000410@email.com,Business,France,Family,True,2023-04-03,4,4.0
GUEST000411,Yuki,Johnson,guest000411@email.com,Leisure,Spain,Suite,False,2023-05-25,2,4.3
GUEST000412,John,Johnson,guest000412@email.com,Leisure,USA,Family,False,2023-02-18,2,4.2
GUEST000413,Francesca,Smith,guest000413@email.com,Leisure,Greece,Deluxe,False,2023-07-25,1,3.9
GUEST000414,Marco,Smith,guest000414@email.com,Business,Germany,Suite,False,2024-04-25,1,4.1
GUEST000415,Maria,Weber,guest000415@email.com,Business,France,Penthouse,False,2024-09-13,13,4.5
GUEST000416,Lucia,Brown,guest000416@email.com,Business,Spain,Family,False,2024-06-30,2,3.6
GUEST000417,Marco,Martin,guest000417@email.com,Leisure,France,Penthouse,True,2022-07-31,7,4.6
GUEST000418,Emma,Schmidt,guest000418@email.com,Business,China,Deluxe,False,2023-01-08,1,5.0
GUEST000419,John,Garcia,guest000419@email.com,Family,Italy,Standard,False,2024-05-14,13,5.0
GUEST000420,Emma,Schmidt,guest000420@email.com,Leisure,Germany,Standard,True,2023-07-28,2,3.8
GUEST000421,Lucia,Weber,guest000421@email.com,Leisure,Spain,Standard,False,2023-04-30,2,4.8
GUEST000422,Yuki,Rossi,guest000422@email.com,Solo Travel,Belgium,Family,True,2022-04-27,3,4.3
GUEST000423,Maria,Garcia,guest000423@email.com,Leisure,Belgium,Family,False,2022-01-03,6,4.7
GUEST000424,Yuki,Schmidt,guest000424@email.com,Leisure,Italy,Family,False,2024-04-29,3,4.0
GUEST000425,Klaus,Martin,guest000425@email.com,Solo Travel,Greece,Standard,True,2023-06-19,3,4.0
GUEST000426,Yuki,Johnson,guest000426@email.com,Family,France,Family,False,2022-02-16,2,5.0
GUEST000427,Ahmed,Rossi,guest000427@email.com,Family,China,Family,True,2022-05-24,6,2.9
GUEST000428,Francesca,Johnson,guest000428@email.com,Solo Travel,China,Standard,False,2022-09-18,1,4.1
GUEST000429,Lucia,Garcia,guest000429@email.com,Solo Travel,Greece,Suite,False,2022-07-12,5,4.5
GUEST000430,Maria,Zhang,guest000430@email.com,Business,USA,Deluxe,False,2022-08-09,3,3.7
GUEST000431,Emma,Garcia,guest000431@email.com,Couple,Netherlands,Deluxe,True,2024-01-04,2,3.8
GUEST000432,Yuki,Johnson,guest000432@email.com,Leisure,Greece,Deluxe,True,2024-02-15,9,3.8
GUEST000433,Francesca,Smith,guest000433@email.com,Solo Travel,Spain,Suite,True,2024-08-06,8,3.1
GUEST000434,Lucia,Johnson,guest000434@email.com,Couple,Italy,Deluxe,False,2024-03-01,3,3.1
GUEST000435,Emma,Rossi,guest000435@email.com,Family,Germany,Penthouse,False,2023-11-06,2,4.8
GUEST000436,Lucia,Martin,guest000436@email.com,Business,Greece,Suite,False,2022-05-18,8,4.6
GUEST000437,Emma,Smith,guest000437@email.com,Leisure,USA,Family,True,2023-06-28,6,4.5
GUEST000438,John,Martin,guest000438@email.com,Business,Greece,Penthouse,True,2024-08-15,3,4.6
GUEST000439,Francesca,Weber,guest000439@email.com,Leisure,Greece,Suite,False,2023-05-10,2,3.9
GUEST000440,Marco,Mueller,guest000440@email.com,Couple,Netherlands,Penthouse,False,2023-12-10,6,4.4
GUEST000441,Lucia,Mueller,guest000441@email.com,Solo Travel,China,Deluxe,False,2024-01-19,5,3.8
GUEST000442,Ahmed,Johnson,guest000442@email.com,Leisure,UK,Suite,True,2023-02-01,2,4.1
GUEST000443,Lucia,Weber,guest000443@email.com,Leisure,Spain,Suite,False,2024-06-22,3,3.7
GUEST000444,Yuki,Martin,guest000444@email.com,Leisure,China,Penthouse,False,2024-06-21,5,4.5
GUEST000445,Francesca,Zhang,guest000445@email.com,Leisure,France,Deluxe,False,2023-09-16,4,3.2
GUEST000446,Sophie,Brown,guest000446@email.com,Leisure,UK,Deluxe,True,2023-02-12,1,4.5
GUEST000447,Yuki,Brown,guest000447@email.com,Leisure,Greece,Deluxe,False,2023-04-09,6,4.5
GUEST000448,Ahmed,Mueller,guest000448@email.com,Business,Belgium,Family,True,2023-02-27,2,4.1
GUEST000449,Lucia,Martin,guest000449@email.com,Leisure,Germany,Suite,True,2022-11-03,2,4.8
GUEST000450,Marco,Schmidt,guest000450@email.com,Couple,Netherlands,Suite,False,2023-12-30,6,4.6
GUEST000451,Marco,Garcia,guest000451@email.com,Couple,Greece,Suite,True,2022-07-25,4,3.3
GUEST000452,Sophie,Weber,guest000452@email.com,Couple,France,Family,False,2024-01-02,2,3.4
GUEST000453,Klaus,Schmidt,guest000453@email.com,Family,Greece,Standard,False,2024-08-01,9,4.7
GUEST000454,Ahmed,Mueller,guest000454@email.com,Couple,USA,Penthouse,False,2023-05-31,2,4.3
GUEST000455,Marco,Schmidt,guest000455@email.com,Leisure,Netherlands,Family,False,2023-12-29,4,3.3
GUEST000456,Maria,Schmidt,guest000456@email.com,Leisure,Italy,Family,False,2023-07-30,1,4.9
GUEST000457,Emma,Weber,guest000457@email.com,Couple,Spain,Suite,False,2023-08-08,3,4.6
GUEST000458,Francesca,Martin,guest000458@email.com,Business,USA,Penthouse,True,2022-10-20,12,3.8
GUEST000459,Francesca,Smith,guest000459@email.com,Business,Belgium,Suite,False,2023-06-20,5,4.2
GUEST000460,Maria,Smith,guest000460@email.com,Leisure,Italy,Deluxe,False,2023-01-26,5,4.1
GUEST000461,Ahmed,Smith,guest000461@email.com,Leisure,China,Family,False,2023-11-18,1,4.2
GUEST000462,John,Garcia,guest000462@email.com,Leisure,Italy,Family,True,2022-10-01,3,4.4
GUEST000463,Ahmed,Brown,guest000463@email.com,Business,USA,Standard,True,2023-12-01,3,4.7
GUEST000464,Klaus,Mueller,guest000464@email.com,Couple,China,Suite,False,2024-05-09,2,4.0
GUEST000465,John,Brown,guest000465@email.com,Couple,Greece,Deluxe,True,2022-07-28,6,4.5
GUEST000466,Marco,Smith,guest000466@email.com,Leisure,Spain,Penthouse,False,2023-01-03,5,4.1
GUEST000467,Emma,Johnson,guest000467@email.com,Couple,USA,Suite,True,2023-09-23,4,4.1
GUEST000468,Marco,Garcia,guest000468@email.com,Family,USA,Deluxe,False,2024-01-31,1,3.8
GUEST000469,Marco,Zhang,guest000469@email.com,Family,Germany,Family,False,2022-09-01,4,4.1
GUEST000470,Marco,Brown,guest000470@email.com,Business,UK,Suite,True,2023-12-11,4,3.8
GUEST000471,John,Zhang,guest000471@email.com,Family,France,Family,False,2023-02-01,9,4.1
GUEST000472,Francesca,Schmidt,guest000472@email.com,Leisure,Italy,Suite,False,2024-09-16,2,4.1
GUEST000473,Marco,Smith,guest000473@email.com,Couple,China,Deluxe,False,2022-01-14,1,3.8
GUEST000474,Klaus,Garcia,guest000474@email.com,Leisure,France,Penthouse,True,2023-09-28,3,3.7
GUEST000475,Emma,Garcia,guest000475@email.com,Family,UK,Suite,True,2024-07-22,2,3.1
GUEST000476,Yuki,Weber,guest000476@email.com,Leisure,UK,Deluxe,False,2023-07-14,1,3.9
GUEST000477,Lucia,Garcia,guest000477@email.com,Couple,Italy,Family,False,2024-03-05,7,4.3
GUEST000478,Sophie,Brown,guest000478@email.com,Leisure,Netherlands,Deluxe,True,2023-04-05,3,4.0
GUEST000479,Ahmed,Johnson,guest000479@email.com,Leisure,Netherlands,Family,True,2022-07-11,7,4.8
GUEST000480,Ahmed,Martin,guest000480@email.com,Family,France,Family,True,2022-05-03,1,4.3
GUEST000481,Francesca,Smith,guest000481@email.com,Couple,Spain,Suite,False,2023-03-15,2,3.8
GUEST000482,Klaus,Martin,guest000482@email.com,Solo Travel,UK,Standard,False,2022-09-28,4,4.6
GUEST000483,Ahmed,Mueller,guest000483@email.com,Family,Greece,Suite,False,2023-08-22,1,3.6
GUEST000484,Klaus,Smith,guest000484@email.com,Leisure,Italy,Standard,True,2022-12-05,1,4.5
GUEST000485,Emma,Mueller,guest000485@email.com,Leisure,Belgium,Deluxe,False,2022-02-10,1,3.8
GUEST000486,Ahmed,Schmidt,guest000486@email.com,Business,UK,Family,False,2023-09-04,1,4.1
GUEST000487,John,Weber,guest000487@email.com,Business,USA,Penthouse,False,2024-05-13,2,3.7
GUEST000488,Klaus,Rossi,guest000488@email.com,Leisure,Belgium,Deluxe,False,2024-03-19,1,3.7
GUEST000489,Lucia,Martin,guest000489@email.com,Leisure,UK,Deluxe,False,2023-01-02,4,3.7
GUEST000490,Maria,Schmidt,guest000490@email.com,Family,France,Deluxe,True,2023-06-23,3,3.8
GUEST000491,Sophie,Mueller,guest000491@email.com,Leisure,Spain,Family,False,2023-06-18,6,3.9
GUEST000492,Maria,Martin,guest000492@email.com,Business,USA,Penthouse,True,2022-06-13,1,4.5
GUEST000493,Francesca,Martin,guest000493@email.com,Business,USA,Deluxe,False,2023-07-04,7,4.6
GUEST000494,Francesca,Johnson,guest000494@email.com,Leisure,France,Suite,True,2022-12-24,1,4.7
GUEST000495,Sophie,Garcia,guest000495@email.com,Leisure,Italy,Family,False,2023-11-11,4,3.7
GUEST000496,Yuki,Schmidt,guest000496@email.com,Business,Germany,Penthouse,False,2023-01-05,3,3.3
GUEST000497,Klaus,Garcia,guest000497@email.com,Leisure,Germany,Penthouse,True,2024-08-31,12,3.6
GUEST000498,Lucia,Martin,guest000498@email.com,Leisure,Belgium,Suite,False,2023-05-02,1,3.6
GUEST000499,Marco,Smith,guest000499@email.com,Family,Belgium,Family,False,2022-04-28,6,3.6
GUEST000500,Yuki,Rossi,guest000500@email.com,Family,USA,Deluxe,True,2022-09-04,14,4.0
GUEST000501,Lucia,Weber,guest000501@email.com,Business,Belgium,Deluxe,False,2022-09-07,1,4.0
GUEST000502,John,Schmidt,guest000502@email.com,Couple,USA,Penthouse,False,2023-01-26,13,3.7
GUEST000503,Maria,Zhang,guest000503@email.com,Couple,France,Deluxe,False,2022-09-20,2,4.8
GUEST000504,Marco,Brown,guest000504@email.com,Business,USA,Suite,True,2022-01-26,1,4.3
GUEST000505,Marco,Schmidt,guest000505@email.com,Business,Italy,Deluxe,False,2023-06-11,1,3.8
GUEST000506,Marco,Rossi,guest000506@email.com,Business,USA,Deluxe,False,2023-05-14,3,2.6
GUEST000507,John,Brown,guest000507@email.com,Leisure,UK,Deluxe,True,2024-07-08,1,3.7
GUEST000508,Sophie,Schmidt,guest000508@email.com,Business,Netherlands,Family,False,2023-06-11,2,4.0
GUEST000509,Maria,Johnson,guest000509@email.com,Family,China,Deluxe,True,2022-06-21,4,4.0
GUEST000510,Marco,Martin,guest000510@email.com,Family,Belgium,Deluxe,True,2022-01-08,3,4.1
GUEST000511,Maria,Garcia,guest000511@email.com,Leisure,Belgium,Family,True,2023-11-18,3,4.4
GUEST000512,Sophie,Zhang,guest000512@email.com,Leisure,Germany,Standard,False,2024-05-05,4,4.4
GUEST000513,Maria,Garcia,guest000513@email.com,Leisure,Germany,Standard,False,2023-07-05,1,4.3
GUEST000514,Francesca,Johnson,guest000514@email.com,Leisure,Spain,Penthouse,True,2024-02-04,1,4.7
GUEST000515,Ahmed,Smith,guest000515@email.com,Family,Germany,Deluxe,False,2023-04-16,1,3.7
GUEST000516,Yuki,Smith,guest000516@email.com,Leisure,France,Standard,False,2022-03-31,6,4.7
GUEST000517,Maria,Smith,guest000517@email.com,Family,China,Suite,True,2022-07-02,5,3.8
GUEST000518,Klaus,Martin,guest000518@email.com,Leisure,China,Family,False,2022-03-14,4,4.0
GUEST000519,Lucia,Garcia,guest000519@email.com,Leisure,Italy,Family,False,2024-07-21,2,3.2
GUEST000520,Klaus,Zhang,guest000520@email.com,Couple,Italy,Suite,True,2023-02-02,7,4.2
GUEST000521,Emma,Zhang,guest000521@email.com,Business,UK,Standard,False,2023-03-20,1,4.3
GUEST000522,Yuki,Smith,guest000522@email.com,Couple,China,Deluxe,False,2023-02-03,2,4.7
GUEST000523,Maria,Martin,guest000523@email.com,Business,Italy,Standard,False,2022-01-07,1,4.9
GUEST000524,Lucia,Johnson,guest000524@email.com,Couple,UK,Family,False,2024-02-14,6,3.0
GUEST000525,Lucia,Smith,guest000525@email.com,Leisure,Greece,Standard,False,2023-12-19,6,5.0
GUEST000526,Maria,Schmidt,guest000526@email.com,Leisure,UK,Penthouse,False,2024-08-08,4,4.6
GUEST000527,Marco,Johnson,guest000527@email.com,Family,Belgium,Family,False,2022-10-24,16,4.3
GUEST000528,Klaus,Weber,guest000528@email.com,Family,Belgium,Family,False,2022-03-30,3,4.1
GUEST000529,Klaus,Rossi,guest000529@email.com,Couple,UK,Family,False,2023-01-26,3,3.7
GUEST000530,Francesca,Smith,guest000530@email.com,Leisure,Belgium,Family,False,2023-05-01,6,3.7
GUEST000531,Ahmed,Martin,guest000531@email.com,Solo Travel,Italy,Suite,False,2022-08-14,6,4.2
GUEST000532,Ahmed,Zhang,guest000532@email.com,Family,France,Standard,False,2024-03-26,7,3.9
GUEST000533,Marco,Brown,guest000533@email.com,Couple,France,Suite,False,2024-09-10,18,4.7
GUEST000534,Ahmed,Brown,guest000534@email.com,Leisure,UK,Penthouse,False,2023-11-25,4,4.6
GUEST000535,Yuki,Smith,guest000535@email.com,Solo Travel,Belgium,Penthouse,False,2023-07-21,2,3.7
GUEST000536,Marco,Mueller,guest000536@email.com,Couple,Netherlands,Suite,False,2022-05-07,3,5.0
GUEST000537,John,Smith,guest000537@email.com,Couple,Germany,Family,False,2023-08-10,2,4.1
GUEST000538,Lucia,Zhang,guest000538@email.com,Business,UK,Family,False,2023-07-05,2,4.9
GUEST000539,Marco,Johnson,guest000539@email.com,Leisure,Spain,Standard,False,2022-11-09,2,3.8
GUEST000540,Sophie,Schmidt,guest000540@email.com,Family,China,Standard,False,2022-08-05,4,5.0
GUEST000541,Francesca,Martin,guest000541@email.com,Solo Travel,Belgium,Deluxe,False,2022-05-26,3,3.3
GUEST000542,Ahmed,Mueller,guest000542@email.com,Leisure,Greece,Family,False,2022-08-15,1,4.9
GUEST000543,Lucia,Brown,guest000543@email.com,Family,China,Deluxe,True,2022-07-18,1,3.8
GUEST000544,Maria,Mueller,guest000544@email.com,Business,Spain,Suite,True,2023-11-19,3,4.1
GUEST000545,Lucia,Smith,guest000545@email.com,Family,Belgium,Deluxe,True,2024-05-21,7,4.7
GUEST000546,Marco,Rossi,guest000546@email.com,Leisure,USA,Standard,False,2023-10-23,2,4.3
GUEST000547,Marco,Johnson,guest000547@email.com,Leisure,Belgium,Family,True,2022-10-25,2,3.5
GUEST000548,Maria,Brown,guest000548@email.com,Business,Greece,Deluxe,False,2022-04-11,2,3.7
GUEST000549,Sophie,Weber,guest000549@email.com,Leisure,Spain,Suite,False,2023-05-14,3,4.3
GUEST000550,Yuki,Schmidt,guest000550@email.com,Leisure,USA,Family,False,2022-05-12,1,4.4
GUEST000551,Sophie,Johnson,guest000551@email.com,Solo Travel,USA,Family,False,2022-10-19,1,4.1
GUEST000552,Lucia,Johnson,guest000552@email.com,Family,USA,Family,True,2024-07-10,3,3.7
GUEST000553,Sophie,Schmidt,guest000553@email.com,Solo Travel,China,Penthouse,False,2023-05-13,6,4.1
GUEST000554,Emma,Schmidt,guest000554@email.com,Business,France,Standard,False,2023-09-24,1,3.5
GUEST000555,Klaus,Weber,guest000555@email.com,Business,China,Deluxe,False,2022-06-06,3,4.5
GUEST000556,Lucia,Weber,guest000556@email.com,Leisure,UK,Standard,False,2023-01-09,1,4.2
GUEST000557,Yuki,Zhang,guest000557@email.com,Business,Italy,Penthouse,False,2022-06-22,3,4.5
GUEST000558,John,Schmidt,guest000558@email.com,Business,UK,Suite,False,2022-09-10,1,3.6
GUEST000559,Sophie,Zhang,guest000559@email.com,Leisure,China,Penthouse,False,2022-10-11,7,3.8
GUEST000560,Yuki,Mueller,guest000560@email.com,Leisure,UK,Penthouse,True,2023-11-27,3,3.9
GUEST000561,Yuki,Rossi,guest000561@email.com,Leisure,UK,Standard,False,2023-04-19,10,5.0
GUEST000562,Emma,Schmidt,guest000562@email.com,Business,Spain,Standard,True,2024-03-04,1,4.5
GUEST000563,Klaus,Rossi,guest000563@email.com,Business,Netherlands,Standard,True,2023-07-19,1,4.8
GUEST000564,Maria,Mueller,guest000564@email.com,Business,Germany,Suite,True,2023-10-24,4,4.7
GUEST000565,Lucia,Johnson,guest000565@email.com,Family,Belgium,Family,False,2024-05-11,1,4.2
GUEST000566,Klaus,Mueller,guest000566@email.com,Solo Travel,Italy,Penthouse,True,2024-07-01,1,4.4
GUEST000567,Marco,Garcia,guest000567@email.com,Business,Germany,Deluxe,False,2022-09-27,1,4.8
GUEST000568,Maria,Johnson,guest000568@email.com,Leisure,Belgium,Suite,False,2024-07-02,2,3.9
GUEST000569,John,Martin,guest000569@email.com,Family,China,Penthouse,True,2023-10-09,2,4.4
GUEST000570,John,Weber,guest000570@email.com,Business,China,Suite,False,2023-08-16,4,4.2
GUEST000571,Francesca,Weber,guest000571@email.com,Leisure,Greece,Suite,False,2022-08-06,1,4.4
GUEST000572,John,Martin,guest000572@email.com,Leisure,China,Penthouse,False,2022-09-24,3,4.6
GUEST000573,Marco,Martin,guest000573@email.com,Business,UK,Family,False,2023-04-29,1,4.5
GUEST000574,Ahmed,Schmidt,guest000574@email.com,Leisure,USA,Standard,False,2023-02-06,2,5.0
GUEST000575,Sophie,Weber,guest000575@email.com,Leisure,Italy,Suite,False,2024-01-21,3,4.1
GUEST000576,Klaus,Mueller,guest000576@email.com,Business,USA,Standard,True,2023-04-21,2,4.5
GUEST000577,Marco,Martin,guest000577@email.com,Business,Spain,Suite,False,2022-04-03,1,3.9
GUEST000578,Francesca,Schmidt,guest000578@email.com,Family,Belgium,Penthouse,False,2023-05-30,5,4.2
GUEST000579,John,Garcia,guest000579@email.com,Family,Greece,Family,True,2024-05-18,2,4.4
GUEST000580,Lucia,Mueller,guest000580@email.com,Leisure,Germany,Standard,False,2024-02-15,2,5.0
GUEST000581,Marco,Mueller,guest000581@email.com,Family,Germany,Suite,True,2023-04-02,2,4.3
GUEST000582,Ahmed,Mueller,guest000582@email.com,Leisure,Spain,Penthouse,True,2023-08-03,4,3.8
GUEST000583,Lucia,Mueller,guest000583@email.com,Leisure,Greece,Family,True,2024-01-24,3,4.7
GUEST000584,Emma,Schmidt,guest000584@email.com,Couple,Belgium,Suite,True,2022-02-11,2,3.5
GUEST000585,Sophie,Rossi,guest000585@email.com,Business,Spain,Deluxe,False,2022-08-26,3,3.4
GUEST000586,Maria,Brown,guest000586@email.com,Family,Italy,Deluxe,False,2023-01-14,4,5.0
GUEST000587,Sophie,Smith,guest000587@email.com,Leisure,Spain,Family,False,2023-11-16,3,4.7
GUEST000588,Sophie,Martin,guest000588@email.com,Leisure,Netherlands,Family,True,2024-07-18,2,4.0
GUEST000589,Yuki,Zhang,guest000589@email.com,Leisure,USA,Penthouse,False,2023-04-26,4,4.4
GUEST000590,Emma,Smith,guest000590@email.com,Solo Travel,Netherlands,Penthouse,True,2022-02-10,7,4.3
GUEST000591,Yuki,Johnson,guest000591@email.com,Business,Belgium,Penthouse,True,2023-12-22,8,3.3
GUEST000592,Marco,Brown,guest000592@email.com,Solo Travel,Belgium,Family,False,2024-05-04,4,3.7
GUEST000593,Klaus,Weber,guest000593@email.com,Solo Travel,Italy,Penthouse,False,2023-07-12,2,4.5
GUEST000594,Lucia,Mueller,guest000594@email.com,Family,Germany,Family,False,2023-01-21,1,4.6
GUEST000595,Francesca,Schmidt,guest000595@email.com,Family,Netherlands,Family,True,2023-08-25,3,3.9
GUEST000596,Maria,Martin,guest000596@email.com,Family,USA,Suite,False,2022-09-15,1,3.3
GUEST000597,Francesca,Garcia,guest000597@email.com,Leisure,Spain,Standard,False,2023-06-13,5,3.4
GUEST000598,Francesca,Schmidt,guest000598@email.com,Business,China,Suite,True,2024-04-16,2,3.6
GUEST000599,Yuki,Rossi,guest000599@email.com,Couple,Netherlands,Standard,False,2024-03-22,6,4.4
GUEST000600,Emma,Weber,guest000600@email.com,Business,Spain,Deluxe,False,2022-01-07,4,4.5
GUEST000601,Marco,Mueller,guest000601@email.com,Leisure,Greece,Suite,False,2023-03-27,1,4.7
GUEST000602,Ahmed,Garcia,guest000602@email.com,Couple,UK,Deluxe,True,2022-03-20,4,3.9
GUEST000603,Marco,Brown,guest000603@email.com,Business,Spain,Suite,False,2022-08-05,2,4.7
GUEST000604,Ahmed,Mueller,guest000604@email.com,Family,France,Suite,False,2022-06-11,1,4.6
GUEST000605,Yuki,Weber,guest000605@email.com,Business,Greece,Suite,True,2024-01-05,1,4.5
GUEST000606,Maria,Garcia,guest000606@email.com,Family,Greece,Deluxe,False,2023-03-01,3,4.0
GUEST000607,Yuki,Johnson,guest000607@email.com,Leisure,Greece,Suite,False,2023-05-09,12,3.8
GUEST000608,Emma,Rossi,guest000608@email.com,Family,Greece,Family,False,2022-08-04,1,3.0
GUEST000609,Lucia,Mueller,guest000609@email.com,Leisure,Germany,Suite,False,2023-10-25,3,3.7
GUEST000610,Francesca,Smith,guest000610@email.com,Solo Travel,Belgium,Deluxe,False,2022-09-07,2,3.8
GUEST000611,John,Mueller,guest000611@email.com,Business,France,Standard,True,2023-08-11,1,4.3
GUEST000612,Lucia,Mueller,guest000612@email.com,Business,Germany,Penthouse,True,2022-05-18,1,3.4
GUEST000613,Marco,Smith,guest000613@email.com,Leisure,Spain,Suite,True,2024-07-01,1,4.7
GUEST000614,Lucia,Mueller,guest000614@email.com,Leisure,USA,Penthouse,False,2022-02-27,1,5.0
GUEST000615,Ahmed,Brown,guest000615@email.com,Couple,Netherlands,Standard,True,2024-08-02,1,4.8
GUEST000616,Ahmed,Martin,guest000616@email.com,Leisure,Belgium,Penthouse,True,2024-09-08,1,4.6
GUEST000617,Francesca,Weber,guest000617@email.com,Leisure,USA,Standard,False,2024-09-19,1,4.4
GUEST000618,Lucia,Smith,guest000618@email.com,Business,China,Suite,True,2024-06-18,4,4.5
GUEST000619,Klaus,Johnson,guest000619@email.com,Solo Travel,Greece,Standard,True,2022-08-10,3,3.6
GUEST000620,Emma,Weber,guest000620@email.com,Family,Netherlands,Standard,False,2023-04-28,8,3.5
GUEST000621,Emma,Mueller,guest000621@email.com,Business,Germany,Deluxe,True,2022-08-13,1,4.8
GUEST000622,Francesca,Weber,guest000622@email.com,Leisure,USA,Suite,False,2022-05-27,3,4.0
GUEST000623,Lucia,Mueller,guest000623@email.com,Couple,Italy,Suite,True,2023-10-01,3,4.5
GUEST000624,Marco,Brown,guest000624@email.com,Leisure,Netherlands,Standard,False,2022-06-21,2,3.3
GUEST000625,Yuki,Rossi,guest000625@email.com,Couple,USA,Deluxe,False,2023-09-03,1,3.5
GUEST000626,Lucia,Johnson,guest000626@email.com,Couple,France,Suite,True,2022-08-24,2,3.9
GUEST000627,Francesca,Zhang,guest000627@email.com,Business,Spain,Suite,False,2022-05-16,1,3.9
GUEST000628,Maria,Smith,guest000628@email.com,Leisure,France,Penthouse,False,2022-07-27,3,3.6
GUEST000629,Marco,Martin,guest000629@email.com,Couple,Germany,Deluxe,True,2023-12-02,2,4.4
GUEST000630,Francesca,Mueller,guest000630@email.com,Business,Spain,Suite,False,2023-09-13,1,3.9
GUEST000631,Maria,Mueller,guest000631@email.com,Couple,Greece,Family,False,2023-05-03,1,4.2
GUEST000632,Lucia,Weber,guest000632@email.com,Family,China,Deluxe,False,2022-02-09,5,3.6
GUEST000633,Marco,Martin,guest000633@email.com,Solo Travel,Greece,Standard,False,2024-02-10,12,4.2
GUEST000634,Maria,Johnson,guest000634@email.com,Couple,France,Suite,False,2023-05-09,1,5.0
GUEST000635,Ahmed,Weber,guest000635@email.com,Leisure,China,Standard,False,2023-07-07,1,3.8
GUEST000636,John,Zhang,guest000636@email.com,Leisure,Greece,Deluxe,True,2023-06-19,1,4.2
GUEST000637,Francesca,Schmidt,guest000637@email.com,Solo Travel,Greece,Family,True,2024-06-14,2,4.0
GUEST000638,John,Martin,guest000638@email.com,Solo Travel,Italy,Penthouse,False,2023-03-16,3,4.3
GUEST000639,Sophie,Rossi,guest000639@email.com,Business,Germany,Standard,False,2024-03-19,8,4.3
GUEST000640,Francesca,Schmidt,guest000640@email.com,Couple,Italy,Standard,False,2023-08-27,2,4.6
GUEST000641,Lucia,Johnson,guest000641@email.com,Family,Italy,Deluxe,True,2023-03-12,3,4.0
GUEST000642,Ahmed,Brown,guest000642@email.com,Business,Netherlands,Suite,True,2023-05-04,2,4.8
GUEST000643,Sophie,Johnson,guest000643@email.com,Family,Spain,Standard,False,2022-10-18,5,3.8
GUEST000644,Lucia,Martin,guest000644@email.com,Leisure,Netherlands,Deluxe,False,2023-02-23,3,4.5
GUEST000645,Klaus,Garcia,guest000645@email.com,Leisure,Belgium,Family,True,2022-01-06,4,4.0
GUEST000646,John,Weber,guest000646@email.com,Family,USA,Standard,True,2023-06-20,1,4.1
GUEST000647,Maria,Martin,guest000647@email.com,Leisure,Greece,Penthouse,False,2022-01-08,2,4.6
GUEST000648,Francesca,Garcia,guest000648@email.com,Leisure,Greece,Penthouse,False,2023-12-06,3,3.9
GUEST000649,Yuki,Zhang,guest000649@email.com,Family,USA,Penthouse,False,2023-01-06,1,3.7
GUEST000650,Maria,Mueller,guest000650@email.com,Leisure,Greece,Standard,False,2023-03-13,1,4.7
GUEST000651,Lucia,Brown,guest000651@email.com,Business,France,Suite,True,2022-09-25,2,3.4
GUEST000652,Marco,Zhang,guest000652@email.com,Couple,Netherlands,Family,False,2023-08-02,4,4.2
GUEST000653,Yuki,Weber,guest000653@email.com,Leisure,Greece,Deluxe,False,2022-10-10,1,4.3
GUEST000654,Francesca,Garcia,guest000654@email.com,Leisure,Greece,Suite,False,2023-02-28,6,4.6
GUEST000655,Marco,Martin,guest000655@email.com,Leisure,France,Family,False,2023-05-10,3,4.6
GUEST000656,Ahmed,Schmidt,guest000656@email.com,Couple,Greece,Standard,True,2023-07-27,1,4.5
GUEST000657,Marco,Rossi,guest000657@email.com,Leisure,Spain,Penthouse,False,2022-09-17,3,5.0
GUEST000658,Klaus,Weber,guest000658@email.com,Business,Netherlands,Deluxe,False,2022-12-19,2,4.1
GUEST000659,Francesca,Mueller,guest000659@email.com,Business,France,Suite,False,2024-05-25,4,4.2
GUEST000660,Maria,Garcia,guest000660@email.com,Leisure,Netherlands,Family,False,2023-04-03,3,4.5
GUEST000661,Ahmed,Johnson,guest000661@email.com,Family,Netherlands,Penthouse,True,2022-08-08,1,4.6
GUEST000662,Marco,Zhang,guest000662@email.com,Couple,Germany,Family,False,2024-03-15,9,3.6
GUEST000663,Yuki,Martin,guest000663@email.com,Leisure,Spain,Deluxe,False,2023-09-21,2,4.4
GUEST000664,John,Mueller,guest000664@email.com,Leisure,France,Deluxe,False,2023-02-03,6,4.1
GUEST000665,John,Johnson,guest000665@email.com,Leisure,UK,Suite,False,2024-04-23,7,4.2
GUEST000666,Ahmed,Rossi,guest000666@email.com,Couple,UK,Deluxe,False,2024-08-06,5,4.1
GUEST000667,Lucia,Zhang,guest000667@email.com,Business,UK,Penthouse,True,2022-04-01,3,4.5
GUEST000668,Maria,Brown,guest000668@email.com,Family,Netherlands,Penthouse,False,2022-08-16,10,4.5
GUEST000669,Yuki,Johnson,guest000669@email.com,Family,China,Family,True,2023-09-16,3,4.5
GUEST000670,John,Zhang,guest000670@email.com,Leisure,Italy,Family,True,2024-08-11,4,4.5
GUEST000671,Francesca,Weber,guest000671@email.com,Family,Belgium,Family,False,2023-11-03,1,4.4
GUEST000672,Marco,Brown,guest000672@email.com,Business,UK,Suite,False,2023-12-30,3,3.9
GUEST000673,Lucia,Smith,guest000673@email.com,Leisure,Spain,Deluxe,False,2024-08-26,3,4.5
GUEST000674,Ahmed,Rossi,guest000674@email.com,Business,Netherlands,Family,False,2023-03-26,6,3.9
GUEST000675,John,Garcia,guest000675@email.com,Family,China,Penthouse,True,2024-05-20,1,4.1
GUEST000676,Marco,Brown,guest000676@email.com,Leisure,Netherlands,Penthouse,False,2022-07-19,2,4.6
GUEST000677,John,Weber,guest000677@email.com,Solo Travel,Netherlands,Standard,False,2023-06-07,1,4.8
GUEST000678,Marco,Garcia,guest000678@email.com,Leisure,China,Penthouse,True,2023-09-22,2,3.6
GUEST000679,Ahmed,Smith,guest000679@email.com,Leisure,Germany,Family,True,2023-01-04,6,3.8
GUEST000680,Sophie,Smith,guest000680@email.com,Leisure,France,Deluxe,True,2024-09-26,3,3.9
GUEST000681,Ahmed,Johnson,guest000681@email.com,Business,Germany,Standard,True,2022-10-10,6,4.8
GUEST000682,Francesca,Schmidt,guest000682@email.com,Leisure,Greece,Penthouse,True,2023-11-17,2,4.1
GUEST000683,Francesca,Zhang,guest000683@email.com,Leisure,China,Deluxe,False,2023-08-24,2,4.1
GUEST000684,Sophie,Martin,guest000684@email.com,Business,France,Standard,False,2022-01-16,11,3.8
GUEST000685,Maria,Johnson,guest000685@email.com,Couple,Spain,Standard,True,2023-07-17,3,3.6
GUEST000686,Klaus,Martin,guest000686@email.com,Couple,China,Standard,True,2024-07-25,2,2.8
GUEST000687,Lucia,Schmidt,guest000687@email.com,Business,Germany,Standard,False,2022-12-22,1,4.1
GUEST000688,Klaus,Garcia,guest000688@email.com,Business,Spain,Suite,True,2023-09-13,5,4.0
GUEST000689,Sophie,Rossi,guest000689@email.com,Solo Travel,Germany,Penthouse,False,2024-08-10,4,4.0
GUEST000690,Francesca,Weber,guest000690@email.com,Business,Belgium,Penthouse,False,2022-01-05,1,4.7
GUEST000691,Klaus,Mueller,guest000691@email.com,Family,Belgium,Penthouse,False,2023-02-21,6,5.0
GUEST000692,Marco,Johnson,guest000692@email.com,Leisure,UK,Family,False,2023-07-27,2,4.1
GUEST000693,Maria,Martin,guest000693@email.com,Business,Netherlands,Penthouse,True,2022-10-29,2,3.6
GUEST000694,Yuki,Johnson,guest000694@email.com,Solo Travel,Spain,Penthouse,True,2024-04-02,1,4.1
GUEST000695,Marco,Brown,guest000695@email.com,Couple,France,Penthouse,False,2024-06-16,1,3.4
GUEST000696,Marco,Weber,guest000696@email.com,Business,Belgium,Family,False,2022-09-14,4,3.8
GUEST000697,Emma,Zhang,guest000697@email.com,Family,UK,Penthouse,False,2023-07-31,1,3.9
GUEST000698,Emma,Garcia,guest000698@email.com,Couple,Netherlands,Family,False,2024-02-15,1,2.8
GUEST000699,Yuki,Rossi,guest000699@email.com,Family,USA,Suite,True,2023-11-29,5,4.1
GUEST000700,Emma,Weber,guest000700@email.com,Leisure,UK,Deluxe,False,2024-06-01,13,4.2
GUEST000701,John,Rossi,guest000701@email.com,Family,Spain,Family,False,2022-04-30,2,4.1
GUEST000702,Klaus,Johnson,guest000702@email.com,Couple,Germany,Suite,False,2023-01-27,1,4.9
GUEST000703,Sophie,Garcia,guest000703@email.com,Leisure,Belgium,Family,False,2024-03-30,1,3.8
GUEST000704,Yuki,Zhang,guest000704@email.com,Solo Travel,France,Penthouse,True,2024-09-05,2,3.7
GUEST000705,Yuki,Martin,guest000705@email.com,Family,Greece,Suite,True,2023-07-03,3,5.0
GUEST000706,John,Brown,guest000706@email.com,Leisure,Greece,Suite,False,2022-09-12,3,4.7
GUEST000707,Klaus,Johnson,guest000707@email.com,Business,Spain,Suite,False,2023-02-13,6,3.1
GUEST000708,Yuki,Johnson,guest000708@email.com,Leisure,France,Family,False,2023-07-22,5,3.9
GUEST000709,Ahmed,Rossi,guest000709@email.com,Family,Germany,Standard,False,2022-11-18,2,4.5
GUEST000710,Yuki,Garcia,guest000710@email.com,Business,China,Penthouse,True,2024-07-04,6,4.4
GUEST000711,Lucia,Brown,guest000711@email.com,Leisure,USA,Standard,False,2022-07-07,6,3.7
GUEST000712,Sophie,Rossi,guest000712@email.com,Business,France,Family,False,2024-01-25,2,3.9
GUEST000713,Sophie,Garcia,guest000713@email.com,Business,USA,Family,False,2024-01-24,6,4.2
GUEST000714,Sophie,Brown,guest000714@email.com,Leisure,Italy,Penthouse,False,2022-07-31,1,4.1
GUEST000715,Sophie,Garcia,guest000715@email.com,Leisure,UK,Penthouse,True,2024-05-04,4,3.8
GUEST000716,Sophie,Weber,guest000716@email.com,Business,Belgium,Standard,False,2022-12-31,1,3.9
GUEST000717,Ahmed,Johnson,guest000717@email.com,Leisure,Spain,Suite,True,2022-05-03,5,4.1
GUEST000718,Maria,Rossi,guest000718@email.com,Leisure,Netherlands,Family,False,2023-09-21,7,4.7
GUEST000719,John,Martin,guest000719@email.com,Couple,Netherlands,Suite,False,2024-09-07,8,4.2
GUEST000720,John,Rossi,guest000720@email.com,Leisure,China,Standard,False,2023-01-16,1,4.5
GUEST000721,Lucia,Schmidt,guest000721@email.com,Leisure,China,Standard,True,2023-05-20,2,3.8
GUEST000722,Lucia,Brown,guest000722@email.com,Business,China,Penthouse,True,2023-05-18,2,4.3
GUEST000723,Ahmed,Martin,guest000723@email.com,Business,USA,Suite,True,2022-10-14,2,4.5
GUEST000724,Francesca,Garcia,guest000724@email.com,Solo Travel,Spain,Deluxe,False,2024-02-08,3,4.8
GUEST000725,Lucia,Mueller,guest000725@email.com,Business,Germany,Family,False,2022-02-25,1,4.4
GUEST000726,Marco,Zhang,guest000726@email.com,Business,France,Standard,False,2023-05-05,3,4.0
GUEST000727,Marco,Smith,guest000727@email.com,Family,Belgium,Family,False,2023-05-30,4,4.3
GUEST000728,Yuki,Zhang,guest000728@email.com,Family,Greece,Suite,True,2024-05-31,2,4.2
GUEST000729,Ahmed,Rossi,guest000729@email.com,Leisure,Belgium,Family,False,2024-09-26,5,3.3
GUEST000730,Maria,Martin,guest000730@email.com,Couple,Greece,Penthouse,True,2023-04-17,3,4.6
GUEST000731,Yuki,Smith,guest000731@email.com,Leisure,Italy,Family,False,2022-01-13,6,4.3
GUEST000732,Sophie,Zhang,guest000732@email.com,Family,Greece,Penthouse,True,2023-08-18,2,4.0
GUEST000733,Maria,Schmidt,guest000733@email.com,Solo Travel,Germany,Family,True,2023-01-06,2,4.7
GUEST000734,Lucia,Brown,guest000734@email.com,Business,UK,Suite,False,2022-07-11,3,4.1
GUEST000735,Marco,Brown,guest000735@email.com,Family,Italy,Family,False,2022-08-31,7,4.0
GUEST000736,Klaus,Rossi,guest000736@email.com,Leisure,France,Penthouse,True,2024-09-08,1,4.0
GUEST000737,Lucia,Schmidt,guest000737@email.com,Leisure,Greece,Standard,True,2023-01-10,9,4.2
GUEST000738,Ahmed,Rossi,guest000738@email.com,Couple,Netherlands,Standard,True,2023-03-11,4,5.0
GUEST000739,Sophie,Zhang,guest000739@email.com,Family,Italy,Deluxe,True,2023-12-19,3,3.8
GUEST000740,Yuki,Schmidt,guest000740@email.com,Couple,China,Deluxe,False,2024-05-24,2,4.5
GUEST000741,Francesca,Brown,guest000741@email.com,Solo Travel,China,Deluxe,True,2023-04-07,1,3.4
GUEST000742,Ahmed,Weber,guest000742@email.com,Leisure,Germany,Family,True,2022-05-15,4,4.2
GUEST000743,Lucia,Garcia,guest000743@email.com,Leisure,UK,Penthouse,False,2024-04-13,1,3.6
GUEST000744,Maria,Brown,guest000744@email.com,Couple,Spain,Suite,False,2024-04-03,2,4.2
GUEST000745,Sophie,Martin,guest000745@email.com,Leisure,China,Suite,True,2023-03-19,3,4.4
GUEST000746,Francesca,Garcia,guest000746@email.com,Couple,China,Standard,True,2022-05-30,1,4.4
GUEST000747,Ahmed,Rossi,guest000747@email.com,Family,Germany,Standard,False,2024-04-05,1,4.3
GUEST000748,John,Mueller,guest000748@email.com,Leisure,Italy,Suite,True,2023-03-08,2,4.1
GUEST000749,Emma,Mueller,guest000749@email.com,Family,France,Penthouse,True,2024-07-03,4,4.6
GUEST000750,Marco,Martin,guest000750@email.com,Business,Spain,Penthouse,True,2024-01-08,1,4.3
GUEST000751,Yuki,Rossi,guest000751@email.com,Leisure,Italy,Penthouse,False,2022-11-04,3,3.9
GUEST000752,Klaus,Martin,guest000752@email.com,Business,Italy,Penthouse,False,2024-05-29,1,4.2
GUEST000753,Lucia,Smith,guest000753@email.com,Leisure,Belgium,Deluxe,True,2023-02-12,2,4.4
GUEST000754,Maria,Mueller,guest000754@email.com,Business,China,Deluxe,False,2022-03-03,3,4.6
GUEST000755,Sophie,Brown,guest000755@email.com,Leisure,Greece,Penthouse,False,2023-05-03,5,4.6
GUEST000756,Maria,Rossi,guest000756@email.com,Leisure,Germany,Penthouse,False,2024-02-02,3,3.9
GUEST000757,Yuki,Brown,guest000757@email.com,Leisure,Netherlands,Suite,False,2023-01-05,5,3.0
GUEST000758,Yuki,Martin,guest000758@email.com,Business,Italy,Family,False,2023-07-25,6,5.0
GUEST000759,Klaus,Schmidt,guest000759@email.com,Family,Netherlands,Penthouse,True,2022-01-21,1,4.0
GUEST000760,Francesca,Johnson,guest000760@email.com,Leisure,Italy,Family,False,2022-12-26,6,3.9
GUEST000761,Lucia,Garcia,guest000761@email.com,Family,UK,Standard,False,2023-08-14,6,4.1
GUEST000762,Lucia,Martin,guest000762@email.com,Leisure,Spain,Penthouse,False,2022-06-28,1,3.6
GUEST000763,Klaus,Schmidt,guest000763@email.com,Family,Greece,Penthouse,False,2022-11-29,2,4.6
GUEST000764,Marco,Rossi,guest000764@email.com,Leisure,UK,Family,False,2024-03-04,8,4.4
GUEST000765,Emma,Johnson,guest000765@email.com,Leisure,UK,Suite,True,2023-01-26,1,4.8
GUEST000766,Lucia,Brown,guest000766@email.com,Couple,Germany,Family,False,2023-04-20,9,4.4
GUEST000767,Ahmed,Mueller,guest000767@email.com,Leisure,France,Penthouse,True,2023-10-18,11,4.0
GUEST000768,Yuki,Zhang,guest000768@email.com,Leisure,USA,Penthouse,False,2023-10-09,2,3.1
GUEST000769,Lucia,Weber,guest000769@email.com,Business,USA,Suite,True,2023-02-19,1,4.4
GUEST000770,Maria,Johnson,guest000770@email.com,Solo Travel,Italy,Suite,True,2022-06-15,4,3.8
GUEST000771,Yuki,Garcia,guest000771@email.com,Couple,Netherlands,Suite,True,2022-11-18,9,3.8
GUEST000772,Yuki,Brown,guest000772@email.com,Family,China,Penthouse,True,2023-12-29,3,3.2
GUEST000773,Klaus,Weber,guest000773@email.com,Business,Spain,Family,False,2023-10-23,3,4.4
GUEST000774,Francesca,Brown,guest000774@email.com,Leisure,Netherlands,Deluxe,False,2024-06-27,1,5.0
GUEST000775,Emma,Schmidt,guest000775@email.com,Business,China,Penthouse,True,2024-02-05,3,4.2
GUEST000776,Lucia,Martin,guest000776@email.com,Couple,Greece,Standard,False,2024-09-15,3,3.9
GUEST000777,Emma,Zhang,guest000777@email.com,Leisure,Netherlands,Penthouse,False,2022-06-21,3,5.0
GUEST000778,Ahmed,Smith,guest000778@email.com,Family,Italy,Deluxe,False,2022-05-09,1,4.5
GUEST000779,Sophie,Brown,guest000779@email.com,Business,Belgium,Standard,False,2024-08-21,10,3.6
GUEST000780,Maria,Garcia,guest000780@email.com,Business,UK,Penthouse,False,2022-06-20,5,4.4
GUEST000781,Francesca,Johnson,guest000781@email.com,Business,Germany,Deluxe,True,2022-04-08,5,4.0
GUEST000782,Maria,Rossi,guest000782@email.com,Family,Greece,Suite,False,2023-07-16,1,4.6
GUEST000783,John,Smith,guest000783@email.com,Leisure,UK,Suite,True,2024-02-29,3,4.2
GUEST000784,Francesca,Martin,guest000784@email.com,Business,Netherlands,Suite,False,2024-02-23,1,3.9
GUEST000785,Maria,Johnson,guest000785@email.com,Business,Greece,Suite,True,2022-09-26,1,4.6
GUEST000786,Lucia,Mueller,guest000786@email.com,Couple,UK,Family,False,2022-03-28,2,5.0
GUEST000787,Francesca,Brown,guest000787@email.com,Solo Travel,Germany,Deluxe,True,2022-08-23,2,3.4
GUEST000788,Sophie,Brown,guest000788@email.com,Solo Travel,Italy,Standard,False,2023-03-30,1,4.4
GUEST000789,Ahmed,Mueller,guest000789@email.com,Family,Belgium,Family,False,2023-06-24,4,4.2
GUEST000790,Ahmed,Smith,guest000790@email.com,Leisure,UK,Family,True,2022-02-05,1,3.5
GUEST000791,Yuki,Schmidt,guest000791@email.com,Leisure,Greece,Penthouse,True,2024-06-03,1,3.6
GUEST000792,Emma,Rossi,guest000792@email.com,Business,France,Family,False,2024-09-25,6,4.5
GUEST000793,Marco,Brown,guest000793@email.com,Leisure,Belgium,Deluxe,False,2023-07-16,4,4.7
GUEST000794,Emma,Mueller,guest000794@email.com,Leisure,China,Deluxe,False,2024-09-19,7,4.9
GUEST000795,Marco,Mueller,guest000795@email.com,Leisure,Belgium,Standard,True,2023-08-29,4,4.6
GUEST000796,Lucia,Rossi,guest000796@email.com,Business,UK,Suite,False,2023-10-09,2,3.9
GUEST000797,Lucia,Zhang,guest000797@email.com,Family,Italy,Family,False,2023-06-21,5,4.3
GUEST000798,Marco,Brown,guest000798@email.com,Family,Greece,Family,True,2024-07-19,1,4.1
GUEST000799,Yuki,Rossi,guest000799@email.com,Solo Travel,Germany,Standard,True,2023-07-07,4,4.2
GUEST000800,Sophie,Johnson,guest000800@email.com,Family,Belgium,Standard,False,2023-03-29,1,4.0
GUEST000801,Klaus,Schmidt,guest000801@email.com,Family,UK,Deluxe,False,2023-02-27,1,4.6
GUEST000802,Klaus,Mueller,guest000802@email.com,Solo Travel,China,Penthouse,True,2022-11-07,4,3.9
GUEST000803,John,Smith,guest000803@email.com,Solo Travel,USA,Family,False,2023-06-20,3,4.2
GUEST000804,Ahmed,Schmidt,guest000804@email.com,Leisure,Germany,Family,False,2022-10-21,1,4.1
GUEST000805,Emma,Martin,guest000805@email.com,Leisure,Belgium,Deluxe,False,2022-01-09,2,5.0
GUEST000806,Emma,Rossi,guest000806@email.com,Solo Travel,UK,Standard,True,2022-11-03,1,4.3
GUEST000807,John,Zhang,guest000807@email.com,Family,Germany,Deluxe,False,2024-03-28,2,4.3
GUEST000808,Klaus,Weber,guest000808@email.com,Solo Travel,Belgium,Deluxe,False,2022-08-25,1,3.9
GUEST000809,John,Martin,guest000809@email.com,Leisure,Italy,Suite,False,2023-01-18,2,4.1
GUEST000810,Sophie,Zhang,guest000810@email.com,Couple,Netherlands,Standard,False,2024-06-22,2,4.8
GUEST000811,Marco,Zhang,guest000811@email.com,Family,Italy,Deluxe,False,2023-02-09,1,4.0
GUEST000812,Sophie,Mueller,guest000812@email.com,Business,Spain,Deluxe,True,2024-01-03,10,4.4
GUEST000813,Francesca,Zhang,guest000813@email.com,Couple,Belgium,Suite,False,2022-08-14,5,4.2
GUEST000814,Klaus,Johnson,guest000814@email.com,Leisure,Germany,Deluxe,False,2023-03-09,5,4.0
GUEST000815,Sophie,Martin,guest000815@email.com,Business,USA,Suite,True,2024-02-22,13,3.6
GUEST000816,Lucia,Brown,guest000816@email.com,Leisure,Netherlands,Family,True,2022-10-19,3,4.0
GUEST000817,Marco,Brown,guest000817@email.com,Leisure,Greece,Suite,False,2023-02-27,3,4.5
GUEST000818,Sophie,Johnson,guest000818@email.com,Leisure,Italy,Standard,False,2022-07-06,2,3.6
GUEST000819,Ahmed,Brown,guest000819@email.com,Leisure,Greece,Deluxe,False,2022-04-24,4,4.1
GUEST000820,Emma,Weber,guest000820@email.com,Business,Italy,Penthouse,True,2023-04-09,6,5.0
GUEST000821,Klaus,Weber,guest000821@email.com,Leisure,Netherlands,Family,False,2023-05-19,3,4.0
GUEST000822,Sophie,Schmidt,guest000822@email.com,Business,USA,Standard,True,2022-01-20,2,3.7
GUEST000823,Ahmed,Smith,guest000823@email.com,Business,France,Deluxe,False,2024-09-19,9,4.0
GUEST000824,Marco,Smith,guest000824@email.com,Couple,Italy,Standard,False,2022-07-10,2,4.2
GUEST000825,Maria,Brown,guest000825@email.com,Leisure,USA,Suite,True,2022-10-03,4,4.5
GUEST000826,Ahmed,Rossi,guest000826@email.com,Family,Germany,Family,True,2024-01-15,2,4.8
GUEST000827,John,Garcia,guest000827@email.com,Business,Spain,Suite,False,2022-04-03,17,4.4
GUEST000828,Ahmed,Smith,guest000828@email.com,Family,Netherlands,Standard,True,2023-05-21,7,4.4
GUEST000829,Sophie,Schmidt,guest000829@email.com,Solo Travel,UK,Deluxe,True,2023-03-07,19,4.1
GUEST000830,Klaus,Rossi,guest000830@email.com,Solo Travel,Netherlands,Standard,True,2023-01-16,1,4.7
GUEST000831,Emma,Smith,guest000831@email.com,Family,Germany,Standard,False,2022-12-05,1,4.2
GUEST000832,Maria,Mueller,guest000832@email.com,Business,Greece,Suite,True,2022-02-27,9,3.6
GUEST000833,Klaus,Zhang,guest000833@email.com,Couple,Germany,Penthouse,True,2022-03-15,10,5.0
GUEST000834,Marco,Rossi,guest000834@email.com,Family,USA,Suite,False,2022-07-05,1,4.8
GUEST000835,Sophie,Brown,guest000835@email.com,Business,Germany,Standard,True,2024-04-16,1,3.4
GUEST000836,Francesca,Smith,guest000836@email.com,Solo Travel,USA,Penthouse,False,2022-05-05,6,4.7
GUEST000837,Sophie,Zhang,guest000837@email.com,Family,Belgium,Deluxe,False,2024-02-29,1,4.7
GUEST000838,Emma,Garcia,guest000838@email.com,Leisure,USA,Penthouse,True,2024-01-26,3,3.9
GUEST000839,John,Garcia,guest000839@email.com,Business,UK,Family,False,2023-04-17,3,4.3
GUEST000840,Maria,Martin,guest000840@email.com,Solo Travel,USA,Standard,True,2023-11-13,3,3.7
GUEST000841,Sophie,Rossi,guest000841@email.com,Leisure,Germany,Family,False,2023-02-03,6,4.1
GUEST000842,Klaus,Schmidt,guest000842@email.com,Couple,Belgium,Deluxe,True,2022-06-12,3,4.0
GUEST000843,John,Martin,guest000843@email.com,Solo Travel,Germany,Family,True,2023-06-18,1,4.8
GUEST000844,Maria,Brown,guest000844@email.com,Couple,Germany,Family,False,2023-05-08,1,3.8
GUEST000845,Klaus,Garcia,guest000845@email.com,Leisure,Netherlands,Deluxe,False,2023-01-05,6,3.8
GUEST000846,John,Garcia,guest000846@email.com,Business,Italy,Standard,False,2024-09-23,2,4.3
GUEST000847,Maria,Garcia,guest000847@email.com,Leisure,UK,Penthouse,False,2023-10-11,2,4.8
GUEST000848,Francesca,Schmidt,guest000848@email.com,Couple,Germany,Standard,False,2022-01-16,3,4.2
GUEST000849,Ahmed,Brown,guest000849@email.com,Leisure,China,Suite,False,2023-08-22,3,4.4
GUEST000850,Maria,Zhang,guest000850@email.com,Couple,Netherlands,Penthouse,False,2024-03-19,2,4.2
GUEST000851,Sophie,Smith,guest000851@email.com,Business,UK,Deluxe,True,2024-09-19,1,4.7
GUEST000852,John,Weber,guest000852@email.com,Leisure,Greece,Standard,False,2024-03-13,1,3.6
GUEST000853,Emma,Weber,guest000853@email.com,Family,Belgium,Family,False,2022-06-08,1,3.3
GUEST000854,Yuki,Johnson,guest000854@email.com,Family,USA,Penthouse,False,2022-09-12,1,4.2
GUEST000855,Ahmed,Rossi,guest000855@email.com,Couple,Netherlands,Deluxe,False,2022-04-04,1,3.7
GUEST000856,Lucia,Schmidt,guest000856@email.com,Leisure,France,Deluxe,True,2024-08-11,9,3.7
GUEST000857,John,Smith,guest000857@email.com,Solo Travel,Belgium,Suite,False,2022-12-31,3,4.7
GUEST000858,Ahmed,Martin,guest000858@email.com,Family,Spain,Family,False,2024-03-21,3,3.7
GUEST000859,Maria,Mueller,guest000859@email.com,Business,UK,Suite,False,2023-05-15,5,4.2
GUEST000860,Sophie,Schmidt,guest000860@email.com,Leisure,USA,Penthouse,False,2023-07-26,3,4.9
GUEST000861,Yuki,Rossi,guest000861@email.com,Business,Germany,Family,True,2024-01-21,2,4.3
GUEST000862,Sophie,Smith,guest000862@email.com,Couple,Spain,Deluxe,True,2023-12-07,7,4.5
GUEST000863,Francesca,Schmidt,guest000863@email.com,Couple,Italy,Deluxe,True,2024-01-12,2,3.7
GUEST000864,Ahmed,Brown,guest000864@email.com,Family,Spain,Family,False,2024-07-09,1,4.5
GUEST000865,John,Rossi,guest000865@email.com,Family,UK,Penthouse,True,2023-12-25,2,3.9
GUEST000866,Emma,Martin,guest000866@email.com,Leisure,Spain,Standard,True,2022-10-29,3,3.5
GUEST000867,Marco,Rossi,guest000867@email.com,Family,Germany,Standard,False,2022-07-14,1,3.7
GUEST000868,Lucia,Mueller,guest000868@email.com,Couple,UK,Family,True,2023-07-11,1,4.0
GUEST000869,Yuki,Schmidt,guest000869@email.com,Leisure,Italy,Penthouse,True,2024-01-20,1,4.5
GUEST000870,Emma,Brown,guest000870@email.com,Leisure,China,Suite,True,2024-06-07,4,4.5
GUEST000871,Lucia,Martin,guest000871@email.com,Family,Germany,Suite,False,2022-06-14,1,4.3
GUEST000872,Maria,Martin,guest000872@email.com,Business,USA,Deluxe,False,2022-06-08,1,4.4
GUEST000873,Emma,Brown,guest000873@email.com,Couple,Netherlands,Family,False,2024-04-19,2,4.5
GUEST000874,Klaus,Martin,guest000874@email.com,Couple,USA,Family,False,2023-01-11,5,4.7
GUEST000875,Emma,Smith,guest000875@email.com,Couple,Spain,Deluxe,True,2024-03-05,5,3.7
GUEST000876,Marco,Zhang,guest000876@email.com,Leisure,USA,Deluxe,False,2024-01-22,1,4.5
GUEST000877,Ahmed,Smith,guest000877@email.com,Leisure,Belgium,Family,True,2023-09-27,3,4.4
GUEST000878,Yuki,Weber,guest000878@email.com,Business,Spain,Suite,False,2022-09-02,4,4.2
GUEST000879,Yuki,Johnson,guest000879@email.com,Business,Germany,Deluxe,False,2023-11-06,3,3.6
GUEST000880,Marco,Zhang,guest000880@email.com,Business,Belgium,Family,True,2022-07-14,3,4.0
GUEST000881,Marco,Rossi,guest000881@email.com,Couple,Spain,Deluxe,False,2024-02-24,3,5.0
GUEST000882,Marco,Mueller,guest000882@email.com,Couple,Greece,Deluxe,False,2023-09-20,3,4.8
GUEST000883,Klaus,Schmidt,guest000883@email.com,Business,Germany,Suite,False,2023-02-24,1,4.0
GUEST000884,Yuki,Johnson,guest000884@email.com,Couple,Germany,Standard,False,2022-04-09,2,4.6
GUEST000885,Marco,Johnson,guest000885@email.com,Couple,Italy,Penthouse,False,2022-02-14,3,4.3
GUEST000886,Ahmed,Mueller,guest000886@email.com,Couple,Greece,Suite,False,2024-06-13,2,4.8
GUEST000887,John,Garcia,guest000887@email.com,Business,Greece,Standard,True,2022-04-20,2,3.7
GUEST000888,Emma,Garcia,guest000888@email.com,Family,Spain,Deluxe,False,2022-04-12,5,4.7
GUEST000889,John,Weber,guest000889@email.com,Leisure,UK,Standard,True,2023-10-20,3,4.0
GUEST000890,Francesca,Rossi,guest000890@email.com,Leisure,Greece,Standard,False,2023-06-23,4,4.2
GUEST000891,Lucia,Weber,guest000891@email.com,Leisure,Belgium,Standard,False,2022-09-20,4,5.0
GUEST000892,John,Schmidt,guest000892@email.com,Business,Spain,Suite,False,2022-08-15,3,4.7
GUEST000893,Lucia,Johnson,guest000893@email.com,Leisure,Spain,Deluxe,False,2022-01-14,2,4.6
GUEST000894,Sophie,Rossi,guest000894@email.com,Business,Belgium,Suite,False,2024-08-08,1,4.4
GUEST000895,Maria,Rossi,guest000895@email.com,Leisure,Italy,Standard,True,2024-03-31,2,3.7
GUEST000896,John,Schmidt,guest000896@email.com,Family,China,Suite,False,2023-07-26,6,3.8
GUEST000897,Francesca,Schmidt,guest000897@email.com,Couple,Spain,Standard,True,2024-03-24,22,4.4
GUEST000898,John,Weber,guest000898@email.com,Leisure,Netherlands,Standard,False,2022-09-30,9,3.9
GUEST000899,Marco,Smith,guest000899@email.com,Family,France,Standard,False,2024-01-22,1,3.0
GUEST000900,Maria,Brown,guest000900@email.com,Leisure,Spain,Standard,False,2022-03-21,4,3.4
GUEST000901,Sophie,Martin,guest000901@email.com,Leisure,Spain,Suite,False,2022-04-10,4,4.5
GUEST000902,Maria,Garcia,guest000902@email.com,Business,China,Penthouse,True,2023-06-29,4,4.3
GUEST000903,Francesca,Garcia,guest000903@email.com,Family,Italy,Suite,False,2022-07-17,1,4.1
GUEST000904,Marco,Garcia,guest000904@email.com,Family,France,Suite,False,2023-08-07,1,4.8
GUEST000905,Ahmed,Martin,guest000905@email.com,Leisure,Spain,Family,False,2024-02-07,4,4.1
GUEST000906,Marco,Zhang,guest000906@email.com,Couple,Greece,Suite,False,2024-02-04,1,4.3
GUEST000907,Maria,Weber,guest000907@email.com,Leisure,Belgium,Family,True,2023-01-02,2,4.0
GUEST000908,Emma,Zhang,guest000908@email.com,Business,Netherlands,Family,False,2024-06-23,4,4.7
GUEST000909,Maria,Mueller,guest000909@email.com,Couple,China,Deluxe,False,2024-03-22,1,4.7
GUEST000910,Ahmed,Martin,guest000910@email.com,Business,USA,Deluxe,False,2023-02-16,5,3.3
GUEST000911,Marco,Schmidt,guest000911@email.com,Leisure,France,Suite,True,2023-11-05,3,4.3
GUEST000912,Ahmed,Martin,guest000912@email.com,Family,Italy,Standard,False,2023-09-07,7,3.9
GUEST000913,Emma,Schmidt,guest000913@email.com,Family,China,Suite,False,2024-07-13,1,3.6
GUEST000914,Yuki,Martin,guest000914@email.com,Leisure,Germany,Deluxe,False,2022-11-29,2,5.0
GUEST000915,Yuki,Zhang,guest000915@email.com,Leisure,Spain,Standard,False,2024-02-22,1,4.6
GUEST000916,Francesca,Schmidt,guest000916@email.com,Solo Travel,UK,Family,False,2023-09-16,6,4.4
GUEST000917,Sophie,Weber,guest000917@email.com,Leisure,Greece,Family,False,2023-07-13,1,4.9
GUEST000918,Sophie,Zhang,guest000918@email.com,Leisure,Germany,Family,False,2024-02-24,1,4.1
GUEST000919,Marco,Brown,guest000919@email.com,Leisure,USA,Suite,False,2023-01-04,2,4.4
GUEST000920,Emma,Rossi,guest000920@email.com,Business,Germany,Family,False,2024-09-09,2,4.2
GUEST000921,Francesca,Smith,guest000921@email.com,Family,Netherlands,Standard,False,2024-01-14,2,4.1
GUEST000922,John,Brown,guest000922@email.com,Business,Netherlands,Standard,False,2023-09-03,3,4.7
GUEST000923,John,Martin,guest000923@email.com,Solo Travel,Spain,Suite,True,2022-05-19,4,4.4
GUEST000924,Klaus,Smith,guest000924@email.com,Leisure,UK,Deluxe,False,2022-11-04,1,3.3
GUEST000925,Sophie,Garcia,guest000925@email.com,Couple,Germany,Suite,False,2024-05-26,1,4.4
GUEST000926,Yuki,Smith,guest000926@email.com,Solo Travel,Germany,Family,True,2024-03-01,5,4.6
GUEST000927,Klaus,Martin,guest000927@email.com,Business,USA,Standard,False,2023-06-08,4,4.1
GUEST000928,Marco,Weber,guest000928@email.com,Couple,Belgium,Suite,False,2024-08-06,1,3.9
GUEST000929,Lucia,Mueller,guest000929@email.com,Business,Italy,Suite,False,2022-04-07,7,5.0
GUEST000930,John,Rossi,guest000930@email.com,Business,Greece,Standard,False,2022-12-31,1,3.8
GUEST000931,Ahmed,Mueller,guest000931@email.com,Leisure,Belgium,Standard,False,2022-09-29,3,4.1
GUEST000932,Yuki,Weber,guest000932@email.com,Leisure,USA,Family,True,2022-09-13,1,3.6
GUEST000933,Sophie,Brown,guest000933@email.com,Business,Greece,Penthouse,True,2024-04-10,7,5.0
GUEST000934,Klaus,Johnson,guest000934@email.com,Leisure,China,Penthouse,True,2023-08-08,6,4.9
GUEST000935,Francesca,Weber,guest000935@email.com,Business,China,Penthouse,False,2024-07-28,5,3.2
GUEST000936,Sophie,Johnson,guest000936@email.com,Business,Greece,Penthouse,False,2024-01-11,6,5.0
GUEST000937,Yuki,Rossi,guest000937@email.com,Business,Spain,Suite,False,2022-06-27,9,4.0
GUEST000938,Emma,Weber,guest000938@email.com,Family,Greece,Suite,False,2024-04-19,2,4.3
GUEST000939,Maria,Weber,guest000939@email.com,Business,Belgium,Suite,False,2023-10-20,6,3.8
GUEST000940,Klaus,Smith,guest000940@email.com,Business,Greece,Standard,False,2024-01-19,9,4.7
GUEST000941,Lucia,Zhang,guest000941@email.com,Business,Belgium,Standard,False,2022-03-22,1,3.9
GUEST000942,John,Schmidt,guest000942@email.com,Business,Belgium,Penthouse,True,2022-12-23,4,4.5
GUEST000943,Francesca,Zhang,guest000943@email.com,Leisure,Belgium,Standard,False,2024-08-10,3,3.9
GUEST000944,Maria,Garcia,guest000944@email.com,Leisure,China,Suite,False,2024-02-05,6,4.4
GUEST000945,Lucia,Smith,guest000945@email.com,Business,China,Suite,False,2023-10-12,5,4.8
GUEST000946,Francesca,Smith,guest000946@email.com,Leisure,Germany,Standard,False,2022-11-09,2,4.1
GUEST000947,Marco,Smith,guest000947@email.com,Solo Travel,Italy,Penthouse,True,2022-11-23,2,4.6
GUEST000948,Marco,Weber,guest000948@email.com,Leisure,UK,Suite,False,2022-06-03,7,4.5
GUEST000949,Yuki,Martin,guest000949@email.com,Couple,Belgium,Deluxe,False,2023-12-16,1,3.2
GUEST000950,Sophie,Mueller,guest000950@email.com,Leisure,France,Deluxe,False,2022-02-21,1,3.5
GUEST000951,Francesca,Rossi,guest000951@email.com,Business,USA,Suite,False,2024-02-10,2,4.0
GUEST000952,Lucia,Weber,guest000952@email.com,Couple,USA,Family,False,2023-06-01,5,4.8
GUEST000953,Maria,Garcia,guest000953@email.com,Business,Greece,Family,True,2023-03-19,1,3.5
GUEST000954,Klaus,Zhang,guest000954@email.com,Leisure,China,Standard,True,2022-06-01,6,4.6
GUEST000955,Ahmed,Schmidt,guest000955@email.com,Leisure,USA,Standard,True,2022-03-26,2,4.5
GUEST000956,Emma,Weber,guest000956@email.com,Business,Netherlands,Family,False,2024-02-03,5,3.2
GUEST000957,John,Martin,guest000957@email.com,Leisure,Netherlands,Suite,False,2023-02-13,3,3.4
GUEST000958,Klaus,Johnson,guest000958@email.com,Business,Italy,Family,True,2023-02-13,2,3.7
GUEST000959,Marco,Zhang,guest000959@email.com,Couple,Greece,Standard,True,2024-03-03,1,3.9
GUEST000960,Ahmed,Mueller,guest000960@email.com,Leisure,China,Deluxe,False,2023-05-08,6,3.6
GUEST000961,Marco,Garcia,guest000961@email.com,Leisure,UK,Penthouse,False,2023-05-15,7,4.4
GUEST000962,Francesca,Weber,guest000962@email.com,Business,Netherlands,Penthouse,False,2022-07-20,6,4.4
GUEST000963,Marco,Weber,guest000963@email.com,Leisure,Germany,Suite,False,2024-01-24,2,4.3
GUEST000964,Marco,Garcia,guest000964@email.com,Solo Travel,Germany,Penthouse,True,2022-09-06,9,3.6
GUEST000965,Maria,Brown,guest000965@email.com,Business,UK,Standard,False,2024-03-06,6,4.3
GUEST000966,Francesca,Schmidt,guest000966@email.com,Family,UK,Standard,False,2023-12-03,1,4.2
GUEST000967,Lucia,Johnson,guest000967@email.com,Leisure,Italy,Family,False,2022-04-26,6,3.7
GUEST000968,Francesca,Zhang,guest000968@email.com,Business,China,Penthouse,True,2023-01-10,5,3.7
GUEST000969,Yuki,Garcia,guest000969@email.com,Solo Travel,France,Family,False,2022-11-25,1,4.2
GUEST000970,Yuki,Weber,guest000970@email.com,Couple,China,Family,False,2023-11-03,2,3.3
GUEST000971,John,Brown,guest000971@email.com,Family,Germany,Deluxe,True,2022-06-23,2,4.5
GUEST000972,Yuki,Weber,guest000972@email.com,Leisure,France,Deluxe,False,2024-04-21,9,2.4
GUEST000973,Emma,Weber,guest000973@email.com,Couple,Greece,Deluxe,False,2022-05-30,2,3.6
GUEST000974,Emma,Smith,guest000974@email.com,Leisure,Italy,Penthouse,True,2024-08-04,3,4.6
GUEST000975,Sophie,Garcia,guest000975@email.com,Business,Netherlands,Suite,False,2023-12-03,5,4.3
GUEST000976,Yuki,Mueller,guest000976@email.com,Business,China,Standard,False,2024-02-15,5,4.8
GUEST000977,Maria,Johnson,guest000977@email.com,Leisure,Greece,Family,False,2024-01-28,9,4.8
GUEST000978,John,Garcia,guest000978@email.com,Couple,Germany,Suite,False,2024-08-29,5,4.4
GUEST000979,Lucia,Mueller,guest000979@email.com,Business,Germany,Deluxe,True,2024-06-08,10,4.6
GUEST000980,Klaus,Smith,guest000980@email.com,Leisure,Spain,Deluxe,False,2022-12-18,1,4.0
GUEST000981,Maria,Brown,guest000981@email.com,Leisure,USA,Suite,False,2023-04-06,8,4.0
GUEST000982,Emma,Smith,guest000982@email.com,Leisure,China,Family,True,2022-12-06,9,3.6
GUEST000983,Sophie,Martin,guest000983@email.com,Solo Travel,UK,Standard,True,2022-08-05,3,3.5
GUEST000984,Sophie,Martin,guest000984@email.com,Business,Belgium,Suite,False,2023-06-20,1,4.9
GUEST000985,Klaus,Martin,guest000985@email.com,Business,Belgium,Deluxe,False,2023-05-10,1,4.0
GUEST000986,Lucia,Mueller,guest000986@email.com,Family,China,Deluxe,False,2023-12-13,2,3.4
GUEST000987,John,Zhang,guest000987@email.com,Business,China,Deluxe,True,2023-08-20,5,3.9
GUEST000988,Marco,Smith,guest000988@email.com,Leisure,Netherlands,Suite,False,2022-09-19,1,3.7
GUEST000989,Ahmed,Smith,guest000989@email.com,Couple,UK,Deluxe,False,2022-10-18,3,4.8
GUEST000990,Sophie,Weber,guest000990@email.com,Couple,Greece,Deluxe,True,2022-10-05,5,4.2
GUEST000991,John,Rossi,guest000991@email.com,Leisure,Belgium,Penthouse,True,2023-11-02,1,3.5
GUEST000992,John,Johnson,guest000992@email.com,Business,Greece,Family,False,2023-02-02,6,4.6
GUEST000993,Klaus,Schmidt,guest000993@email.com,Leisure,USA,Family,False,2024-06-04,1,3.9
GUEST000994,Maria,Smith,guest000994@email.com,Business,Spain,Family,False,2022-10-27,3,3.7
GUEST000995,Francesca,Garcia,guest000995@email.com,Leisure,USA,Family,False,2023-01-25,3,4.1
GUEST000996,Marco,Johnson,guest000996@email.com,Family,Netherlands,Deluxe,True,2024-07-14,2,4.0
GUEST000997,Yuki,Rossi,guest000997@email.com,Business,UK,Standard,False,2024-06-06,2,4.2
GUEST000998,Lucia,Martin,guest000998@email.com,Leisure,Netherlands,Standard,False,2022-04-01,4,5.0
GUEST000999,Ahmed,Garcia,guest000999@email.com,Business,Greece,Standard,False,2023-05-28,1,3.9
GUEST001000,Emma,Martin,guest001000@email.com,Solo Travel,France,Suite,False,2024-08-06,7,4.6
GUEST001001,John,Smith,guest001001@email.com,Family,USA,Standard,False,2022-09-11,10,3.0
GUEST001002,Marco,Brown,guest001002@email.com,Solo Travel,Germany,Family,True,2022-12-08,6,4.6
GUEST001003,Emma,Zhang,guest001003@email.com,Leisure,Italy,Family,True,2024-02-02,3,4.7
GUEST001004,Ahmed,Smith,guest001004@email.com,Leisure,Belgium,Family,False,2022-12-22,1,4.4
GUEST001005,Yuki,Schmidt,guest001005@email.com,Business,France,Standard,False,2023-10-03,6,4.0
GUEST001006,Klaus,Garcia,guest001006@email.com,Leisure,Belgium,Penthouse,False,2023-05-29,1,4.6
GUEST001007,Klaus,Smith,guest001007@email.com,Business,China,Family,False,2023-10-03,4,4.1
GUEST001008,Klaus,Zhang,guest001008@email.com,Family,Belgium,Suite,False,2024-06-30,2,4.5
GUEST001009,John,Martin,guest001009@email.com,Family,Spain,Penthouse,False,2024-08-29,6,4.3
GUEST001010,Klaus,Garcia,guest001010@email.com,Business,Belgium,Deluxe,True,2022-06-05,3,3.9
GUEST001011,Yuki,Zhang,guest001011@email.com,Family,USA,Standard,False,2023-11-04,1,4.1
GUEST001012,Ahmed,Johnson,guest001012@email.com,Family,Germany,Suite,False,2024-01-18,3,4.4
GUEST001013,Francesca,Martin,guest001013@email.com,Leisure,France,Standard,True,2024-09-10,1,3.9
GUEST001014,Lucia,Garcia,guest001014@email.com,Family,Germany,Family,True,2023-03-04,6,4.6
GUEST001015,Sophie,Weber,guest001015@email.com,Leisure,USA,Standard,False,2022-06-06,1,4.7
GUEST001016,Francesca,Brown,guest001016@email.com,Couple,Greece,Standard,False,2024-07-20,6,4.5
GUEST001017,Lucia,Schmidt,guest001017@email.com,Leisure,UK,Standard,False,2023-04-05,1,3.9
GUEST001018,Marco,Mueller,guest001018@email.com,Couple,Netherlands,Standard,False,2022-07-31,3,4.6
GUEST001019,Ahmed,Weber,guest001019@email.com,Family,Spain,Suite,False,2023-07-09,1,4.2
GUEST001020,Sophie,Mueller,guest001020@email.com,Business,Italy,Family,False,2022-11-13,1,4.6
GUEST001021,Marco,Mueller,guest001021@email.com,Couple,France,Standard,False,2023-03-17,5,4.8
GUEST001022,Ahmed,Weber,guest001022@email.com,Leisure,Germany,Family,True,2024-07-28,3,3.8
GUEST001023,Ahmed,Schmidt,guest001023@email.com,Leisure,China,Deluxe,True,2022-03-11,1,4.3
GUEST001024,Marco,Martin,guest001024@email.com,Business,Netherlands,Penthouse,False,2024-08-29,1,4.5
GUEST001025,Maria,Mueller,guest001025@email.com,Business,Greece,Family,True,2022-11-22,10,3.5
GUEST001026,Ahmed,Smith,guest001026@email.com,Business,Netherlands,Standard,True,2024-02-23,7,4.5
GUEST001027,Yuki,Zhang,guest001027@email.com,Leisure,USA,Suite,False,2024-09-11,1,4.6
GUEST001028,Francesca,Brown,guest001028@email.com,Couple,Belgium,Deluxe,False,2023-03-30,1,4.2
GUEST001029,Klaus,Mueller,guest001029@email.com,Couple,Spain,Family,False,2024-03-08,3,4.3
GUEST001030,Sophie,Johnson,guest001030@email.com,Business,Belgium,Deluxe,False,2022-05-15,1,4.1
GUEST001031,Ahmed,Smith,guest001031@email.com,Leisure,China,Deluxe,False,2024-02-20,1,4.5
GUEST001032,Lucia,Weber,guest001032@email.com,Leisure,France,Deluxe,False,2022-10-01,4,4.8
GUEST001033,Lucia,Weber,guest001033@email.com,Couple,China,Penthouse,True,2023-09-20,2,3.6
GUEST001034,Sophie,Weber,guest001034@email.com,Leisure,Germany,Suite,False,2022-08-26,2,4.6
GUEST001035,Sophie,Smith,guest001035@email.com,Leisure,USA,Family,False,2023-01-03,2,4.9
GUEST001036,Maria,Rossi,guest001036@email.com,Family,USA,Suite,False,2022-05-18,1,4.7
GUEST001037,Marco,Weber,guest001037@email.com,Business,UK,Suite,False,2023-04-26,2,3.9
GUEST001038,Yuki,Mueller,guest001038@email.com,Leisure,Greece,Family,False,2024-05-22,5,5.0
GUEST001039,Francesca,Rossi,guest001039@email.com,Couple,Netherlands,Standard,False,2023-05-01,3,4.2
GUEST001040,Ahmed,Mueller,guest001040@email.com,Family,UK,Suite,False,2022-07-17,3,3.0
GUEST001041,Sophie,Smith,guest001041@email.com,Business,Italy,Suite,False,2023-02-23,1,4.1
GUEST001042,John,Brown,guest001042@email.com,Business,Netherlands,Standard,False,2024-08-31,1,4.5
GUEST001043,Francesca,Garcia,guest001043@email.com,Leisure,Italy,Suite,False,2024-01-31,5,3.6
GUEST001044,Sophie,Garcia,guest001044@email.com,Leisure,Spain,Standard,False,2022-03-09,3,4.1
GUEST001045,Ahmed,Rossi,guest001045@email.com,Family,France,Suite,False,2024-06-06,11,5.0
GUEST001046,Lucia,Rossi,guest001046@email.com,Solo Travel,Spain,Penthouse,False,2023-12-06,1,3.0
GUEST001047,Yuki,Rossi,guest001047@email.com,Solo Travel,Germany,Suite,True,2024-06-27,2,4.2
GUEST001048,Sophie,Zhang,guest001048@email.com,Leisure,Belgium,Suite,False,2023-02-19,1,3.9
GUEST001049,John,Weber,guest001049@email.com,Couple,Germany,Family,False,2024-01-23,2,4.3
GUEST001050,Francesca,Schmidt,guest001050@email.com,Couple,Netherlands,Standard,False,2023-02-08,6,4.0
GUEST001051,Lucia,Weber,guest001051@email.com,Solo Travel,Germany,Suite,False,2023-09-01,3,4.0
GUEST001052,Marco,Martin,guest001052@email.com,Leisure,China,Standard,False,2023-10-19,1,5.0
GUEST001053,John,Martin,guest001053@email.com,Couple,China,Penthouse,True,2022-04-22,2,3.1
GUEST001054,Emma,Rossi,guest001054@email.com,Leisure,France,Deluxe,True,2024-04-26,1,4.1
GUEST001055,John,Garcia,guest001055@email.com,Business,Greece,Penthouse,True,2023-06-16,5,4.8
GUEST001056,Marco,Zhang,guest001056@email.com,Business,Greece,Penthouse,True,2024-01-23,3,5.0
GUEST001057,John,Martin,guest001057@email.com,Leisure,Spain,Standard,False,2023-02-01,6,4.0
GUEST001058,Marco,Smith,guest001058@email.com,Business,Belgium,Standard,True,2022-07-14,12,4.3
GUEST001059,Klaus,Rossi,guest001059@email.com,Business,Germany,Deluxe,False,2023-02-12,3,3.8
GUEST001060,Klaus,Brown,guest001060@email.com,Family,France,Deluxe,False,2023-04-18,2,3.5
GUEST001061,Ahmed,Zhang,guest001061@email.com,Couple,Germany,Penthouse,False,2022-10-29,3,3.7
GUEST001062,Lucia,Smith,guest001062@email.com,Business,China,Deluxe,False,2023-12-08,9,3.5
GUEST001063,Marco,Mueller,guest001063@email.com,Business,Greece,Standard,False,2023-04-20,1,4.5
GUEST001064,Emma,Johnson,guest001064@email.com,Family,Belgium,Suite,False,2024-01-10,3,4.6
GUEST001065,Marco,Johnson,guest001065@email.com,Leisure,Netherlands,Family,True,2022-07-04,4,4.5
GUEST001066,Lucia,Martin,guest001066@email.com,Leisure,China,Standard,False,2022-05-19,1,4.2
GUEST001067,Francesca,Zhang,guest001067@email.com,Leisure,China,Penthouse,False,2022-11-28,9,4.1
GUEST001068,Emma,Smith,guest001068@email.com,Leisure,USA,Deluxe,True,2022-07-03,4,4.1
GUEST001069,Emma,Weber,guest001069@email.com,Business,Netherlands,Deluxe,True,2024-07-07,1,3.6
GUEST001070,Sophie,Rossi,guest001070@email.com,Business,Spain,Penthouse,False,2022-04-03,3,5.0
GUEST001071,Klaus,Schmidt,guest001071@email.com,Business,Germany,Deluxe,False,2023-12-10,1,3.7
GUEST001072,Ahmed,Johnson,guest001072@email.com,Business,UK,Family,True,2022-04-04,4,4.3
GUEST001073,Maria,Rossi,guest001073@email.com,Family,China,Deluxe,False,2023-10-12,3,3.5
GUEST001074,Yuki,Johnson,guest001074@email.com,Couple,Greece,Penthouse,True,2023-06-21,3,4.6
GUEST001075,Francesca,Martin,guest001075@email.com,Leisure,USA,Suite,False,2023-09-19,1,4.7
GUEST001076,Ahmed,Zhang,guest001076@email.com,Business,China,Penthouse,False,2023-07-18,3,3.5
GUEST001077,Francesca,Smith,guest001077@email.com,Leisure,Spain,Standard,False,2024-02-26,2,3.4
GUEST001078,Ahmed,Schmidt,guest001078@email.com,Couple,USA,Family,False,2023-08-03,2,4.0
GUEST001079,Ahmed,Mueller,guest001079@email.com,Business,Netherlands,Penthouse,True,2024-06-08,4,4.3
GUEST001080,Ahmed,Mueller,guest001080@email.com,Leisure,UK,Deluxe,False,2024-02-27,4,3.6
GUEST001081,John,Zhang,guest001081@email.com,Leisure,UK,Penthouse,False,2022-11-12,6,4.2
GUEST001082,Klaus,Rossi,guest001082@email.com,Couple,Belgium,Standard,True,2022-10-23,8,4.8
GUEST001083,Ahmed,Johnson,guest001083@email.com,Couple,Greece,Deluxe,False,2024-07-09,2,4.4
GUEST001084,Ahmed,Garcia,guest001084@email.com,Leisure,USA,Penthouse,True,2022-01-04,3,5.0
GUEST001085,Lucia,Brown,guest001085@email.com,Leisure,UK,Suite,False,2022-01-13,21,3.5
GUEST001086,Emma,Rossi,guest001086@email.com,Business,UK,Standard,False,2024-05-25,3,5.0
GUEST001087,Emma,Martin,guest001087@email.com,Business,Greece,Penthouse,False,2024-04-06,6,4.5
GUEST001088,John,Weber,guest001088@email.com,Leisure,USA,Standard,False,2024-06-22,4,4.6
GUEST001089,Emma,Garcia,guest001089@email.com,Couple,Spain,Deluxe,False,2022-08-11,1,4.0
GUEST001090,Lucia,Rossi,guest001090@email.com,Family,Greece,Deluxe,False,2023-04-10,10,4.3
GUEST001091,Francesca,Rossi,guest001091@email.com,Leisure,Italy,Penthouse,False,2022-03-23,3,4.5
GUEST001092,Lucia,Weber,guest001092@email.com,Leisure,Germany,Penthouse,True,2022-01-07,1,3.7
GUEST001093,Sophie,Martin,guest001093@email.com,Leisure,Netherlands,Standard,False,2022-10-12,2,4.5
GUEST001094,Lucia,Martin,guest001094@email.com,Couple,USA,Penthouse,True,2024-04-19,1,4.3
GUEST001095,Sophie,Smith,guest001095@email.com,Family,France,Deluxe,True,2022-07-09,5,4.1
GUEST001096,Ahmed,Smith,guest001096@email.com,Leisure,UK,Deluxe,False,2023-10-31,3,3.9
GUEST001097,Yuki,Smith,guest001097@email.com,Leisure,Spain,Standard,False,2022-05-29,1,4.2
GUEST001098,John,Weber,guest001098@email.com,Couple,USA,Family,False,2024-05-08,6,3.4
GUEST001099,Lucia,Brown,guest001099@email.com,Leisure,Greece,Deluxe,False,2022-12-06,2,3.4
GUEST001100,Maria,Smith,guest001100@email.com,Solo Travel,France,Suite,True,2022-04-22,3,4.1
GUEST001101,Francesca,Mueller,guest001101@email.com,Leisure,Spain,Standard,False,2022-06-15,2,4.2
GUEST001102,Klaus,Weber,guest001102@email.com,Leisure,Netherlands,Suite,False,2023-11-08,2,3.5
GUEST001103,Lucia,Weber,guest001103@email.com,Leisure,Spain,Standard,False,2024-03-17,1,4.5
GUEST001104,Marco,Mueller,guest001104@email.com,Business,Netherlands,Family,False,2024-09-16,4,3.1
GUEST001105,Emma,Weber,guest001105@email.com,Solo Travel,France,Standard,False,2023-01-04,2,5.0
GUEST001106,John,Johnson,guest001106@email.com,Leisure,Germany,Penthouse,False,2024-02-26,1,4.4
GUEST001107,Klaus,Schmidt,guest001107@email.com,Business,Italy,Penthouse,False,2023-01-13,7,3.7
GUEST001108,Francesca,Johnson,guest001108@email.com,Leisure,Greece,Deluxe,False,2024-02-16,6,4.5
GUEST001109,Francesca,Martin,guest001109@email.com,Couple,China,Standard,True,2022-03-08,2,3.5
GUEST001110,Klaus,Rossi,guest001110@email.com,Leisure,Greece,Penthouse,False,2022-05-18,2,3.9
GUEST001111,Maria,Brown,guest001111@email.com,Couple,USA,Family,True,2022-12-04,4,5.0
GUEST001112,Marco,Zhang,guest001112@email.com,Couple,Belgium,Deluxe,False,2023-06-22,5,4.3
GUEST001113,Sophie,Garcia,guest001113@email.com,Leisure,Greece,Deluxe,False,2023-09-19,6,4.7
GUEST001114,John,Johnson,guest001114@email.com,Solo Travel,Belgium,Deluxe,False,2023-08-09,1,4.3
GUEST001115,Marco,Johnson,guest001115@email.com,Couple,Greece,Family,False,2023-05-11,4,4.3
GUEST001116,Lucia,Brown,guest001116@email.com,Couple,Greece,Standard,True,2023-03-14,1,4.7
GUEST001117,Lucia,Schmidt,guest001117@email.com,Family,Belgium,Suite,False,2022-09-23,4,4.0
GUEST001118,Marco,Weber,guest001118@email.com,Leisure,China,Standard,True,2023-10-01,4,4.6
GUEST001119,Yuki,Mueller,guest001119@email.com,Couple,USA,Penthouse,False,2023-09-22,3,4.2
GUEST001120,Lucia,Rossi,guest001120@email.com,Leisure,Netherlands,Deluxe,False,2023-06-17,11,4.7
GUEST001121,Emma,Rossi,guest001121@email.com,Business,Italy,Suite,True,2024-04-07,3,5.0
GUEST001122,Ahmed,Weber,guest001122@email.com,Leisure,Germany,Suite,True,2022-08-27,3,4.4
GUEST001123,Klaus,Garcia,guest001123@email.com,Family,Netherlands,Family,False,2022-01-02,1,4.5
GUEST001124,Maria,Smith,guest001124@email.com,Family,UK,Penthouse,False,2023-04-22,2,4.3
GUEST001125,Maria,Garcia,guest001125@email.com,Leisure,Greece,Penthouse,False,2024-03-29,4,4.0
GUEST001126,Lucia,Zhang,guest001126@email.com,Business,China,Family,False,2023-02-28,1,4.1
GUEST001127,John,Schmidt,guest001127@email.com,Business,Italy,Family,True,2022-12-25,3,3.8
GUEST001128,Marco,Garcia,guest001128@email.com,Family,UK,Deluxe,False,2022-01-12,1,4.4
GUEST001129,Sophie,Brown,guest001129@email.com,Business,Germany,Suite,False,2022-09-18,2,3.9
GUEST001130,Maria,Brown,guest001130@email.com,Solo Travel,Belgium,Deluxe,False,2022-11-04,7,4.4
GUEST001131,Marco,Martin,guest001131@email.com,Leisure,Netherlands,Suite,False,2022-11-28,3,4.4
GUEST001132,John,Johnson,guest001132@email.com,Business,Spain,Suite,False,2023-12-04,3,3.7
GUEST001133,Yuki,Schmidt,guest001133@email.com,Business,Germany,Deluxe,False,2023-02-10,1,3.8
GUEST001134,Lucia,Weber,guest001134@email.com,Leisure,Greece,Deluxe,False,2024-09-10,1,4.4
GUEST001135,John,Mueller,guest001135@email.com,Couple,China,Deluxe,True,2022-07-18,3,4.1
GUEST001136,Yuki,Schmidt,guest001136@email.com,Family,Belgium,Standard,False,2024-08-02,5,3.8
GUEST001137,Emma,Rossi,guest001137@email.com,Couple,Italy,Penthouse,False,2024-03-27,2,4.6
GUEST001138,John,Mueller,guest001138@email.com,Family,Netherlands,Deluxe,False,2023-05-09,2,4.9
GUEST001139,Ahmed,Rossi,guest001139@email.com,Family,Spain,Suite,False,2024-07-02,3,3.7
GUEST001140,Marco,Schmidt,guest001140@email.com,Leisure,Greece,Family,False,2023-04-19,9,5.0
GUEST001141,Francesca,Smith,guest001141@email.com,Business,China,Standard,True,2024-05-05,1,4.6
GUEST001142,Marco,Brown,guest001142@email.com,Leisure,UK,Deluxe,True,2023-08-02,1,4.4
GUEST001143,Yuki,Martin,guest001143@email.com,Business,Greece,Standard,True,2023-07-03,3,4.3
GUEST001144,John,Garcia,guest001144@email.com,Leisure,Greece,Deluxe,False,2023-08-15,4,4.6
GUEST001145,Yuki,Schmidt,guest001145@email.com,Leisure,UK,Suite,False,2022-03-09,3,3.5
GUEST001146,Ahmed,Brown,guest001146@email.com,Couple,Greece,Suite,False,2024-05-10,4,4.0
GUEST001147,John,Schmidt,guest001147@email.com,Leisure,Belgium,Suite,False,2023-01-20,1,4.9
GUEST001148,Marco,Mueller,guest001148@email.com,Family,UK,Deluxe,True,2023-08-08,1,4.1
GUEST001149,Lucia,Zhang,guest001149@email.com,Leisure,Belgium,Family,True,2022-07-11,3,3.3
GUEST001150,Lucia,Johnson,guest001150@email.com,Business,Belgium,Suite,True,2024-06-04,1,3.4
GUEST001151,Klaus,Schmidt,guest001151@email.com,Business,Spain,Family,False,2023-12-28,2,4.1
GUEST001152,John,Brown,guest001152@email.com,Solo Travel,Belgium,Deluxe,False,2023-02-28,1,3.6
GUEST001153,Maria,Rossi,guest001153@email.com,Solo Travel,UK,Standard,False,2024-06-17,3,3.6
GUEST001154,Sophie,Schmidt,guest001154@email.com,Family,France,Deluxe,False,2023-04-08,3,5.0
GUEST001155,Klaus,Garcia,guest001155@email.com,Couple,China,Suite,True,2023-06-22,2,3.8
GUEST001156,Klaus,Mueller,guest001156@email.com,Business,Belgium,Suite,False,2022-04-25,2,3.4
GUEST001157,Yuki,Smith,guest001157@email.com,Leisure,Italy,Penthouse,False,2024-03-07,2,3.3
GUEST001158,Sophie,Johnson,guest001158@email.com,Leisure,UK,Penthouse,False,2023-03-31,1,3.4
GUEST001159,Marco,Smith,guest001159@email.com,Leisure,Belgium,Family,False,2024-03-29,7,4.7
GUEST001160,Emma,Martin,guest001160@email.com,Business,Greece,Standard,True,2022-06-07,4,3.0
GUEST001161,Sophie,Schmidt,guest001161@email.com,Business,France,Standard,False,2024-08-03,11,4.2
GUEST001162,Emma,Martin,guest001162@email.com,Leisure,UK,Standard,True,2022-11-14,3,4.1
GUEST001163,Yuki,Mueller,guest001163@email.com,Business,France,Family,False,2024-02-27,3,3.6
GUEST001164,Maria,Martin,guest001164@email.com,Business,China,Deluxe,False,2023-11-24,1,3.8
GUEST001165,Ahmed,Garcia,guest001165@email.com,Business,Spain,Family,False,2024-01-12,15,4.5
GUEST001166,John,Rossi,guest001166@email.com,Leisure,UK,Deluxe,False,2023-02-01,1,4.8
GUEST001167,Marco,Johnson,guest001167@email.com,Couple,Germany,Family,False,2022-01-05,1,4.4
GUEST001168,Klaus,Smith,guest001168@email.com,Leisure,Italy,Family,False,2023-12-05,1,4.9
GUEST001169,Lucia,Johnson,guest001169@email.com,Business,Netherlands,Suite,False,2022-12-08,13,3.7
GUEST001170,Emma,Smith,guest001170@email.com,Solo Travel,Italy,Penthouse,False,2022-04-16,2,4.4
GUEST001171,Marco,Brown,guest001171@email.com,Business,China,Penthouse,True,2022-01-24,4,4.0
GUEST001172,Lucia,Brown,guest001172@email.com,Couple,UK,Penthouse,False,2023-10-17,6,3.5
GUEST001173,Sophie,Schmidt,guest001173@email.com,Family,China,Penthouse,True,2022-07-25,2,4.0
GUEST001174,Sophie,Brown,guest001174@email.com,Business,France,Standard,False,2022-10-11,4,3.9
GUEST001175,Marco,Schmidt,guest001175@email.com,Leisure,Greece,Deluxe,True,2024-03-02,2,4.3
GUEST001176,Emma,Johnson,guest001176@email.com,Business,France,Standard,False,2022-10-07,1,3.9
GUEST001177,Ahmed,Mueller,guest001177@email.com,Family,Italy,Deluxe,False,2022-10-08,1,3.8
GUEST001178,Maria,Smith,guest001178@email.com,Business,France,Deluxe,False,2024-09-08,1,4.5
GUEST001179,Lucia,Martin,guest001179@email.com,Leisure,USA,Family,True,2023-06-11,3,3.9
GUEST001180,Maria,Garcia,guest001180@email.com,Family,Netherlands,Standard,True,2023-07-10,5,4.8
GUEST001181,Yuki,Martin,guest001181@email.com,Business,Germany,Deluxe,False,2022-11-23,1,4.5
GUEST001182,Klaus,Mueller,guest001182@email.com,Couple,UK,Family,False,2024-08-23,5,4.2
GUEST001183,Klaus,Weber,guest001183@email.com,Leisure,Greece,Family,True,2022-09-08,1,4.7
GUEST001184,Ahmed,Johnson,guest001184@email.com,Leisure,China,Family,False,2022-11-15,2,4.5
GUEST001185,Lucia,Schmidt,guest001185@email.com,Couple,France,Family,False,2023-07-08,2,3.9
GUEST001186,Emma,Smith,guest001186@email.com,Business,Germany,Standard,False,2022-05-14,4,4.5
GUEST001187,John,Rossi,guest001187@email.com,Couple,China,Deluxe,False,2024-07-13,3,4.1
GUEST001188,John,Johnson,guest001188@email.com,Leisure,Greece,Family,True,2023-01-28,1,3.0
GUEST001189,John,Johnson,guest001189@email.com,Family,UK,Standard,False,2023-03-13,6,3.8
GUEST001190,Francesca,Mueller,guest001190@email.com,Leisure,France,Penthouse,False,2023-12-23,3,3.8
GUEST001191,Lucia,Weber,guest001191@email.com,Solo Travel,France,Deluxe,True,2023-10-07,2,4.8
GUEST001192,Emma,Weber,guest001192@email.com,Solo Travel,Belgium,Suite,False,2022-12-31,3,4.4
GUEST001193,Klaus,Schmidt,guest001193@email.com,Business,Netherlands,Family,False,2024-04-17,5,3.2
GUEST001194,Sophie,Martin,guest001194@email.com,Solo Travel,Greece,Family,True,2022-03-22,4,4.2
GUEST001195,Emma,Weber,guest001195@email.com,Business,China,Standard,False,2022-05-15,14,4.2
GUEST001196,Maria,Rossi,guest001196@email.com,Business,Netherlands,Standard,False,2022-04-10,1,4.1
GUEST001197,Emma,Brown,guest001197@email.com,Couple,Germany,Penthouse,False,2023-12-02,5,4.0
GUEST001198,Emma,Rossi,guest001198@email.com,Family,China,Suite,True,2022-08-26,1,3.8
GUEST001199,Sophie,Mueller,guest001199@email.com,Family,UK,Deluxe,False,2024-05-31,10,4.1
GUEST001200,Lucia,Brown,guest001200@email.com,Leisure,UK,Deluxe,False,2024-07-23,1,4.5
GUEST001201,Yuki,Zhang,guest001201@email.com,Solo Travel,Spain,Suite,True,2022-07-07,4,3.5
GUEST001202,Yuki,Schmidt,guest001202@email.com,Couple,USA,Suite,True,2023-04-10,2,3.4
GUEST001203,Emma,Smith,guest001203@email.com,Leisure,Italy,Suite,True,2022-03-08,13,5.0
GUEST001204,Emma,Johnson,guest001204@email.com,Business,UK,Family,False,2022-12-26,13,4.8
GUEST001205,Emma,Rossi,guest001205@email.com,Business,USA,Standard,False,2024-05-16,2,3.5
GUEST001206,Ahmed,Brown,guest001206@email.com,Leisure,Netherlands,Family,True,2024-02-26,4,4.3
GUEST001207,Yuki,Weber,guest001207@email.com,Business,Netherlands,Standard,False,2023-08-12,5,5.0
GUEST001208,Ahmed,Martin,guest001208@email.com,Leisure,China,Suite,False,2022-04-16,9,4.6
GUEST001209,Francesca,Johnson,guest001209@email.com,Leisure,USA,Deluxe,True,2022-11-30,1,4.1
GUEST001210,Marco,Johnson,guest001210@email.com,Business,France,Penthouse,False,2024-03-22,4,4.0
GUEST001211,Klaus,Martin,guest001211@email.com,Leisure,Netherlands,Suite,False,2023-04-18,2,4.5
GUEST001212,Francesca,Weber,guest001212@email.com,Business,Italy,Penthouse,False,2023-02-28,2,4.4
GUEST001213,Sophie,Weber,guest001213@email.com,Leisure,Netherlands,Suite,True,2022-09-07,3,3.5
GUEST001214,Marco,Mueller,guest001214@email.com,Leisure,Belgium,Penthouse,False,2024-09-24,1,4.3
GUEST001215,Emma,Zhang,guest001215@email.com,Leisure,USA,Family,True,2022-03-09,1,4.8
GUEST001216,Yuki,Garcia,guest001216@email.com,Family,China,Penthouse,False,2024-04-13,4,3.6
GUEST001217,Lucia,Zhang,guest001217@email.com,Business,UK,Family,False,2024-03-14,5,3.7
GUEST001218,Francesca,Weber,guest001218@email.com,Business,Netherlands,Standard,False,2024-03-17,3,4.5
GUEST001219,Yuki,Martin,guest001219@email.com,Couple,Spain,Suite,False,2023-12-12,1,3.6
GUEST001220,Sophie,Mueller,guest001220@email.com,Family,Italy,Family,False,2023-11-10,1,4.9
GUEST001221,Maria,Weber,guest001221@email.com,Business,Netherlands,Penthouse,False,2024-05-06,5,2.8
GUEST001222,Emma,Johnson,guest001222@email.com,Leisure,Greece,Deluxe,False,2023-08-30,12,4.4
GUEST001223,Lucia,Rossi,guest001223@email.com,Couple,Italy,Deluxe,False,2022-11-30,1,4.3
GUEST001224,Marco,Johnson,guest001224@email.com,Couple,USA,Deluxe,False,2024-04-21,5,4.5
GUEST001225,Emma,Mueller,guest001225@email.com,Business,USA,Penthouse,False,2022-11-12,6,4.2
GUEST001226,Francesca,Johnson,guest001226@email.com,Business,Italy,Deluxe,True,2023-09-05,4,4.3
GUEST001227,Maria,Weber,guest001227@email.com,Business,Greece,Family,False,2024-02-29,15,4.6
GUEST001228,Francesca,Schmidt,guest001228@email.com,Family,Germany,Deluxe,True,2023-05-22,3,4.5
GUEST001229,John,Johnson,guest001229@email.com,Leisure,Italy,Suite,False,2022-08-11,5,4.2
GUEST001230,Ahmed,Weber,guest001230@email.com,Business,Spain,Standard,False,2024-07-13,1,4.8
GUEST001231,John,Mueller,guest001231@email.com,Couple,Spain,Family,False,2023-11-08,8,3.7
GUEST001232,Ahmed,Rossi,guest001232@email.com,Leisure,France,Suite,False,2023-06-29,3,4.1
GUEST001233,Klaus,Zhang,guest001233@email.com,Leisure,Italy,Deluxe,False,2023-09-23,5,5.0
GUEST001234,Lucia,Rossi,guest001234@email.com,Couple,France,Standard,False,2022-07-20,5,4.0
GUEST001235,Sophie,Schmidt,guest001235@email.com,Couple,UK,Suite,False,2022-11-03,2,4.0
GUEST001236,Lucia,Brown,guest001236@email.com,Business,USA,Penthouse,False,2024-07-29,4,4.7
GUEST001237,Francesca,Schmidt,guest001237@email.com,Solo Travel,Greece,Suite,True,2022-04-02,2,4.9
GUEST001238,Lucia,Smith,guest001238@email.com,Leisure,Germany,Deluxe,True,2023-09-19,3,3.9
GUEST001239,Marco,Zhang,guest001239@email.com,Business,UK,Deluxe,False,2024-05-17,3,5.0
GUEST001240,Ahmed,Brown,guest001240@email.com,Family,Belgium,Family,True,2022-03-05,3,4.5
GUEST001241,Yuki,Martin,guest001241@email.com,Business,UK,Suite,False,2024-09-18,5,4.6
GUEST001242,John,Smith,guest001242@email.com,Leisure,Spain,Penthouse,False,2023-12-22,9,5.0
GUEST001243,Marco,Schmidt,guest001243@email.com,Leisure,Netherlands,Penthouse,True,2022-04-23,1,4.2
GUEST001244,Klaus,Smith,guest001244@email.com,Leisure,Greece,Family,False,2022-08-29,2,3.4
GUEST001245,Francesca,Weber,guest001245@email.com,Leisure,Netherlands,Family,False,2023-02-08,2,4.5
GUEST001246,Yuki,Zhang,guest001246@email.com,Leisure,France,Family,True,2023-02-20,1,3.9
GUEST001247,Francesca,Zhang,guest001247@email.com,Business,France,Suite,False,2023-07-13,1,4.2
GUEST001248,Sophie,Mueller,guest001248@email.com,Leisure,UK,Family,True,2023-05-02,4,3.3
GUEST001249,Ahmed,Garcia,guest001249@email.com,Leisure,USA,Penthouse,False,2023-07-23,2,4.5
GUEST001250,Francesca,Schmidt,guest001250@email.com,Leisure,Spain,Standard,False,2024-05-10,4,3.7
GUEST001251,Francesca,Mueller,guest001251@email.com,Business,UK,Penthouse,False,2022-10-23,1,3.6
GUEST001252,Ahmed,Mueller,guest001252@email.com,Solo Travel,Spain,Penthouse,False,2022-01-12,7,5.0
GUEST001253,Maria,Smith,guest001253@email.com,Leisure,Italy,Suite,False,2022-05-28,1,4.7
GUEST001254,Emma,Zhang,guest001254@email.com,Solo Travel,Italy,Standard,True,2024-09-25,1,3.4
GUEST001255,Ahmed,Johnson,guest001255@email.com,Business,Spain,Suite,False,2022-05-21,1,4.9
GUEST001256,Francesca,Rossi,guest001256@email.com,Solo Travel,China,Penthouse,True,2024-07-04,8,4.8
GUEST001257,Lucia,Zhang,guest001257@email.com,Solo Travel,USA,Penthouse,True,2023-10-01,9,4.0
GUEST001258,Ahmed,Rossi,guest001258@email.com,Leisure,Spain,Penthouse,True,2023-06-06,1,4.6
GUEST001259,Francesca,Martin,guest001259@email.com,Couple,UK,Deluxe,False,2024-04-19,4,4.0
GUEST001260,Emma,Zhang,guest001260@email.com,Leisure,Spain,Penthouse,False,2022-12-30,7,4.3
GUEST001261,Sophie,Mueller,guest001261@email.com,Leisure,Italy,Deluxe,True,2023-03-11,1,3.9
GUEST001262,Lucia,Smith,guest001262@email.com,Leisure,USA,Penthouse,False,2023-08-15,2,2.9
GUEST001263,Emma,Garcia,guest001263@email.com,Business,China,Deluxe,False,2023-12-31,4,3.0
GUEST001264,Marco,Brown,guest001264@email.com,Family,Belgium,Penthouse,False,2023-02-25,2,4.5
GUEST001265,Marco,Weber,guest001265@email.com,Leisure,Netherlands,Family,True,2023-01-11,7,4.7
GUEST001266,John,Smith,guest001266@email.com,Leisure,USA,Suite,False,2023-08-05,2,4.2
GUEST001267,Emma,Schmidt,guest001267@email.com,Couple,Italy,Family,True,2022-04-26,11,4.1
GUEST001268,Lucia,Rossi,guest001268@email.com,Business,Netherlands,Family,False,2024-09-11,2,4.4
GUEST001269,Maria,Mueller,guest001269@email.com,Leisure,Italy,Penthouse,False,2024-01-18,2,3.9
GUEST001270,Marco,Brown,guest001270@email.com,Business,France,Penthouse,False,2023-04-22,1,4.7
GUEST001271,Marco,Johnson,guest001271@email.com,Solo Travel,Belgium,Family,True,2023-06-20,1,4.8
GUEST001272,Lucia,Johnson,guest001272@email.com,Leisure,Netherlands,Deluxe,False,2022-09-09,7,3.6
GUEST001273,Emma,Johnson,guest001273@email.com,Business,Greece,Standard,False,2023-12-02,7,4.2
GUEST001274,Marco,Weber,guest001274@email.com,Family,UK,Family,True,2022-11-16,2,5.0
GUEST001275,Lucia,Smith,guest001275@email.com,Solo Travel,USA,Standard,False,2024-07-14,3,3.7
GUEST001276,Yuki,Martin,guest001276@email.com,Family,Italy,Deluxe,False,2024-03-08,3,5.0
GUEST001277,John,Rossi,guest001277@email.com,Family,Belgium,Standard,True,2023-04-10,2,3.8
GUEST001278,Marco,Rossi,guest001278@email.com,Leisure,UK,Family,False,2023-08-11,3,3.3
GUEST001279,Yuki,Zhang,guest001279@email.com,Family,Greece,Family,True,2022-12-28,3,3.4
GUEST001280,Klaus,Brown,guest001280@email.com,Couple,Italy,Suite,False,2022-06-21,1,4.6
GUEST001281,John,Weber,guest001281@email.com,Couple,China,Penthouse,True,2024-02-07,5,4.1
GUEST001282,Klaus,Weber,guest001282@email.com,Family,Netherlands,Suite,False,2022-09-24,2,4.9
GUEST001283,John,Rossi,guest001283@email.com,Leisure,Belgium,Standard,False,2023-08-16,2,4.3
GUEST001284,Ahmed,Weber,guest001284@email.com,Leisure,USA,Suite,False,2022-02-22,10,4.6
GUEST001285,Klaus,Weber,guest001285@email.com,Leisure,Germany,Deluxe,False,2022-01-28,2,4.1
GUEST001286,Klaus,Rossi,guest001286@email.com,Solo Travel,Germany,Suite,False,2022-03-26,1,4.6
GUEST001287,Ahmed,Martin,guest001287@email.com,Couple,UK,Deluxe,True,2022-03-20,1,4.2
GUEST001288,Klaus,Brown,guest001288@email.com,Business,Netherlands,Deluxe,False,2022-05-16,3,4.2
GUEST001289,Lucia,Brown,guest001289@email.com,Business,Italy,Deluxe,False,2022-10-09,1,4.6
GUEST001290,Klaus,Smith,guest001290@email.com,Solo Travel,Greece,Deluxe,False,2024-01-30,2,4.1
GUEST001291,Maria,Weber,guest001291@email.com,Business,USA,Deluxe,False,2022-06-28,1,3.9
GUEST001292,Lucia,Mueller,guest001292@email.com,Solo Travel,UK,Standard,False,2023-11-06,6,4.1
GUEST001293,Emma,Schmidt,guest001293@email.com,Leisure,Belgium,Standard,True,2024-04-07,3,4.2
GUEST001294,Ahmed,Brown,guest001294@email.com,Business,Spain,Penthouse,False,2024-03-12,2,5.0
GUEST001295,Sophie,Rossi,guest001295@email.com,Family,USA,Suite,False,2022-07-05,6,5.0
GUEST001296,Marco,Smith,guest001296@email.com,Couple,Belgium,Family,False,2022-12-18,5,4.3
GUEST001297,Maria,Mueller,guest001297@email.com,Business,Greece,Family,False,2023-09-02,3,3.6
GUEST001298,Ahmed,Rossi,guest001298@email.com,Family,Spain,Deluxe,True,2024-02-10,2,4.5
GUEST001299,Francesca,Zhang,guest001299@email.com,Leisure,Italy,Family,False,2022-09-01,1,3.4
GUEST001300,Emma,Mueller,guest001300@email.com,Business,Germany,Penthouse,False,2022-08-04,3,3.9
GUEST001301,Lucia,Schmidt,guest001301@email.com,Business,UK,Penthouse,True,2022-02-25,1,3.6
GUEST001302,Klaus,Johnson,guest001302@email.com,Leisure,China,Deluxe,True,2022-02-23,2,4.4
GUEST001303,Ahmed,Rossi,guest001303@email.com,Family,China,Penthouse,False,2023-02-13,1,4.5
GUEST001304,Emma,Brown,guest001304@email.com,Business,USA,Penthouse,True,2023-05-03,3,3.5
GUEST001305,Marco,Garcia,guest001305@email.com,Solo Travel,Italy,Suite,False,2023-01-24,2,3.9
GUEST001306,Francesca,Rossi,guest001306@email.com,Business,France,Family,False,2022-09-26,4,4.8
GUEST001307,Ahmed,Martin,guest001307@email.com,Leisure,Spain,Penthouse,True,2024-06-10,1,4.0
GUEST001308,Francesca,Smith,guest001308@email.com,Solo Travel,China,Deluxe,False,2022-10-23,2,3.8
GUEST001309,Emma,Zhang,guest001309@email.com,Leisure,Germany,Family,False,2023-11-26,1,5.0
GUEST001310,Yuki,Martin,guest001310@email.com,Leisure,Italy,Deluxe,False,2023-12-01,5,4.1
GUEST001311,John,Johnson,guest001311@email.com,Leisure,USA,Standard,True,2024-07-28,1,4.0
GUEST001312,Marco,Schmidt,guest001312@email.com,Couple,Greece,Standard,False,2024-09-06,3,3.5
GUEST001313,Francesca,Weber,guest001313@email.com,Leisure,UK,Penthouse,False,2024-07-29,2,4.1
GUEST001314,Klaus,Schmidt,guest001314@email.com,Leisure,China,Standard,False,2022-10-04,1,3.7
GUEST001315,Klaus,Johnson,guest001315@email.com,Family,China,Deluxe,False,2022-09-19,1,5.0
GUEST001316,Lucia,Zhang,guest001316@email.com,Solo Travel,Greece,Standard,False,2023-04-18,6,4.2
GUEST001317,Sophie,Weber,guest001317@email.com,Business,Belgium,Deluxe,True,2024-02-28,4,4.3
GUEST001318,Sophie,Martin,guest001318@email.com,Leisure,USA,Deluxe,False,2022-12-12,2,4.5
GUEST001319,Ahmed,Schmidt,guest001319@email.com,Business,Belgium,Family,False,2023-07-15,16,5.0
GUEST001320,John,Smith,guest001320@email.com,Business,Italy,Suite,False,2024-05-01,6,3.5
GUEST001321,Maria,Smith,guest001321@email.com,Family,USA,Suite,False,2023-02-26,4,4.9
GUEST001322,Maria,Martin,guest001322@email.com,Business,Germany,Penthouse,False,2022-04-17,3,4.6
GUEST001323,Emma,Schmidt,guest001323@email.com,Business,Netherlands,Penthouse,False,2022-08-13,9,3.2
GUEST001324,Klaus,Brown,guest001324@email.com,Business,China,Family,False,2022-07-17,2,4.5
GUEST001325,John,Smith,guest001325@email.com,Business,Germany,Suite,False,2023-09-27,3,4.6
GUEST001326,Maria,Smith,guest001326@email.com,Business,Italy,Family,False,2024-08-19,8,3.3
GUEST001327,Lucia,Garcia,guest001327@email.com,Couple,France,Deluxe,False,2024-08-31,3,4.9
GUEST001328,Lucia,Johnson,guest001328@email.com,Leisure,Netherlands,Deluxe,False,2023-12-27,5,4.9
GUEST001329,Maria,Johnson,guest001329@email.com,Couple,Netherlands,Standard,False,2024-05-26,6,5.0
GUEST001330,Lucia,Mueller,guest001330@email.com,Leisure,USA,Standard,False,2023-01-20,1,3.4
GUEST001331,Lucia,Mueller,guest001331@email.com,Leisure,Italy,Standard,True,2024-07-06,12,3.5
GUEST001332,Maria,Mueller,guest001332@email.com,Business,China,Deluxe,False,2022-09-17,1,3.9
GUEST001333,Klaus,Rossi,guest001333@email.com,Couple,Spain,Standard,False,2023-11-08,2,4.7
GUEST001334,Maria,Rossi,guest001334@email.com,Solo Travel,Spain,Penthouse,False,2024-08-02,5,4.0
GUEST001335,Klaus,Zhang,guest001335@email.com,Solo Travel,Netherlands,Family,True,2023-12-10,2,4.5
GUEST001336,Yuki,Brown,guest001336@email.com,Couple,France,Deluxe,False,2022-06-15,6,3.9
GUEST001337,Maria,Brown,guest001337@email.com,Family,Italy,Family,True,2024-03-06,4,4.4
GUEST001338,John,Zhang,guest001338@email.com,Couple,Greece,Penthouse,False,2023-02-02,1,4.3
GUEST001339,Yuki,Smith,guest001339@email.com,Leisure,Italy,Standard,False,2022-09-22,3,3.5
GUEST001340,Klaus,Mueller,guest001340@email.com,Business,France,Family,False,2023-03-28,4,3.9
GUEST001341,Maria,Rossi,guest001341@email.com,Leisure,Belgium,Standard,False,2024-08-08,2,3.4
GUEST001342,Sophie,Weber,guest001342@email.com,Family,UK,Family,False,2023-02-07,3,4.9
GUEST001343,Ahmed,Rossi,guest001343@email.com,Leisure,UK,Penthouse,False,2022-04-22,3,3.9
GUEST001344,Ahmed,Martin,guest001344@email.com,Leisure,USA,Deluxe,False,2024-02-27,4,4.8
GUEST001345,Francesca,Garcia,guest001345@email.com,Leisure,Germany,Standard,False,2023-09-21,2,5.0
GUEST001346,Maria,Rossi,guest001346@email.com,Solo Travel,China,Suite,False,2024-01-03,3,3.9
GUEST001347,Klaus,Johnson,guest001347@email.com,Leisure,Netherlands,Suite,False,2022-02-05,1,3.7
GUEST001348,Maria,Johnson,guest001348@email.com,Couple,Germany,Family,False,2023-08-09,2,4.2
GUEST001349,Klaus,Rossi,guest001349@email.com,Business,Italy,Deluxe,True,2022-01-20,1,4.0
GUEST001350,Emma,Mueller,guest001350@email.com,Leisure,Germany,Standard,False,2023-10-31,4,4.2
GUEST001351,John,Smith,guest001351@email.com,Solo Travel,Spain,Penthouse,False,2023-11-12,1,4.0
GUEST001352,Francesca,Brown,guest001352@email.com,Leisure,France,Deluxe,False,2022-06-05,6,4.2
GUEST001353,Yuki,Zhang,guest001353@email.com,Leisure,Germany,Standard,False,2023-08-12,9,3.7
GUEST001354,John,Martin,guest001354@email.com,Leisure,USA,Family,False,2023-12-26,1,4.7
GUEST001355,Emma,Rossi,guest001355@email.com,Couple,China,Penthouse,False,2023-03-23,2,4.0
GUEST001356,Francesca,Johnson,guest001356@email.com,Leisure,China,Suite,False,2023-07-08,5,4.5
GUEST001357,Sophie,Smith,guest001357@email.com,Couple,Italy,Standard,True,2023-01-29,2,3.2
GUEST001358,Emma,Johnson,guest001358@email.com,Couple,Netherlands,Penthouse,True,2023-08-04,2,4.0
GUEST001359,Marco,Schmidt,guest001359@email.com,Solo Travel,UK,Penthouse,False,2022-12-08,1,4.3
GUEST001360,Klaus,Zhang,guest001360@email.com,Couple,USA,Standard,False,2022-02-26,8,3.8
GUEST001361,Maria,Schmidt,guest001361@email.com,Couple,China,Family,False,2023-07-02,3,3.9
GUEST001362,Yuki,Johnson,guest001362@email.com,Solo Travel,Greece,Penthouse,False,2024-05-11,1,3.7
GUEST001363,Emma,Brown,guest001363@email.com,Family,Italy,Suite,True,2023-10-26,3,3.2
GUEST001364,Sophie,Mueller,guest001364@email.com,Family,Italy,Family,True,2023-07-22,2,4.9
GUEST001365,John,Zhang,guest001365@email.com,Leisure,Italy,Penthouse,False,2023-11-08,7,4.5
GUEST001366,Sophie,Brown,guest001366@email.com,Family,Italy,Family,True,2023-12-14,3,5.0
GUEST001367,Francesca,Johnson,guest001367@email.com,Family,France,Deluxe,False,2023-10-08,3,3.6
GUEST001368,Yuki,Rossi,guest001368@email.com,Leisure,Germany,Family,False,2022-03-28,3,4.8
GUEST001369,Emma,Garcia,guest001369@email.com,Business,USA,Suite,False,2022-05-24,3,3.9
GUEST001370,John,Garcia,guest001370@email.com,Family,France,Standard,False,2022-01-26,2,4.5
GUEST001371,Lucia,Garcia,guest001371@email.com,Family,USA,Standard,False,2023-05-16,2,4.3
GUEST001372,Francesca,Johnson,guest001372@email.com,Couple,Spain,Standard,False,2024-03-22,6,4.6
GUEST001373,Marco,Brown,guest001373@email.com,Couple,Spain,Standard,True,2023-05-27,1,4.0
GUEST001374,Marco,Rossi,guest001374@email.com,Couple,Greece,Penthouse,False,2024-09-16,3,4.2
GUEST001375,John,Smith,guest001375@email.com,Leisure,Spain,Penthouse,True,2022-12-14,2,3.7
GUEST001376,John,Schmidt,guest001376@email.com,Family,Germany,Standard,False,2024-03-17,4,4.1
GUEST001377,John,Zhang,guest001377@email.com,Business,Greece,Standard,False,2022-05-02,2,4.8
GUEST001378,Sophie,Martin,guest001378@email.com,Leisure,China,Suite,False,2023-04-15,3,4.3
GUEST001379,Marco,Mueller,guest001379@email.com,Business,Greece,Deluxe,False,2024-01-29,2,3.9
GUEST001380,Lucia,Garcia,guest001380@email.com,Solo Travel,USA,Deluxe,False,2024-08-05,8,5.0
GUEST001381,Maria,Smith,guest001381@email.com,Leisure,China,Penthouse,False,2024-01-24,5,3.4
GUEST001382,Ahmed,Rossi,guest001382@email.com,Leisure,China,Penthouse,False,2023-11-01,3,4.6
GUEST001383,John,Rossi,guest001383@email.com,Leisure,Spain,Family,False,2024-07-17,8,4.7
GUEST001384,Lucia,Smith,guest001384@email.com,Leisure,Belgium,Standard,False,2022-09-06,1,4.1
GUEST001385,Ahmed,Smith,guest001385@email.com,Solo Travel,UK,Deluxe,False,2022-06-26,1,3.5
GUEST001386,John,Brown,guest001386@email.com,Business,Germany,Penthouse,False,2024-04-20,3,4.8
GUEST001387,Maria,Rossi,guest001387@email.com,Business,Germany,Family,True,2023-09-18,1,4.8
GUEST001388,Ahmed,Weber,guest001388@email.com,Leisure,Italy,Family,True,2022-03-07,5,4.3
GUEST001389,Maria,Johnson,guest001389@email.com,Couple,China,Suite,False,2023-05-25,1,4.6
GUEST001390,Lucia,Weber,guest001390@email.com,Leisure,Netherlands,Standard,True,2022-08-14,2,3.8
GUEST001391,Maria,Garcia,guest001391@email.com,Leisure,Netherlands,Deluxe,False,2023-03-13,3,3.6
GUEST001392,Yuki,Zhang,guest001392@email.com,Family,Belgium,Family,True,2022-11-29,3,5.0
GUEST001393,Maria,Weber,guest001393@email.com,Business,China,Penthouse,False,2023-07-13,6,4.4
GUEST001394,Ahmed,Schmidt,guest001394@email.com,Family,Spain,Deluxe,False,2024-05-06,5,4.7
GUEST001395,Sophie,Smith,guest001395@email.com,Solo Travel,Germany,Standard,False,2023-08-31,9,4.1
GUEST001396,Ahmed,Schmidt,guest001396@email.com,Leisure,Spain,Penthouse,True,2022-03-06,5,4.0
GUEST001397,Maria,Brown,guest001397@email.com,Leisure,China,Standard,False,2022-05-25,1,4.9
GUEST001398,Francesca,Mueller,guest001398@email.com,Leisure,Netherlands,Family,False,2023-12-15,3,3.7
GUEST001399,Yuki,Martin,guest001399@email.com,Couple,Spain,Suite,False,2022-06-18,1,4.2
GUEST001400,Emma,Garcia,guest001400@email.com,Solo Travel,UK,Suite,True,2024-08-05,12,5.0
GUEST001401,Lucia,Smith,guest001401@email.com,Couple,Germany,Standard,False,2022-05-17,4,3.6
GUEST001402,Maria,Weber,guest001402@email.com,Family,USA,Deluxe,False,2023-01-21,2,3.9
GUEST001403,Ahmed,Smith,guest001403@email.com,Family,Belgium,Standard,False,2024-06-19,1,4.4
GUEST001404,Emma,Johnson,guest001404@email.com,Couple,Netherlands,Standard,True,2022-01-07,4,4.7
GUEST001405,John,Mueller,guest001405@email.com,Leisure,China,Deluxe,False,2024-08-06,3,4.1
GUEST001406,Maria,Weber,guest001406@email.com,Business,UK,Deluxe,False,2024-06-27,5,4.8
GUEST001407,Klaus,Zhang,guest001407@email.com,Couple,Italy,Deluxe,True,2023-12-12,7,4.1
GUEST001408,Emma,Mueller,guest001408@email.com,Family,Germany,Penthouse,True,2022-07-31,1,4.1
GUEST001409,Ahmed,Brown,guest001409@email.com,Leisure,Italy,Standard,False,2023-06-20,1,4.3
GUEST001410,Emma,Zhang,guest001410@email.com,Family,Germany,Penthouse,False,2022-09-02,20,4.3
GUEST001411,Ahmed,Weber,guest001411@email.com,Business,Spain,Standard,False,2023-12-10,3,4.2
GUEST001412,John,Weber,guest001412@email.com,Leisure,UK,Suite,False,2022-07-04,1,3.7
GUEST001413,Emma,Weber,guest001413@email.com,Leisure,Greece,Standard,False,2024-08-31,1,3.6
GUEST001414,Maria,Brown,guest001414@email.com,Family,Greece,Standard,True,2022-12-23,2,4.2
GUEST001415,Francesca,Smith,guest001415@email.com,Business,UK,Deluxe,True,2023-07-26,3,4.6
GUEST001416,Sophie,Garcia,guest001416@email.com,Leisure,Greece,Penthouse,False,2022-05-01,5,4.2
GUEST001417,Marco,Johnson,guest001417@email.com,Leisure,Netherlands,Family,False,2023-09-26,6,4.5
GUEST001418,Yuki,Martin,guest001418@email.com,Leisure,Greece,Penthouse,False,2023-06-04,4,3.7
GUEST001419,Sophie,Rossi,guest001419@email.com,Business,China,Deluxe,False,2024-02-28,1,4.8
GUEST001420,Sophie,Brown,guest001420@email.com,Business,France,Standard,False,2022-02-24,3,5.0
GUEST001421,Sophie,Johnson,guest001421@email.com,Business,Spain,Family,True,2024-03-26,4,3.9
GUEST001422,Ahmed,Rossi,guest001422@email.com,Solo Travel,Germany,Deluxe,False,2023-05-25,2,4.7
GUEST001423,Ahmed,Mueller,guest001423@email.com,Leisure,Netherlands,Family,True,2023-11-18,4,3.7
GUEST001424,John,Smith,guest001424@email.com,Couple,China,Penthouse,False,2023-10-23,7,4.7
GUEST001425,Yuki,Brown,guest001425@email.com,Business,China,Suite,False,2022-08-03,12,4.0
GUEST001426,Francesca,Brown,guest001426@email.com,Business,UK,Family,False,2022-12-09,5,4.5
GUEST001427,Lucia,Rossi,guest001427@email.com,Couple,Italy,Standard,True,2022-02-14,2,5.0
GUEST001428,Maria,Smith,guest001428@email.com,Leisure,USA,Penthouse,True,2024-08-05,4,4.2
GUEST001429,Marco,Mueller,guest001429@email.com,Leisure,Italy,Deluxe,True,2022-06-11,2,3.8
GUEST001430,John,Rossi,guest001430@email.com,Solo Travel,Greece,Penthouse,False,2023-06-12,1,4.3
GUEST001431,Maria,Johnson,guest001431@email.com,Business,Greece,Suite,True,2024-07-05,3,3.8
GUEST001432,Sophie,Rossi,guest001432@email.com,Family,Greece,Penthouse,True,2023-08-30,2,4.2
GUEST001433,Lucia,Schmidt,guest001433@email.com,Family,Greece,Family,False,2023-03-06,3,4.3
GUEST001434,Sophie,Schmidt,guest001434@email.com,Business,Germany,Penthouse,False,2022-08-24,4,4.4
GUEST001435,Maria,Schmidt,guest001435@email.com,Solo Travel,France,Penthouse,True,2022-08-22,1,4.2
GUEST001436,Maria,Garcia,guest001436@email.com,Family,Belgium,Suite,True,2024-01-26,1,4.1
GUEST001437,Francesca,Garcia,guest001437@email.com,Leisure,Germany,Family,True,2023-01-20,1,4.2
GUEST001438,Sophie,Johnson,guest001438@email.com,Solo Travel,Greece,Suite,False,2023-04-28,2,3.9
GUEST001439,Lucia,Rossi,guest001439@email.com,Solo Travel,USA,Penthouse,False,2022-02-25,1,4.9
GUEST001440,Francesca,Mueller,guest001440@email.com,Couple,France,Standard,False,2022-08-10,3,4.2
GUEST001441,Lucia,Rossi,guest001441@email.com,Leisure,Netherlands,Standard,False,2022-07-02,6,3.2
GUEST001442,Francesca,Schmidt,guest001442@email.com,Couple,Italy,Deluxe,True,2022-05-20,4,4.1
GUEST001443,Emma,Garcia,guest001443@email.com,Leisure,Netherlands,Deluxe,True,2023-10-10,1,3.3
GUEST001444,Yuki,Brown,guest001444@email.com,Business,Germany,Deluxe,False,2022-07-27,1,3.7
GUEST001445,Yuki,Mueller,guest001445@email.com,Leisure,China,Penthouse,False,2022-02-02,1,3.9
GUEST001446,Lucia,Smith,guest001446@email.com,Leisure,Netherlands,Penthouse,False,2022-10-15,1,4.9
GUEST001447,Ahmed,Johnson,guest001447@email.com,Leisure,Belgium,Family,False,2024-05-22,1,4.3
GUEST001448,Emma,Rossi,guest001448@email.com,Couple,Germany,Family,False,2023-03-05,1,4.0
GUEST001449,Ahmed,Schmidt,guest001449@email.com,Family,Greece,Penthouse,True,2022-08-14,8,4.4
GUEST001450,Klaus,Weber,guest001450@email.com,Solo Travel,Belgium,Family,False,2022-06-10,1,4.6
GUEST001451,Lucia,Mueller,guest001451@email.com,Leisure,USA,Suite,False,2023-08-15,5,3.5
GUEST001452,Marco,Garcia,guest001452@email.com,Solo Travel,Spain,Suite,False,2022-03-30,4,4.0
GUEST001453,Francesca,Martin,guest001453@email.com,Leisure,Italy,Deluxe,True,2023-05-16,9,4.2
GUEST001454,Sophie,Weber,guest001454@email.com,Business,Spain,Standard,False,2023-04-30,1,4.0
GUEST001455,Emma,Brown,guest001455@email.com,Leisure,Germany,Penthouse,False,2022-01-15,6,4.7
GUEST001456,Francesca,Garcia,guest001456@email.com,Solo Travel,Netherlands,Penthouse,False,2022-09-11,2,5.0
GUEST001457,Yuki,Zhang,guest001457@email.com,Solo Travel,Italy,Deluxe,False,2023-08-17,1,4.7
GUEST001458,Sophie,Weber,guest001458@email.com,Leisure,Spain,Standard,False,2024-08-26,1,4.1
GUEST001459,Ahmed,Weber,guest001459@email.com,Business,China,Penthouse,False,2024-07-08,3,4.7
GUEST001460,John,Zhang,guest001460@email.com,Leisure,France,Deluxe,False,2022-02-15,1,4.9
GUEST001461,John,Rossi,guest001461@email.com,Leisure,Germany,Penthouse,True,2024-01-22,2,4.3
GUEST001462,Marco,Smith,guest001462@email.com,Leisure,Germany,Suite,True,2023-03-12,1,4.8
GUEST001463,Marco,Zhang,guest001463@email.com,Business,UK,Penthouse,False,2023-05-06,5,4.3
GUEST001464,Maria,Rossi,guest001464@email.com,Leisure,UK,Suite,False,2023-05-23,1,4.1
GUEST001465,Sophie,Johnson,guest001465@email.com,Business,France,Family,False,2023-07-26,8,4.5
GUEST001466,John,Zhang,guest001466@email.com,Solo Travel,Netherlands,Penthouse,True,2024-08-30,1,4.2
GUEST001467,Sophie,Mueller,guest001467@email.com,Family,Spain,Deluxe,False,2023-01-03,3,3.8
GUEST001468,Klaus,Garcia,guest001468@email.com,Business,Netherlands,Deluxe,False,2023-10-26,1,3.8
GUEST001469,Maria,Smith,guest001469@email.com,Business,Spain,Standard,False,2023-05-07,1,3.3
GUEST001470,Klaus,Mueller,guest001470@email.com,Couple,USA,Suite,False,2023-12-22,4,4.0
GUEST001471,Emma,Weber,guest001471@email.com,Business,UK,Family,False,2024-02-05,3,4.4
GUEST001472,Lucia,Smith,guest001472@email.com,Leisure,Belgium,Family,False,2024-09-26,1,4.7
GUEST001473,Emma,Rossi,guest001473@email.com,Leisure,UK,Family,False,2024-03-01,1,4.5
GUEST001474,Ahmed,Zhang,guest001474@email.com,Business,Belgium,Family,False,2022-07-09,4,4.3
GUEST001475,Yuki,Rossi,guest001475@email.com,Leisure,Spain,Penthouse,False,2023-12-22,1,3.8
GUEST001476,John,Johnson,guest001476@email.com,Business,Spain,Suite,False,2023-01-30,3,4.8
GUEST001477,Yuki,Martin,guest001477@email.com,Leisure,USA,Family,False,2022-02-03,2,5.0
GUEST001478,Klaus,Zhang,guest001478@email.com,Solo Travel,Germany,Family,False,2024-02-10,4,3.8
GUEST001479,Klaus,Weber,guest001479@email.com,Business,Greece,Standard,True,2023-07-10,5,4.0
GUEST001480,Lucia,Garcia,guest001480@email.com,Leisure,France,Family,False,2024-03-17,4,4.2
GUEST001481,Maria,Weber,guest001481@email.com,Leisure,France,Standard,False,2024-06-20,1,4.4
GUEST001482,Yuki,Smith,guest001482@email.com,Leisure,Netherlands,Suite,False,2023-06-12,3,3.8
GUEST001483,Yuki,Smith,guest001483@email.com,Solo Travel,Belgium,Family,False,2022-04-24,1,4.1
GUEST001484,Francesca,Schmidt,guest001484@email.com,Couple,Italy,Family,True,2023-04-22,3,4.0
GUEST001485,Lucia,Smith,guest001485@email.com,Leisure,Netherlands,Penthouse,False,2023-01-10,1,4.9
GUEST001486,Yuki,Mueller,guest001486@email.com,Leisure,Belgium,Standard,False,2023-10-26,2,4.2
GUEST001487,Marco,Johnson,guest001487@email.com,Couple,Greece,Penthouse,False,2023-07-29,1,4.6
GUEST001488,Sophie,Mueller,guest001488@email.com,Couple,UK,Deluxe,False,2022-12-09,6,3.7
GUEST001489,Sophie,Martin,guest001489@email.com,Family,Greece,Penthouse,False,2022-04-27,2,4.3
GUEST001490,Emma,Weber,guest001490@email.com,Family,China,Deluxe,True,2024-06-11,3,5.0
GUEST001491,Sophie,Garcia,guest001491@email.com,Couple,China,Penthouse,True,2022-11-25,3,3.7
GUEST001492,Yuki,Brown,guest001492@email.com,Couple,Greece,Standard,False,2023-05-31,12,4.0
GUEST001493,Francesca,Brown,guest001493@email.com,Family,USA,Penthouse,True,2022-02-25,8,3.9
GUEST001494,Maria,Schmidt,guest001494@email.com,Leisure,UK,Deluxe,True,2022-12-20,3,3.8
GUEST001495,Emma,Rossi,guest001495@email.com,Leisure,Greece,Deluxe,False,2023-05-29,6,4.5
GUEST001496,Marco,Johnson,guest001496@email.com,Business,UK,Penthouse,False,2023-04-27,5,4.2
GUEST001497,Marco,Martin,guest001497@email.com,Business,Italy,Penthouse,True,2024-07-10,14,4.5
GUEST001498,Klaus,Rossi,guest001498@email.com,Couple,Netherlands,Penthouse,False,2023-09-28,6,4.6
GUEST001499,Yuki,Johnson,guest001499@email.com,Business,France,Standard,False,2022-07-12,1,4.6
GUEST001500,Emma,Johnson,guest001500@email.com,Leisure,Netherlands,Standard,True,2022-03-24,1,4.3
GUEST001501,Francesca,Mueller,guest001501@email.com,Business,Spain,Standard,True,2022-10-23,5,3.6
GUEST001502,Maria,Johnson,guest001502@email.com,Leisure,Greece,Family,True,2022-06-18,2,4.2
GUEST001503,Klaus,Johnson,guest001503@email.com,Leisure,USA,Standard,False,2023-12-15,3,3.8
GUEST001504,Ahmed,Rossi,guest001504@email.com,Leisure,Greece,Standard,False,2022-06-04,2,4.2
GUEST001505,Sophie,Martin,guest001505@email.com,Leisure,Italy,Deluxe,True,2024-09-01,2,4.2
GUEST001506,John,Brown,guest001506@email.com,Family,Italy,Penthouse,False,2023-03-03,1,3.7
GUEST001507,Marco,Mueller,guest001507@email.com,Business,Spain,Family,True,2023-05-01,1,3.7
GUEST001508,Yuki,Zhang,guest001508@email.com,Solo Travel,Germany,Deluxe,False,2023-03-31,8,4.1
GUEST001509,John,Brown,guest001509@email.com,Leisure,Netherlands,Family,False,2022-07-13,2,4.8
GUEST001510,Maria,Smith,guest001510@email.com,Couple,Belgium,Family,False,2024-06-11,5,3.7
GUEST001511,Sophie,Martin,guest001511@email.com,Couple,Netherlands,Deluxe,True,2023-10-23,2,4.5
GUEST001512,Yuki,Zhang,guest001512@email.com,Business,USA,Deluxe,True,2023-08-16,12,5.0
GUEST001513,Yuki,Schmidt,guest001513@email.com,Solo Travel,Italy,Standard,False,2023-05-13,1,4.8
GUEST001514,Lucia,Martin,guest001514@email.com,Solo Travel,Italy,Suite,False,2024-05-12,3,4.2
GUEST001515,Marco,Rossi,guest001515@email.com,Leisure,Italy,Standard,False,2023-04-14,3,3.6
GUEST001516,Klaus,Weber,guest001516@email.com,Business,Italy,Standard,False,2022-05-16,9,3.7
GUEST001517,Klaus,Mueller,guest001517@email.com,Leisure,China,Family,False,2024-03-19,1,3.9
GUEST001518,Klaus,Garcia,guest001518@email.com,Leisure,Italy,Family,True,2023-05-11,8,5.0
GUEST001519,Yuki,Brown,guest001519@email.com,Couple,UK,Standard,False,2024-02-28,2,4.6
GUEST001520,John,Mueller,guest001520@email.com,Leisure,Germany,Suite,False,2022-12-28,2,5.0
GUEST001521,Klaus,Rossi,guest001521@email.com,Leisure,USA,Penthouse,False,2024-09-06,3,4.1
GUEST001522,Ahmed,Weber,guest001522@email.com,Business,Belgium,Penthouse,False,2024-08-04,4,4.2
GUEST001523,Ahmed,Martin,guest001523@email.com,Family,Belgium,Penthouse,False,2022-10-20,7,4.3
GUEST001524,Ahmed,Mueller,guest001524@email.com,Leisure,USA,Standard,False,2024-05-09,7,4.6
GUEST001525,Ahmed,Mueller,guest001525@email.com,Leisure,Greece,Family,True,2022-09-01,2,3.9
GUEST001526,Maria,Smith,guest001526@email.com,Business,UK,Family,False,2022-11-21,7,5.0
GUEST001527,Lucia,Mueller,guest001527@email.com,Couple,UK,Penthouse,False,2023-03-28,3,4.0
GUEST001528,Klaus,Schmidt,guest001528@email.com,Business,China,Deluxe,False,2022-07-08,3,3.8
GUEST001529,Sophie,Martin,guest001529@email.com,Family,Italy,Penthouse,False,2023-12-26,4,3.4
GUEST001530,John,Schmidt,guest001530@email.com,Couple,France,Deluxe,False,2022-12-19,6,4.1
GUEST001531,Ahmed,Schmidt,guest001531@email.com,Solo Travel,Netherlands,Family,False,2023-04-05,1,4.1
GUEST001532,Marco,Mueller,guest001532@email.com,Business,Greece,Deluxe,False,2023-07-01,3,3.5
GUEST001533,Klaus,Johnson,guest001533@email.com,Family,China,Standard,False,2024-07-31,5,3.8
GUEST001534,John,Zhang,guest001534@email.com,Business,Belgium,Suite,False,2024-08-11,2,3.9
GUEST001535,Emma,Mueller,guest001535@email.com,Leisure,Greece,Standard,True,2024-08-28,1,4.2
GUEST001536,Emma,Schmidt,guest001536@email.com,Solo Travel,Belgium,Family,True,2022-06-09,1,4.4
GUEST001537,John,Martin,guest001537@email.com,Leisure,UK,Deluxe,True,2024-09-26,1,3.7
GUEST001538,Marco,Schmidt,guest001538@email.com,Business,Germany,Suite,True,2023-10-25,5,4.2
GUEST001539,Klaus,Rossi,guest001539@email.com,Business,Greece,Suite,True,2024-07-06,6,4.8
GUEST001540,Klaus,Weber,guest001540@email.com,Family,Italy,Deluxe,True,2023-11-14,3,4.2
GUEST001541,Ahmed,Weber,guest001541@email.com,Leisure,France,Family,True,2024-01-17,1,4.6
GUEST001542,Emma,Schmidt,guest001542@email.com,Leisure,Netherlands,Penthouse,False,2023-12-07,8,5.0
GUEST001543,Maria,Rossi,guest001543@email.com,Leisure,France,Family,False,2024-07-10,6,4.2
GUEST001544,John,Mueller,guest001544@email.com,Business,USA,Family,False,2023-11-26,3,4.8
GUEST001545,Marco,Johnson,guest001545@email.com,Leisure,China,Suite,False,2022-11-12,6,5.0
GUEST001546,John,Zhang,guest001546@email.com,Leisure,China,Suite,True,2023-09-25,4,4.7
GUEST001547,Sophie,Rossi,guest001547@email.com,Leisure,Germany,Standard,False,2023-01-01,1,3.4
GUEST001548,Maria,Schmidt,guest001548@email.com,Business,USA,Deluxe,False,2022-02-26,2,4.2
GUEST001549,Lucia,Garcia,guest001549@email.com,Leisure,Germany,Suite,False,2023-08-21,3,4.4
GUEST001550,Marco,Garcia,guest001550@email.com,Leisure,UK,Suite,True,2024-03-11,1,4.1
GUEST001551,Klaus,Garcia,guest001551@email.com,Leisure,Germany,Penthouse,False,2022-01-24,1,4.1
GUEST001552,Maria,Martin,guest001552@email.com,Solo Travel,USA,Penthouse,False,2024-05-19,1,4.4
GUEST001553,Emma,Johnson,guest001553@email.com,Business,UK,Suite,True,2024-09-26,2,3.7
GUEST001554,Marco,Zhang,guest001554@email.com,Business,Italy,Penthouse,False,2022-07-19,12,4.0
GUEST001555,Emma,Schmidt,guest001555@email.com,Leisure,Spain,Deluxe,False,2023-09-10,12,4.2
GUEST001556,Lucia,Martin,guest001556@email.com,Business,Germany,Deluxe,False,2024-08-24,11,5.0
GUEST001557,John,Schmidt,guest001557@email.com,Leisure,China,Penthouse,False,2023-02-12,4,3.9
GUEST001558,Ahmed,Zhang,guest001558@email.com,Leisure,France,Penthouse,False,2023-01-14,6,4.5
GUEST001559,Francesca,Schmidt,guest001559@email.com,Leisure,China,Family,False,2022-01-13,5,4.7
GUEST001560,Klaus,Schmidt,guest001560@email.com,Leisure,Netherlands,Penthouse,False,2022-12-26,2,4.0
GUEST001561,Klaus,Rossi,guest001561@email.com,Family,Belgium,Standard,True,2024-06-14,5,3.7
GUEST001562,Marco,Johnson,guest001562@email.com,Business,Netherlands,Deluxe,False,2022-08-09,1,4.6
GUEST001563,Emma,Zhang,guest001563@email.com,Leisure,China,Suite,True,2024-04-02,1,4.3
GUEST001564,Emma,Brown,guest001564@email.com,Family,China,Family,True,2022-06-17,2,3.2
GUEST001565,Francesca,Zhang,guest001565@email.com,Leisure,Netherlands,Family,False,2022-05-23,2,4.4
GUEST001566,Lucia,Weber,guest001566@email.com,Business,Netherlands,Suite,False,2022-03-30,6,4.2
GUEST001567,Ahmed,Garcia,guest001567@email.com,Leisure,Netherlands,Deluxe,False,2022-11-07,8,4.1
GUEST001568,Emma,Martin,guest001568@email.com,Business,China,Suite,False,2022-12-10,7,3.7
GUEST001569,Maria,Weber,guest001569@email.com,Leisure,China,Deluxe,False,2024-02-14,5,3.6
GUEST001570,Francesca,Johnson,guest001570@email.com,Leisure,Spain,Suite,False,2022-01-07,1,4.3
GUEST001571,Francesca,Brown,guest001571@email.com,Family,Belgium,Deluxe,True,2023-03-01,1,3.7
GUEST001572,Ahmed,Martin,guest001572@email.com,Leisure,Greece,Penthouse,True,2023-04-19,2,5.0
GUEST001573,Lucia,Mueller,guest001573@email.com,Solo Travel,Spain,Deluxe,False,2022-07-24,1,4.0
GUEST001574,Ahmed,Zhang,guest001574@email.com,Couple,Greece,Deluxe,False,2022-10-24,1,4.9
GUEST001575,Marco,Rossi,guest001575@email.com,Couple,Belgium,Family,False,2022-02-13,4,3.8
GUEST001576,Klaus,Weber,guest001576@email.com,Family,Belgium,Deluxe,False,2022-11-08,5,4.3
GUEST001577,Emma,Martin,guest001577@email.com,Leisure,China,Deluxe,False,2024-01-28,1,4.5
GUEST001578,Emma,Garcia,guest001578@email.com,Leisure,Spain,Deluxe,True,2022-01-28,3,4.3
GUEST001579,John,Mueller,guest001579@email.com,Leisure,Greece,Family,True,2022-09-26,6,3.8
GUEST001580,Klaus,Rossi,guest001580@email.com,Couple,Netherlands,Family,False,2022-05-08,3,4.1
GUEST001581,Klaus,Zhang,guest001581@email.com,Business,UK,Standard,True,2022-07-03,2,4.0
GUEST001582,Emma,Garcia,guest001582@email.com,Family,USA,Family,False,2022-01-30,3,4.8
GUEST001583,Maria,Brown,guest001583@email.com,Business,UK,Suite,False,2023-05-20,1,4.9
GUEST001584,Maria,Weber,guest001584@email.com,Couple,Greece,Suite,False,2024-02-03,1,4.2
GUEST001585,Yuki,Weber,guest001585@email.com,Couple,USA,Suite,False,2023-05-08,1,4.5
GUEST001586,Lucia,Zhang,guest001586@email.com,Business,Italy,Standard,False,2024-06-08,2,3.3
GUEST001587,Klaus,Rossi,guest001587@email.com,Solo Travel,Germany,Deluxe,False,2024-09-24,2,5.0
GUEST001588,Maria,Schmidt,guest001588@email.com,Leisure,China,Family,False,2023-06-09,2,3.6
GUEST001589,Lucia,Smith,guest001589@email.com,Family,Germany,Family,False,2024-05-15,3,4.4
GUEST001590,Klaus,Mueller,guest001590@email.com,Couple,Greece,Family,True,2023-08-19,1,4.0
GUEST001591,John,Mueller,guest001591@email.com,Leisure,Netherlands,Family,False,2022-11-24,1,5.0
GUEST001592,Emma,Mueller,guest001592@email.com,Leisure,Belgium,Penthouse,False,2023-01-01,6,3.6
GUEST001593,Ahmed,Smith,guest001593@email.com,Business,USA,Family,True,2022-10-07,1,4.0
GUEST001594,Yuki,Zhang,guest001594@email.com,Solo Travel,Spain,Suite,False,2023-10-14,2,5.0
GUEST001595,Yuki,Smith,guest001595@email.com,Leisure,Netherlands,Suite,False,2022-10-24,11,4.7
GUEST001596,Klaus,Martin,guest001596@email.com,Leisure,Spain,Standard,True,2023-10-17,1,3.7
GUEST001597,Maria,Martin,guest001597@email.com,Family,UK,Penthouse,False,2022-07-18,2,3.7
GUEST001598,Ahmed,Johnson,guest001598@email.com,Business,China,Standard,True,2023-09-06,2,3.7
GUEST001599,Ahmed,Martin,guest001599@email.com,Leisure,USA,Standard,True,2022-11-27,3,4.4
GUEST001600,Yuki,Brown,guest001600@email.com,Business,Italy,Suite,False,2022-10-05,3,4.3
GUEST001601,Yuki,Johnson,guest001601@email.com,Couple,Spain,Standard,True,2023-07-02,4,3.3
GUEST001602,Lucia,Schmidt,guest001602@email.com,Business,France,Standard,True,2024-04-23,4,3.9
GUEST001603,Ahmed,Smith,guest001603@email.com,Couple,USA,Standard,False,2022-05-21,1,4.3
GUEST001604,Marco,Brown,guest001604@email.com,Leisure,Netherlands,Suite,True,2023-01-17,1,4.5
GUEST001605,Emma,Zhang,guest001605@email.com,Business,Netherlands,Deluxe,False,2022-12-15,2,4.7
GUEST001606,Ahmed,Johnson,guest001606@email.com,Leisure,Belgium,Penthouse,False,2022-08-12,1,3.9
GUEST001607,Ahmed,Martin,guest001607@email.com,Business,Netherlands,Standard,False,2022-08-15,2,4.2
GUEST001608,Sophie,Martin,guest001608@email.com,Family,China,Family,True,2023-09-21,9,5.0
GUEST001609,Marco,Martin,guest001609@email.com,Leisure,China,Family,False,2023-12-31,2,4.4
GUEST001610,Marco,Johnson,guest001610@email.com,Business,USA,Penthouse,True,2023-03-04,3,4.9
GUEST001611,Emma,Johnson,guest001611@email.com,Couple,Germany,Family,False,2022-04-30,5,4.2
GUEST001612,Ahmed,Smith,guest001612@email.com,Couple,France,Standard,False,2023-05-07,8,4.4
GUEST001613,Yuki,Brown,guest001613@email.com,Leisure,USA,Standard,True,2023-12-09,1,3.2
GUEST001614,Yuki,Mueller,guest001614@email.com,Leisure,Italy,Family,False,2024-04-16,1,3.5
GUEST001615,Emma,Weber,guest001615@email.com,Couple,Germany,Family,True,2023-06-20,1,4.2
GUEST001616,Yuki,Mueller,guest001616@email.com,Solo Travel,France,Standard,False,2023-12-28,2,4.6
GUEST001617,Klaus,Smith,guest001617@email.com,Leisure,Germany,Deluxe,False,2024-02-02,2,4.6
GUEST001618,Maria,Garcia,guest001618@email.com,Solo Travel,Spain,Family,False,2022-05-12,1,4.1
GUEST001619,Ahmed,Garcia,guest001619@email.com,Couple,Greece,Family,False,2022-11-11,2,4.9
GUEST001620,Ahmed,Garcia,guest001620@email.com,Leisure,Greece,Penthouse,False,2022-05-14,5,5.0
GUEST001621,Maria,Zhang,guest001621@email.com,Business,China,Family,False,2023-12-09,2,4.5
GUEST001622,Maria,Johnson,guest001622@email.com,Family,France,Family,True,2022-01-20,2,4.0
GUEST001623,Emma,Zhang,guest001623@email.com,Business,Germany,Standard,False,2022-02-13,8,3.5
GUEST001624,Sophie,Johnson,guest001624@email.com,Family,China,Penthouse,False,2022-02-03,1,4.0
GUEST001625,Marco,Weber,guest001625@email.com,Solo Travel,USA,Suite,False,2022-03-02,2,4.2
GUEST001626,Emma,Johnson,guest001626@email.com,Business,Netherlands,Family,False,2024-07-19,4,4.6
GUEST001627,Klaus,Smith,guest001627@email.com,Couple,China,Family,False,2022-03-09,3,3.8
GUEST001628,Klaus,Smith,guest001628@email.com,Leisure,France,Family,False,2024-02-12,9,4.6
GUEST001629,Maria,Johnson,guest001629@email.com,Family,France,Suite,False,2024-07-31,7,4.5
GUEST001630,Lucia,Garcia,guest001630@email.com,Business,Germany,Standard,False,2023-08-25,2,4.2
GUEST001631,Sophie,Mueller,guest001631@email.com,Solo Travel,Germany,Suite,False,2023-11-18,7,5.0
GUEST001632,Yuki,Smith,guest001632@email.com,Business,Netherlands,Deluxe,False,2022-04-03,6,4.2
GUEST001633,Ahmed,Brown,guest001633@email.com,Family,Greece,Penthouse,False,2024-08-29,4,5.0
GUEST001634,Lucia,Schmidt,guest001634@email.com,Leisure,China,Standard,False,2022-12-27,2,3.7
GUEST001635,Ahmed,Martin,guest001635@email.com,Leisure,Spain,Penthouse,True,2024-03-10,1,4.0
GUEST001636,Lucia,Garcia,guest001636@email.com,Family,Italy,Standard,True,2023-06-02,2,5.0
GUEST001637,Lucia,Johnson,guest001637@email.com,Business,Greece,Standard,True,2022-04-12,2,4.5
GUEST001638,Lucia,Smith,guest001638@email.com,Leisure,China,Family,True,2023-06-26,10,4.0
GUEST001639,Sophie,Garcia,guest001639@email.com,Business,Italy,Penthouse,False,2024-09-14,11,5.0
GUEST001640,Klaus,Mueller,guest001640@email.com,Leisure,Netherlands,Family,False,2024-07-12,1,4.1
GUEST001641,Marco,Smith,guest001641@email.com,Solo Travel,USA,Suite,False,2024-09-23,3,3.8
GUEST001642,Maria,Garcia,guest001642@email.com,Leisure,Belgium,Deluxe,False,2024-07-31,11,4.4
GUEST001643,Marco,Rossi,guest001643@email.com,Business,Belgium,Family,False,2023-01-11,2,4.1
GUEST001644,Lucia,Mueller,guest001644@email.com,Business,France,Deluxe,True,2023-03-27,6,4.4
GUEST001645,Maria,Mueller,guest001645@email.com,Business,Spain,Standard,True,2024-05-04,4,4.7
GUEST001646,Yuki,Zhang,guest001646@email.com,Couple,Germany,Standard,False,2023-03-11,2,4.0
GUEST001647,Sophie,Martin,guest001647@email.com,Couple,France,Suite,False,2022-08-22,2,4.0
GUEST001648,Francesca,Johnson,guest001648@email.com,Couple,Spain,Penthouse,False,2024-02-19,1,4.3
GUEST001649,Yuki,Johnson,guest001649@email.com,Couple,Belgium,Penthouse,True,2023-04-23,2,4.8
GUEST001650,Maria,Martin,guest001650@email.com,Family,Greece,Standard,False,2022-05-20,1,5.0
GUEST001651,Emma,Schmidt,guest001651@email.com,Couple,USA,Penthouse,False,2023-12-23,1,5.0
GUEST001652,Klaus,Martin,guest001652@email.com,Business,UK,Family,False,2024-01-10,3,3.8
GUEST001653,John,Johnson,guest001653@email.com,Leisure,Netherlands,Deluxe,False,2022-12-02,2,3.9
GUEST001654,Emma,Johnson,guest001654@email.com,Business,China,Penthouse,False,2023-01-30,5,5.0
GUEST001655,Klaus,Rossi,guest001655@email.com,Business,Germany,Penthouse,False,2023-09-07,4,4.0
GUEST001656,Klaus,Rossi,guest001656@email.com,Business,France,Suite,False,2022-08-20,2,4.3
GUEST001657,Marco,Zhang,guest001657@email.com,Couple,USA,Suite,False,2022-10-25,1,3.6
GUEST001658,Francesca,Garcia,guest001658@email.com,Business,USA,Standard,False,2024-05-27,2,4.6
GUEST001659,Maria,Rossi,guest001659@email.com,Leisure,Netherlands,Deluxe,True,2024-08-19,1,4.4
GUEST001660,Yuki,Mueller,guest001660@email.com,Couple,Netherlands,Standard,True,2022-01-14,6,3.3
GUEST001661,Emma,Johnson,guest001661@email.com,Family,UK,Penthouse,False,2023-02-10,4,3.8
GUEST001662,Emma,Martin,guest001662@email.com,Leisure,France,Deluxe,False,2023-11-06,4,4.4
GUEST001663,Maria,Johnson,guest001663@email.com,Leisure,Belgium,Suite,True,2022-05-27,1,4.9
GUEST001664,Francesca,Zhang,guest001664@email.com,Business,Italy,Penthouse,False,2023-12-13,1,4.3
GUEST001665,Lucia,Johnson,guest001665@email.com,Leisure,Netherlands,Standard,True,2024-01-30,1,4.3
GUEST001666,Ahmed,Johnson,guest001666@email.com,Couple,Germany,Deluxe,False,2023-01-08,6,4.7
GUEST001667,Sophie,Schmidt,guest001667@email.com,Business,USA,Penthouse,False,2022-07-25,4,4.3
GUEST001668,Lucia,Zhang,guest001668@email.com,Family,Germany,Standard,True,2022-05-06,4,4.1
GUEST001669,Sophie,Zhang,guest001669@email.com,Leisure,Belgium,Deluxe,True,2024-01-13,5,3.1
GUEST001670,Emma,Brown,guest001670@email.com,Business,Greece,Family,False,2024-02-23,5,4.4
GUEST001671,Lucia,Weber,guest001671@email.com,Business,UK,Family,True,2022-10-07,2,3.1
GUEST001672,Francesca,Schmidt,guest001672@email.com,Business,UK,Family,False,2023-05-03,4,4.8
GUEST001673,Lucia,Zhang,guest001673@email.com,Business,Netherlands,Penthouse,True,2023-05-12,4,4.2
GUEST001674,Marco,Brown,guest001674@email.com,Leisure,Belgium,Standard,False,2022-05-31,1,4.8
GUEST001675,Emma,Johnson,guest001675@email.com,Solo Travel,UK,Standard,False,2022-05-06,5,3.2
GUEST001676,Klaus,Rossi,guest001676@email.com,Business,Italy,Penthouse,False,2023-05-25,1,4.2
GUEST001677,Sophie,Mueller,guest001677@email.com,Business,Spain,Standard,False,2022-01-31,6,5.0
GUEST001678,Maria,Smith,guest001678@email.com,Leisure,Germany,Deluxe,True,2024-04-30,2,4.1
GUEST001679,Maria,Rossi,guest001679@email.com,Leisure,Germany,Suite,False,2023-11-26,5,3.8
GUEST001680,John,Mueller,guest001680@email.com,Business,UK,Suite,False,2023-01-27,11,3.8
GUEST001681,Lucia,Schmidt,guest001681@email.com,Business,China,Family,False,2022-06-06,2,4.3
GUEST001682,Klaus,Weber,guest001682@email.com,Solo Travel,Germany,Suite,False,2023-10-01,2,4.2
GUEST001683,Maria,Johnson,guest001683@email.com,Solo Travel,Belgium,Family,True,2023-11-08,7,4.1
GUEST001684,Marco,Rossi,guest001684@email.com,Family,Germany,Family,False,2024-03-22,2,4.7
GUEST001685,Emma,Garcia,guest001685@email.com,Family,Germany,Suite,False,2022-10-28,1,4.3
GUEST001686,Emma,Rossi,guest001686@email.com,Family,Netherlands,Standard,False,2023-06-01,1,3.6
GUEST001687,Klaus,Martin,guest001687@email.com,Family,Netherlands,Deluxe,False,2022-12-18,5,5.0
GUEST001688,Marco,Martin,guest001688@email.com,Family,Belgium,Penthouse,False,2022-01-19,2,3.5
GUEST001689,John,Zhang,guest001689@email.com,Leisure,Spain,Family,True,2024-06-20,3,4.6
GUEST001690,Maria,Zhang,guest001690@email.com,Business,Spain,Standard,True,2023-04-06,3,3.9
GUEST001691,Yuki,Zhang,guest001691@email.com,Couple,Spain,Suite,False,2023-03-30,1,4.8
GUEST001692,Emma,Smith,guest001692@email.com,Business,Netherlands,Suite,False,2022-02-03,1,5.0
GUEST001693,Ahmed,Martin,guest001693@email.com,Solo Travel,Italy,Suite,False,2023-11-07,16,4.1
GUEST001694,Klaus,Mueller,guest001694@email.com,Couple,Belgium,Deluxe,False,2023-05-19,3,4.0
GUEST001695,Francesca,Mueller,guest001695@email.com,Business,Netherlands,Penthouse,False,2022-11-16,4,2.7
GUEST001696,Francesca,Rossi,guest001696@email.com,Leisure,Greece,Standard,True,2024-02-22,4,3.6
GUEST001697,Maria,Weber,guest001697@email.com,Leisure,Greece,Suite,False,2023-11-23,4,3.5
GUEST001698,Emma,Martin,guest001698@email.com,Solo Travel,China,Suite,False,2023-12-03,1,4.5
GUEST001699,Marco,Weber,guest001699@email.com,Business,Belgium,Deluxe,False,2023-04-27,2,5.0
GUEST001700,Emma,Martin,guest001700@email.com,Business,Greece,Deluxe,False,2024-05-24,3,4.2
GUEST001701,Ahmed,Martin,guest001701@email.com,Couple,Netherlands,Deluxe,False,2022-02-27,2,3.8
GUEST001702,Francesca,Brown,guest001702@email.com,Business,Italy,Standard,True,2023-05-22,4,3.5
GUEST001703,Lucia,Zhang,guest001703@email.com,Business,Germany,Deluxe,True,2023-09-24,2,5.0
GUEST001704,Yuki,Brown,guest001704@email.com,Leisure,France,Family,False,2022-11-25,1,4.7
GUEST001705,John,Smith,guest001705@email.com,Leisure,France,Deluxe,False,2023-08-28,1,4.3
GUEST001706,John,Mueller,guest001706@email.com,Solo Travel,Spain,Standard,False,2024-05-07,2,4.1
GUEST001707,Yuki,Schmidt,guest001707@email.com,Leisure,UK,Deluxe,True,2024-04-08,5,4.8
GUEST001708,Lucia,Smith,guest001708@email.com,Family,UK,Suite,False,2024-02-23,3,4.6
GUEST001709,Yuki,Zhang,guest001709@email.com,Business,UK,Family,True,2022-04-10,7,3.9
GUEST001710,Francesca,Schmidt,guest001710@email.com,Family,UK,Suite,False,2023-01-01,2,4.8
GUEST001711,Francesca,Schmidt,guest001711@email.com,Family,Netherlands,Standard,True,2022-02-27,2,4.7
GUEST001712,Sophie,Garcia,guest001712@email.com,Solo Travel,USA,Family,False,2022-08-29,2,4.3
GUEST001713,Klaus,Weber,guest001713@email.com,Family,UK,Penthouse,False,2022-03-28,4,4.6
GUEST001714,Maria,Brown,guest001714@email.com,Leisure,Greece,Deluxe,True,2022-04-28,2,4.3
GUEST001715,Yuki,Mueller,guest001715@email.com,Family,China,Family,False,2022-01-21,1,3.6
GUEST001716,Marco,Schmidt,guest001716@email.com,Couple,China,Family,True,2022-02-08,5,4.9
GUEST001717,Emma,Zhang,guest001717@email.com,Business,Greece,Deluxe,True,2023-08-05,1,4.5
GUEST001718,Marco,Zhang,guest001718@email.com,Business,Germany,Suite,False,2022-10-01,2,4.5
GUEST001719,John,Rossi,guest001719@email.com,Solo Travel,Germany,Penthouse,False,2023-08-26,1,4.6
GUEST001720,John,Schmidt,guest001720@email.com,Business,Netherlands,Standard,True,2023-01-22,2,4.3
GUEST001721,Lucia,Zhang,guest001721@email.com,Business,Greece,Family,False,2022-11-27,9,5.0
GUEST001722,Lucia,Johnson,guest001722@email.com,Solo Travel,Belgium,Suite,True,2024-04-07,4,4.8
GUEST001723,Emma,Johnson,guest001723@email.com,Leisure,Netherlands,Suite,True,2023-12-09,4,4.6
GUEST001724,Sophie,Schmidt,guest001724@email.com,Family,France,Penthouse,False,2023-05-24,1,3.5
GUEST001725,Marco,Schmidt,guest001725@email.com,Leisure,USA,Suite,False,2022-06-20,2,5.0
GUEST001726,Lucia,Brown,guest001726@email.com,Couple,Greece,Deluxe,False,2023-01-08,8,4.3
GUEST001727,Francesca,Garcia,guest001727@email.com,Couple,Belgium,Penthouse,True,2023-05-24,2,4.4
GUEST001728,Maria,Martin,guest001728@email.com,Family,USA,Penthouse,True,2022-08-08,2,3.8
GUEST001729,Klaus,Brown,guest001729@email.com,Family,Spain,Suite,True,2022-02-18,2,4.3
GUEST001730,Klaus,Weber,guest001730@email.com,Leisure,Netherlands,Penthouse,False,2023-02-16,1,4.3
GUEST001731,Sophie,Weber,guest001731@email.com,Family,Netherlands,Suite,False,2024-01-31,1,3.6
GUEST001732,Maria,Weber,guest001732@email.com,Leisure,China,Deluxe,False,2022-04-08,1,4.4
GUEST001733,Lucia,Schmidt,guest001733@email.com,Leisure,Belgium,Family,False,2022-10-07,4,3.8
GUEST001734,Maria,Weber,guest001734@email.com,Solo Travel,China,Standard,False,2024-03-31,13,3.7
GUEST001735,Marco,Rossi,guest001735@email.com,Leisure,Italy,Penthouse,True,2023-03-14,2,4.0
GUEST001736,Sophie,Schmidt,guest001736@email.com,Leisure,Greece,Suite,False,2024-03-25,2,4.5
GUEST001737,Maria,Brown,guest001737@email.com,Family,Italy,Family,False,2023-06-01,1,4.1
GUEST001738,Klaus,Zhang,guest001738@email.com,Business,Netherlands,Family,False,2023-11-11,1,4.3
GUEST001739,Marco,Schmidt,guest001739@email.com,Couple,Italy,Suite,False,2022-07-24,6,3.8
GUEST001740,Francesca,Zhang,guest001740@email.com,Business,France,Penthouse,False,2022-09-15,1,4.6
GUEST001741,Lucia,Martin,guest001741@email.com,Solo Travel,Germany,Deluxe,False,2023-04-10,4,3.3
GUEST001742,Marco,Mueller,guest001742@email.com,Leisure,Germany,Penthouse,True,2024-06-21,2,4.6
GUEST001743,John,Martin,guest001743@email.com,Business,Belgium,Standard,False,2024-06-02,1,3.5
GUEST001744,Ahmed,Weber,guest001744@email.com,Leisure,Greece,Family,False,2023-05-27,1,4.6
GUEST001745,Sophie,Rossi,guest001745@email.com,Business,USA,Deluxe,True,2022-10-02,6,4.6
GUEST001746,Marco,Weber,guest001746@email.com,Business,Greece,Deluxe,False,2024-05-23,1,4.8
GUEST001747,Francesca,Weber,guest001747@email.com,Family,Belgium,Standard,False,2024-01-15,4,4.4
GUEST001748,John,Martin,guest001748@email.com,Business,China,Suite,True,2022-07-25,4,3.9
GUEST001749,Yuki,Rossi,guest001749@email.com,Solo Travel,Greece,Standard,False,2022-06-01,2,4.3
GUEST001750,Sophie,Mueller,guest001750@email.com,Family,Netherlands,Deluxe,True,2024-02-04,2,3.6
GUEST001751,Klaus,Zhang,guest001751@email.com,Couple,France,Suite,False,2023-02-25,9,4.1
GUEST001752,Yuki,Johnson,guest001752@email.com,Couple,Greece,Deluxe,True,2023-10-12,1,4.0
GUEST001753,Sophie,Zhang,guest001753@email.com,Leisure,Spain,Family,True,2022-10-01,1,4.3
GUEST001754,Klaus,Mueller,guest001754@email.com,Leisure,Italy,Deluxe,False,2022-09-20,5,4.3
GUEST001755,Lucia,Garcia,guest001755@email.com,Leisure,UK,Standard,False,2023-02-20,1,4.0
GUEST001756,Sophie,Johnson,guest001756@email.com,Leisure,Netherlands,Deluxe,False,2022-06-03,1,4.0
GUEST001757,Sophie,Smith,guest001757@email.com,Leisure,UK,Penthouse,False,2022-09-09,7,3.4
GUEST001758,Klaus,Rossi,guest001758@email.com,Leisure,China,Suite,False,2023-05-13,2,3.7
GUEST001759,Marco,Zhang,guest001759@email.com,Leisure,Belgium,Family,False,2023-03-09,12,4.8
GUEST001760,John,Garcia,guest001760@email.com,Leisure,China,Family,True,2022-06-13,4,3.4
GUEST001761,Klaus,Mueller,guest001761@email.com,Leisure,Spain,Standard,False,2022-01-30,2,4.4
GUEST001762,Klaus,Brown,guest001762@email.com,Leisure,Belgium,Standard,False,2023-11-06,1,4.7
GUEST001763,Marco,Mueller,guest001763@email.com,Leisure,Spain,Standard,False,2023-10-22,1,4.6
GUEST001764,John,Rossi,guest001764@email.com,Leisure,USA,Suite,False,2024-03-12,1,5.0
GUEST001765,John,Smith,guest001765@email.com,Solo Travel,France,Deluxe,True,2024-05-30,3,5.0
GUEST001766,Maria,Schmidt,guest001766@email.com,Leisure,France,Standard,False,2023-09-09,2,4.6
GUEST001767,Klaus,Johnson,guest001767@email.com,Couple,China,Deluxe,False,2024-07-11,7,4.6
GUEST001768,Francesca,Schmidt,guest001768@email.com,Family,Italy,Standard,False,2023-11-19,2,5.0
GUEST001769,Maria,Zhang,guest001769@email.com,Couple,Netherlands,Standard,False,2024-08-23,13,4.1
GUEST001770,Ahmed,Garcia,guest001770@email.com,Leisure,Germany,Penthouse,False,2022-04-25,1,3.8
GUEST001771,Lucia,Martin,guest001771@email.com,Business,Belgium,Standard,True,2024-08-13,9,3.6
GUEST001772,Maria,Martin,guest001772@email.com,Family,China,Suite,True,2023-11-12,1,4.6
GUEST001773,Lucia,Martin,guest001773@email.com,Solo Travel,Netherlands,Family,False,2022-09-15,14,4.4
GUEST001774,Emma,Johnson,guest001774@email.com,Business,France,Family,True,2022-09-01,1,4.9
GUEST001775,Lucia,Johnson,guest001775@email.com,Leisure,France,Suite,False,2024-03-02,1,4.5
GUEST001776,Yuki,Schmidt,guest001776@email.com,Family,Italy,Standard,False,2024-05-02,5,4.3
GUEST001777,Lucia,Zhang,guest001777@email.com,Leisure,UK,Standard,True,2024-04-05,2,4.3
GUEST001778,Sophie,Zhang,guest001778@email.com,Couple,China,Deluxe,False,2022-08-12,1,3.2
GUEST001779,Ahmed,Johnson,guest001779@email.com,Leisure,Italy,Suite,True,2022-06-29,9,3.6
GUEST001780,Sophie,Brown,guest001780@email.com,Business,UK,Family,False,2023-03-27,9,3.4
GUEST001781,Francesca,Brown,guest001781@email.com,Leisure,Italy,Penthouse,False,2024-06-02,5,3.8
GUEST001782,Lucia,Smith,guest001782@email.com,Leisure,Spain,Standard,True,2023-05-18,1,4.9
GUEST001783,Marco,Schmidt,guest001783@email.com,Business,Germany,Penthouse,False,2023-12-18,6,4.2
GUEST001784,Maria,Schmidt,guest001784@email.com,Leisure,Spain,Deluxe,False,2023-07-13,1,4.7
GUEST001785,Francesca,Rossi,guest001785@email.com,Business,Greece,Family,False,2023-12-01,3,4.2
GUEST001786,Sophie,Brown,guest001786@email.com,Solo Travel,Spain,Standard,False,2024-06-19,4,4.5
GUEST001787,Ahmed,Schmidt,guest001787@email.com,Family,USA,Deluxe,False,2023-05-02,3,3.6
GUEST001788,Yuki,Brown,guest001788@email.com,Leisure,Netherlands,Family,True,2022-01-22,2,3.6
GUEST001789,Lucia,Smith,guest001789@email.com,Leisure,Italy,Penthouse,False,2024-05-11,3,3.8
GUEST001790,John,Garcia,guest001790@email.com,Business,UK,Deluxe,False,2022-09-17,8,4.9
GUEST001791,Marco,Zhang,guest001791@email.com,Family,UK,Family,False,2022-11-13,1,4.9
GUEST001792,Yuki,Johnson,guest001792@email.com,Leisure,France,Penthouse,False,2023-07-02,4,3.8
GUEST001793,Sophie,Rossi,guest001793@email.com,Leisure,China,Standard,False,2023-02-02,5,3.9
GUEST001794,John,Zhang,guest001794@email.com,Family,China,Penthouse,False,2024-08-07,6,4.0
GUEST001795,Klaus,Brown,guest001795@email.com,Solo Travel,Germany,Suite,False,2022-04-03,5,3.7
GUEST001796,Sophie,Brown,guest001796@email.com,Business,USA,Suite,False,2022-08-04,1,4.0
GUEST001797,Ahmed,Rossi,guest001797@email.com,Business,Belgium,Suite,True,2023-10-09,8,3.8
GUEST001798,Yuki,Zhang,guest001798@email.com,Family,Italy,Standard,True,2024-03-19,1,3.4
GUEST001799,John,Brown,guest001799@email.com,Business,Italy,Penthouse,False,2024-06-06,1,3.0
GUEST001800,Maria,Rossi,guest001800@email.com,Leisure,Spain,Deluxe,True,2023-04-28,1,3.4
GUEST001801,Francesca,Schmidt,guest001801@email.com,Family,Belgium,Family,False,2024-01-05,2,5.0
GUEST001802,Francesca,Johnson,guest001802@email.com,Leisure,Italy,Deluxe,False,2024-04-24,1,4.0
GUEST001803,Ahmed,Brown,guest001803@email.com,Couple,Netherlands,Suite,False,2023-06-03,1,4.5
GUEST001804,Maria,Schmidt,guest001804@email.com,Solo Travel,USA,Standard,True,2023-03-07,6,4.3
GUEST001805,Lucia,Martin,guest001805@email.com,Solo Travel,Netherlands,Standard,True,2024-01-26,1,4.7
GUEST001806,Yuki,Rossi,guest001806@email.com,Solo Travel,UK,Penthouse,True,2023-12-13,7,3.7
GUEST001807,John,Smith,guest001807@email.com,Family,Belgium,Standard,False,2023-10-19,2,3.3
GUEST001808,Ahmed,Rossi,guest001808@email.com,Business,Germany,Deluxe,True,2024-03-21,5,4.7
GUEST001809,Ahmed,Smith,guest001809@email.com,Leisure,Belgium,Deluxe,False,2023-02-15,1,5.0
GUEST001810,Sophie,Brown,guest001810@email.com,Business,USA,Family,False,2022-11-18,7,4.0
GUEST001811,Lucia,Johnson,guest001811@email.com,Business,UK,Family,True,2022-04-24,11,3.4
GUEST001812,Ahmed,Garcia,guest001812@email.com,Solo Travel,Netherlands,Deluxe,False,2023-06-13,3,5.0
GUEST001813,Ahmed,Weber,guest001813@email.com,Business,Greece,Deluxe,True,2023-12-04,1,5.0
GUEST001814,Francesca,Schmidt,guest001814@email.com,Leisure,Greece,Standard,True,2023-04-08,4,4.9
GUEST001815,Emma,Mueller,guest001815@email.com,Leisure,France,Family,True,2022-09-24,6,5.0
GUEST001816,Ahmed,Weber,guest001816@email.com,Leisure,USA,Penthouse,False,2024-04-26,3,4.1
GUEST001817,Yuki,Brown,guest001817@email.com,Leisure,Germany,Family,False,2022-07-23,4,4.5
GUEST001818,Maria,Zhang,guest001818@email.com,Couple,UK,Standard,False,2023-01-12,13,4.0
GUEST001819,Ahmed,Zhang,guest001819@email.com,Couple,Greece,Penthouse,True,2024-06-16,1,4.0
GUEST001820,Francesca,Weber,guest001820@email.com,Leisure,France,Penthouse,True,2022-08-18,2,4.0
GUEST001821,John,Smith,guest001821@email.com,Leisure,Germany,Deluxe,False,2024-08-03,4,4.3
GUEST001822,Marco,Weber,guest001822@email.com,Business,Italy,Standard,False,2023-10-04,1,3.7
GUEST001823,Sophie,Johnson,guest001823@email.com,Business,Greece,Suite,True,2024-09-24,1,3.8
GUEST001824,Emma,Garcia,guest001824@email.com,Solo Travel,Netherlands,Penthouse,True,2022-09-26,1,3.8
GUEST001825,Ahmed,Smith,guest001825@email.com,Leisure,Italy,Penthouse,False,2023-02-15,4,4.6
GUEST001826,Lucia,Zhang,guest001826@email.com,Couple,Greece,Family,False,2023-09-07,2,4.8
GUEST001827,Klaus,Mueller,guest001827@email.com,Family,Greece,Standard,False,2022-04-02,4,3.6
GUEST001828,Yuki,Mueller,guest001828@email.com,Couple,Netherlands,Deluxe,True,2024-08-27,2,5.0
GUEST001829,Lucia,Johnson,guest001829@email.com,Business,Spain,Penthouse,False,2022-01-15,1,4.0
GUEST001830,Marco,Zhang,guest001830@email.com,Business,Germany,Penthouse,False,2024-03-02,1,4.0
GUEST001831,Emma,Rossi,guest001831@email.com,Couple,France,Penthouse,False,2022-05-02,4,4.9
GUEST001832,Sophie,Garcia,guest001832@email.com,Couple,USA,Deluxe,True,2022-07-15,1,4.0
GUEST001833,Klaus,Brown,guest001833@email.com,Couple,Italy,Deluxe,False,2024-02-04,2,4.5
GUEST001834,Emma,Zhang,guest001834@email.com,Family,Germany,Penthouse,True,2022-05-14,1,4.4
GUEST001835,Francesca,Garcia,guest001835@email.com,Leisure,China,Standard,False,2023-09-07,1,4.5
GUEST001836,Sophie,Brown,guest001836@email.com,Couple,Netherlands,Family,False,2024-01-15,1,4.0
GUEST001837,Sophie,Zhang,guest001837@email.com,Leisure,China,Standard,False,2022-07-04,1,4.0
GUEST001838,Francesca,Mueller,guest001838@email.com,Business,Italy,Penthouse,False,2022-01-30,3,4.4
GUEST001839,Klaus,Brown,guest001839@email.com,Solo Travel,UK,Standard,False,2022-08-30,3,4.0
GUEST001840,Lucia,Rossi,guest001840@email.com,Family,Greece,Family,False,2024-07-18,1,4.9
GUEST001841,Sophie,Schmidt,guest001841@email.com,Business,Italy,Suite,False,2023-08-20,10,4.2
GUEST001842,Emma,Johnson,guest001842@email.com,Family,USA,Suite,True,2022-01-11,3,4.5
GUEST001843,Emma,Mueller,guest001843@email.com,Leisure,UK,Family,False,2024-06-11,4,5.0
GUEST001844,Yuki,Zhang,guest001844@email.com,Couple,France,Penthouse,True,2023-12-05,2,3.9
GUEST001845,Sophie,Zhang,guest001845@email.com,Couple,USA,Deluxe,True,2023-12-27,1,4.2
GUEST001846,Francesca,Weber,guest001846@email.com,Business,China,Penthouse,True,2022-09-20,12,3.9
GUEST001847,Maria,Johnson,guest001847@email.com,Leisure,Netherlands,Standard,False,2023-07-25,6,4.4
GUEST001848,John,Smith,guest001848@email.com,Family,Spain,Penthouse,False,2022-12-07,1,5.0
GUEST001849,Sophie,Rossi,guest001849@email.com,Couple,Netherlands,Penthouse,True,2024-07-19,2,4.5
GUEST001850,Yuki,Weber,guest001850@email.com,Solo Travel,Italy,Standard,False,2024-08-19,1,4.0
GUEST001851,Lucia,Smith,guest001851@email.com,Leisure,USA,Deluxe,False,2022-01-06,1,4.0
GUEST001852,Klaus,Martin,guest001852@email.com,Business,Germany,Family,False,2023-09-27,6,4.7
GUEST001853,Francesca,Brown,guest001853@email.com,Leisure,France,Suite,False,2024-09-27,2,4.6
GUEST001854,Francesca,Schmidt,guest001854@email.com,Business,Germany,Standard,False,2022-05-16,1,3.8
GUEST001855,Marco,Smith,guest001855@email.com,Couple,China,Standard,False,2023-08-18,2,3.9
GUEST001856,Ahmed,Brown,guest001856@email.com,Business,France,Suite,True,2022-06-23,2,4.0
GUEST001857,Marco,Rossi,guest001857@email.com,Leisure,China,Suite,True,2024-08-10,5,4.4
GUEST001858,Yuki,Rossi,guest001858@email.com,Leisure,China,Family,True,2022-05-16,1,4.1
GUEST001859,Maria,Schmidt,guest001859@email.com,Couple,UK,Standard,True,2023-12-29,8,4.9
GUEST001860,Marco,Zhang,guest001860@email.com,Business,Greece,Deluxe,False,2022-05-26,1,4.3
GUEST001861,Klaus,Johnson,guest001861@email.com,Family,Italy,Suite,False,2022-11-17,8,4.8
GUEST001862,John,Mueller,guest001862@email.com,Family,USA,Penthouse,True,2023-05-27,3,3.7
GUEST001863,Klaus,Schmidt,guest001863@email.com,Family,Germany,Suite,False,2024-08-06,1,4.2
GUEST001864,Francesca,Brown,guest001864@email.com,Couple,Italy,Deluxe,True,2024-07-13,4,4.1
GUEST001865,Klaus,Weber,guest001865@email.com,Leisure,UK,Suite,False,2024-04-29,13,4.0
GUEST001866,Klaus,Martin,guest001866@email.com,Leisure,Germany,Suite,False,2022-11-17,5,4.4
GUEST001867,Francesca,Mueller,guest001867@email.com,Family,Italy,Suite,False,2022-11-20,1,4.2
GUEST001868,Emma,Mueller,guest001868@email.com,Business,UK,Deluxe,True,2023-07-24,1,4.0
GUEST001869,Emma,Smith,guest001869@email.com,Business,UK,Deluxe,False,2022-07-13,4,3.4
GUEST001870,Ahmed,Smith,guest001870@email.com,Leisure,Italy,Family,False,2022-08-24,4,4.0
GUEST001871,Ahmed,Smith,guest001871@email.com,Leisure,Spain,Deluxe,False,2023-04-27,3,3.6
GUEST001872,Klaus,Mueller,guest001872@email.com,Couple,UK,Standard,False,2023-12-24,3,3.9
GUEST001873,Emma,Zhang,guest001873@email.com,Leisure,Belgium,Suite,True,2022-04-29,6,3.6
GUEST001874,Emma,Smith,guest001874@email.com,Business,Netherlands,Standard,False,2023-03-29,4,4.4
GUEST001875,Yuki,Martin,guest001875@email.com,Leisure,Germany,Standard,True,2023-05-12,2,3.6
GUEST001876,Emma,Rossi,guest001876@email.com,Couple,UK,Penthouse,False,2022-04-26,10,4.7
GUEST001877,Ahmed,Johnson,guest001877@email.com,Couple,France,Standard,True,2022-12-24,2,4.0
GUEST001878,Maria,Garcia,guest001878@email.com,Couple,France,Suite,False,2024-06-08,3,5.0
GUEST001879,Klaus,Mueller,guest001879@email.com,Solo Travel,Spain,Deluxe,False,2024-05-04,1,5.0
GUEST001880,Ahmed,Martin,guest001880@email.com,Leisure,Netherlands,Deluxe,True,2024-04-22,1,3.8
GUEST001881,Klaus,Weber,guest001881@email.com,Leisure,Netherlands,Penthouse,True,2024-07-01,6,4.4
GUEST001882,Lucia,Garcia,guest001882@email.com,Family,USA,Penthouse,False,2023-08-21,4,4.3
GUEST001883,John,Martin,guest001883@email.com,Business,Greece,Standard,False,2024-02-25,4,4.6
GUEST001884,Lucia,Mueller,guest001884@email.com,Business,China,Suite,True,2023-03-03,2,4.1
GUEST001885,Maria,Garcia,guest001885@email.com,Leisure,Germany,Deluxe,False,2024-02-26,2,4.4
GUEST001886,Emma,Johnson,guest001886@email.com,Leisure,China,Penthouse,False,2024-06-27,1,4.8
GUEST001887,Yuki,Smith,guest001887@email.com,Business,Italy,Standard,False,2022-10-19,4,4.3
GUEST001888,Maria,Zhang,guest001888@email.com,Leisure,Spain,Family,False,2023-01-18,3,4.0
GUEST001889,Lucia,Johnson,guest001889@email.com,Family,USA,Standard,False,2024-05-07,8,4.7
GUEST001890,Yuki,Mueller,guest001890@email.com,Business,USA,Standard,True,2022-01-30,9,4.4
GUEST001891,Maria,Rossi,guest001891@email.com,Leisure,France,Penthouse,True,2024-04-30,2,3.6
GUEST001892,Emma,Rossi,guest001892@email.com,Couple,USA,Family,False,2023-10-06,7,4.8
GUEST001893,Klaus,Weber,guest001893@email.com,Couple,Belgium,Deluxe,False,2023-11-05,5,3.7
GUEST001894,John,Schmidt,guest001894@email.com,Family,UK,Suite,False,2024-09-20,3,4.7
GUEST001895,John,Weber,guest001895@email.com,Business,Netherlands,Deluxe,True,2024-08-31,2,4.2
GUEST001896,Emma,Schmidt,guest001896@email.com,Couple,Spain,Family,True,2024-08-28,3,3.5
GUEST001897,Lucia,Mueller,guest001897@email.com,Leisure,Belgium,Suite,True,2022-08-05,1,4.5
GUEST001898,John,Brown,guest001898@email.com,Couple,China,Penthouse,False,2022-11-27,15,4.2
GUEST001899,John,Johnson,guest001899@email.com,Business,France,Standard,True,2023-07-15,7,3.8
GUEST001900,Lucia,Zhang,guest001900@email.com,Family,UK,Standard,False,2022-04-05,1,4.2
GUEST001901,Francesca,Brown,guest001901@email.com,Leisure,Greece,Family,False,2022-07-02,6,4.2
GUEST001902,Sophie,Zhang,guest001902@email.com,Couple,Italy,Family,False,2022-04-02,2,4.3
GUEST001903,John,Garcia,guest001903@email.com,Business,Germany,Deluxe,False,2022-06-16,3,4.4
GUEST001904,Francesca,Zhang,guest001904@email.com,Solo Travel,China,Standard,False,2022-10-19,3,4.0
GUEST001905,Ahmed,Johnson,guest001905@email.com,Solo Travel,UK,Deluxe,False,2022-11-02,1,3.4
GUEST001906,Emma,Zhang,guest001906@email.com,Couple,Netherlands,Standard,False,2024-01-24,2,3.9
GUEST001907,Klaus,Weber,guest001907@email.com,Couple,Netherlands,Deluxe,False,2022-05-15,7,4.2
GUEST001908,Yuki,Johnson,guest001908@email.com,Leisure,Spain,Penthouse,False,2024-05-02,3,5.0
GUEST001909,Yuki,Martin,guest001909@email.com,Leisure,China,Family,True,2022-07-24,3,4.6
GUEST001910,Emma,Rossi,guest001910@email.com,Family,China,Penthouse,False,2024-06-25,1,4.9
GUEST001911,Francesca,Rossi,guest001911@email.com,Leisure,Netherlands,Penthouse,False,2022-10-02,7,4.1
GUEST001912,Lucia,Weber,guest001912@email.com,Leisure,Italy,Deluxe,False,2023-03-10,1,4.1
GUEST001913,Maria,Zhang,guest001913@email.com,Business,Germany,Family,True,2024-04-10,4,4.0
GUEST001914,Yuki,Weber,guest001914@email.com,Family,UK,Penthouse,False,2022-07-10,2,4.8
GUEST001915,Francesca,Zhang,guest001915@email.com,Leisure,Greece,Suite,True,2022-04-06,4,4.1
GUEST001916,John,Martin,guest001916@email.com,Leisure,Germany,Family,False,2022-12-16,2,4.3
GUEST001917,Emma,Garcia,guest001917@email.com,Couple,Spain,Deluxe,False,2023-10-26,2,4.0
GUEST001918,Ahmed,Rossi,guest001918@email.com,Family,Germany,Standard,False,2023-06-24,1,4.3
GUEST001919,Marco,Johnson,guest001919@email.com,Couple,USA,Penthouse,False,2022-10-25,2,4.4
GUEST001920,Emma,Zhang,guest001920@email.com,Couple,France,Suite,False,2022-03-23,3,4.1
GUEST001921,Emma,Brown,guest001921@email.com,Business,Germany,Deluxe,True,2022-06-02,1,3.2
GUEST001922,Ahmed,Brown,guest001922@email.com,Business,Greece,Family,False,2024-05-11,4,5.0
GUEST001923,Sophie,Martin,guest001923@email.com,Leisure,UK,Suite,True,2023-03-14,5,4.0
GUEST001924,Klaus,Weber,guest001924@email.com,Leisure,Spain,Standard,True,2022-02-18,1,3.7
GUEST001925,Marco,Johnson,guest001925@email.com,Leisure,Greece,Suite,False,2024-07-28,2,3.5
GUEST001926,John,Martin,guest001926@email.com,Business,Netherlands,Penthouse,False,2022-04-21,1,4.3
GUEST001927,Marco,Zhang,guest001927@email.com,Business,UK,Family,True,2023-02-27,11,4.3
GUEST001928,Maria,Rossi,guest001928@email.com,Couple,Belgium,Penthouse,False,2023-11-08,1,3.7
GUEST001929,Lucia,Brown,guest001929@email.com,Leisure,China,Standard,False,2022-12-30,3,4.8
GUEST001930,Klaus,Weber,guest001930@email.com,Family,Italy,Deluxe,True,2022-03-25,2,4.2
GUEST001931,Marco,Smith,guest001931@email.com,Business,France,Family,False,2022-04-27,1,4.5
GUEST001932,Emma,Mueller,guest001932@email.com,Family,Italy,Penthouse,True,2024-03-16,1,3.9
GUEST001933,Ahmed,Zhang,guest001933@email.com,Business,Greece,Family,True,2022-02-16,2,4.9
GUEST001934,Maria,Zhang,guest001934@email.com,Leisure,Germany,Suite,True,2024-06-16,1,4.1
GUEST001935,Klaus,Schmidt,guest001935@email.com,Leisure,Germany,Suite,False,2023-08-25,8,4.5
GUEST001936,Emma,Rossi,guest001936@email.com,Couple,Italy,Deluxe,True,2023-10-01,1,4.8
GUEST001937,Klaus,Schmidt,guest001937@email.com,Leisure,France,Standard,True,2024-09-16,1,4.4
GUEST001938,Ahmed,Garcia,guest001938@email.com,Leisure,Greece,Standard,False,2022-07-09,1,4.6
GUEST001939,Maria,Weber,guest001939@email.com,Leisure,Germany,Deluxe,True,2022-09-23,1,3.8
GUEST001940,Maria,Zhang,guest001940@email.com,Leisure,UK,Deluxe,True,2023-07-02,5,4.5
GUEST001941,John,Smith,guest001941@email.com,Couple,France,Deluxe,True,2023-02-09,3,4.1
GUEST001942,Maria,Smith,guest001942@email.com,Family,Italy,Family,True,2022-06-25,4,4.5
GUEST001943,Emma,Rossi,guest001943@email.com,Leisure,Italy,Suite,False,2023-12-10,1,4.0
GUEST001944,Francesca,Weber,guest001944@email.com,Solo Travel,Belgium,Suite,False,2024-01-14,5,4.6
GUEST001945,Emma,Brown,guest001945@email.com,Leisure,USA,Deluxe,False,2023-09-26,4,4.0
GUEST001946,Lucia,Schmidt,guest001946@email.com,Leisure,USA,Family,True,2023-12-09,3,4.6
GUEST001947,Francesca,Brown,guest001947@email.com,Business,USA,Standard,True,2022-03-31,4,4.1
GUEST001948,Ahmed,Mueller,guest001948@email.com,Business,USA,Penthouse,False,2022-01-15,4,4.0
GUEST001949,Sophie,Johnson,guest001949@email.com,Leisure,France,Penthouse,True,2024-04-15,2,4.0
GUEST001950,John,Garcia,guest001950@email.com,Family,Belgium,Penthouse,False,2024-05-29,6,4.1
GUEST001951,John,Garcia,guest001951@email.com,Leisure,Belgium,Penthouse,True,2023-05-08,4,4.5
GUEST001952,Ahmed,Garcia,guest001952@email.com,Family,Belgium,Penthouse,False,2023-03-23,3,5.0
GUEST001953,Marco,Garcia,guest001953@email.com,Couple,Italy,Penthouse,False,2022-03-30,5,4.5
GUEST001954,Klaus,Rossi,guest001954@email.com,Leisure,Greece,Standard,False,2022-06-01,3,4.3
GUEST001955,Emma,Zhang,guest001955@email.com,Leisure,Belgium,Suite,True,2022-01-23,3,3.8
GUEST001956,Maria,Mueller,guest001956@email.com,Couple,Belgium,Family,False,2024-07-13,8,4.1
GUEST001957,Ahmed,Rossi,guest001957@email.com,Business,USA,Suite,False,2024-09-13,4,4.4
GUEST001958,Emma,Rossi,guest001958@email.com,Leisure,Netherlands,Deluxe,True,2022-01-21,1,4.6
GUEST001959,Emma,Weber,guest001959@email.com,Family,Italy,Family,False,2022-09-06,2,3.3
GUEST001960,Sophie,Brown,guest001960@email.com,Business,Belgium,Suite,False,2023-08-07,7,4.8
GUEST001961,Francesca,Smith,guest001961@email.com,Couple,France,Suite,True,2022-12-08,1,3.8
GUEST001962,John,Johnson,guest001962@email.com,Solo Travel,Spain,Standard,True,2023-10-08,1,3.7
GUEST001963,Francesca,Zhang,guest001963@email.com,Family,China,Deluxe,False,2024-05-18,4,3.8
GUEST001964,Emma,Weber,guest001964@email.com,Business,China,Standard,False,2023-09-03,1,4.1
GUEST001965,Marco,Brown,guest001965@email.com,Leisure,Netherlands,Suite,False,2022-02-07,1,4.4
GUEST001966,Emma,Zhang,guest001966@email.com,Leisure,USA,Standard,False,2023-05-13,12,4.0
GUEST001967,Marco,Weber,guest001967@email.com,Leisure,Greece,Penthouse,False,2024-01-13,1,4.5
GUEST001968,Lucia,Rossi,guest001968@email.com,Solo Travel,Belgium,Penthouse,False,2022-08-26,2,3.7
GUEST001969,John,Martin,guest001969@email.com,Business,UK,Standard,True,2022-01-20,3,3.9
GUEST001970,Francesca,Weber,guest001970@email.com,Family,Spain,Penthouse,False,2022-11-20,2,4.6
GUEST001971,Marco,Johnson,guest001971@email.com,Leisure,Greece,Penthouse,False,2022-10-02,1,3.9
GUEST001972,Francesca,Rossi,guest001972@email.com,Leisure,UK,Penthouse,True,2022-04-30,1,4.3
GUEST001973,Emma,Weber,guest001973@email.com,Business,Italy,Penthouse,True,2024-08-19,2,4.4
GUEST001974,Yuki,Rossi,guest001974@email.com,Couple,UK,Family,False,2023-12-16,3,4.7
GUEST001975,Francesca,Smith,guest001975@email.com,Family,France,Standard,True,2022-06-15,1,3.4
GUEST001976,Klaus,Garcia,guest001976@email.com,Family,Netherlands,Standard,False,2023-04-26,1,3.8
GUEST001977,Yuki,Rossi,guest001977@email.com,Couple,Germany,Suite,False,2022-08-26,2,3.7
GUEST001978,Marco,Garcia,guest001978@email.com,Business,Netherlands,Penthouse,True,2023-08-25,1,4.0
GUEST001979,Yuki,Weber,guest001979@email.com,Business,Greece,Family,False,2024-05-23,1,3.8
GUEST001980,Emma,Mueller,guest001980@email.com,Solo Travel,Belgium,Standard,False,2024-06-23,4,4.3
GUEST001981,Klaus,Zhang,guest001981@email.com,Business,Greece,Family,False,2024-09-09,1,4.8
GUEST001982,Francesca,Schmidt,guest001982@email.com,Family,Belgium,Suite,False,2024-03-26,3,3.2
GUEST001983,Emma,Mueller,guest001983@email.com,Family,USA,Suite,True,2023-09-29,1,4.2
GUEST001984,Sophie,Brown,guest001984@email.com,Couple,Greece,Standard,False,2023-12-09,3,4.0
GUEST001985,Maria,Rossi,guest001985@email.com,Business,Italy,Family,False,2022-05-13,1,4.1
GUEST001986,Ahmed,Garcia,guest001986@email.com,Business,USA,Family,False,2022-06-10,2,4.1
GUEST001987,Lucia,Rossi,guest001987@email.com,Couple,Spain,Deluxe,False,2022-04-14,1,3.6
GUEST001988,Francesca,Rossi,guest001988@email.com,Family,France,Suite,False,2022-11-07,9,5.0
GUEST001989,Sophie,Garcia,guest001989@email.com,Leisure,Germany,Suite,False,2023-07-25,3,4.0
GUEST001990,John,Smith,guest001990@email.com,Leisure,Germany,Deluxe,True,2023-01-03,8,3.6
GUEST001991,Klaus,Schmidt,guest001991@email.com,Couple,USA,Deluxe,True,2023-11-25,3,5.0
GUEST001992,Ahmed,Mueller,guest001992@email.com,Family,UK,Deluxe,False,2024-04-27,2,3.7
GUEST001993,Marco,Smith,guest001993@email.com,Business,USA,Penthouse,False,2024-04-06,1,3.8
GUEST001994,Maria,Schmidt,guest001994@email.com,Leisure,France,Suite,True,2023-03-17,2,4.7
GUEST001995,Maria,Weber,guest001995@email.com,Leisure,USA,Deluxe,False,2022-08-21,6,3.8
GUEST001996,Maria,Martin,guest001996@email.com,Leisure,China,Penthouse,True,2022-08-18,3,3.6
GUEST001997,Emma,Brown,guest001997@email.com,Leisure,Greece,Penthouse,True,2022-12-15,1,4.4
GUEST001998,Yuki,Smith,guest001998@email.com,Business,Italy,Standard,True,2024-02-28,6,2.8
GUEST001999,Marco,Brown,guest001999@email.com,Solo Travel,Netherlands,Deluxe,False,2024-07-06,3,4.3
GUEST002000,Ahmed,Martin,guest002000@email.com,Leisure,France,Suite,True,2023-09-11,4,3.9
GUEST002001,Maria,Smith,guest002001@email.com,Solo Travel,Netherlands,Standard,False,2024-08-06,2,4.1
GUEST002002,Emma,Rossi,guest002002@email.com,Leisure,Greece,Penthouse,False,2024-09-12,3,3.6
GUEST002003,Maria,Johnson,guest002003@email.com,Leisure,Italy,Family,True,2024-03-11,2,4.6
GUEST002004,Lucia,Weber,guest002004@email.com,Leisure,Greece,Deluxe,False,2024-03-11,10,3.2
GUEST002005,Maria,Martin,guest002005@email.com,Leisure,UK,Suite,False,2022-02-12,5,3.7
GUEST002006,Marco,Johnson,guest002006@email.com,Leisure,Italy,Suite,False,2022-06-21,7,3.9
GUEST002007,Maria,Garcia,guest002007@email.com,Leisure,Netherlands,Family,False,2024-07-21,2,5.0
GUEST002008,Yuki,Mueller,guest002008@email.com,Leisure,Germany,Family,False,2024-01-16,7,4.8
GUEST002009,Klaus,Rossi,guest002009@email.com,Couple,Belgium,Deluxe,True,2024-02-20,1,4.3
GUEST002010,Marco,Rossi,guest002010@email.com,Business,Greece,Suite,False,2024-01-21,2,4.1
GUEST002011,Maria,Mueller,guest002011@email.com,Family,Germany,Family,False,2023-10-25,7,4.0
GUEST002012,Yuki,Schmidt,guest002012@email.com,Business,Spain,Standard,False,2024-04-18,3,4.5
GUEST002013,Ahmed,Johnson,guest002013@email.com,Leisure,Belgium,Deluxe,False,2024-05-18,7,4.4
GUEST002014,Sophie,Rossi,guest002014@email.com,Solo Travel,Netherlands,Standard,False,2024-09-19,3,4.2
GUEST002015,Francesca,Smith,guest002015@email.com,Leisure,UK,Suite,True,2022-09-09,3,4.0
GUEST002016,Emma,Schmidt,guest002016@email.com,Leisure,Germany,Family,False,2022-10-21,2,4.4
GUEST002017,Marco,Mueller,guest002017@email.com,Leisure,France,Standard,False,2022-03-29,6,3.2
GUEST002018,Klaus,Schmidt,guest002018@email.com,Family,China,Suite,False,2024-01-03,1,4.4
GUEST002019,Francesca,Schmidt,guest002019@email.com,Leisure,China,Family,False,2023-10-07,5,3.7
GUEST002020,Sophie,Mueller,guest002020@email.com,Business,UK,Penthouse,False,2024-02-11,3,4.5
GUEST002021,Marco,Zhang,guest002021@email.com,Business,France,Penthouse,False,2024-03-17,2,4.5
GUEST002022,Sophie,Mueller,guest002022@email.com,Leisure,USA,Penthouse,True,2024-04-01,1,5.0
GUEST002023,Francesca,Zhang,guest002023@email.com,Business,UK,Penthouse,False,2024-07-29,9,4.4
GUEST002024,Francesca,Rossi,guest002024@email.com,Family,China,Standard,False,2024-09-01,1,3.7
GUEST002025,Marco,Schmidt,guest002025@email.com,Leisure,Germany,Suite,False,2024-08-24,1,4.1
GUEST002026,John,Rossi,guest002026@email.com,Solo Travel,France,Deluxe,True,2022-05-30,2,4.5
GUEST002027,John,Martin,guest002027@email.com,Business,Netherlands,Suite,False,2024-08-24,1,4.2
GUEST002028,Maria,Johnson,guest002028@email.com,Leisure,Germany,Suite,False,2022-12-13,2,4.3
GUEST002029,Yuki,Zhang,guest002029@email.com,Business,Netherlands,Suite,False,2024-03-01,1,4.3
GUEST002030,Ahmed,Zhang,guest002030@email.com,Family,France,Penthouse,True,2022-03-04,2,3.6
GUEST002031,Francesca,Smith,guest002031@email.com,Couple,Italy,Family,False,2023-11-08,3,4.5
GUEST002032,Ahmed,Weber,guest002032@email.com,Business,Germany,Deluxe,True,2022-03-01,1,5.0
GUEST002033,Marco,Brown,guest002033@email.com,Leisure,Greece,Standard,False,2023-03-06,1,3.8
GUEST002034,Francesca,Martin,guest002034@email.com,Family,Greece,Family,False,2024-06-13,4,4.9
GUEST002035,Klaus,Schmidt,guest002035@email.com,Solo Travel,Spain,Penthouse,False,2024-07-20,1,4.1
GUEST002036,Yuki,Smith,guest002036@email.com,Family,USA,Deluxe,False,2024-04-26,3,4.3
GUEST002037,Klaus,Martin,guest002037@email.com,Leisure,China,Deluxe,False,2023-09-18,4,3.5
GUEST002038,Ahmed,Zhang,guest002038@email.com,Leisure,China,Deluxe,True,2023-04-02,1,3.9
GUEST002039,Sophie,Martin,guest002039@email.com,Solo Travel,Netherlands,Penthouse,False,2023-10-02,3,4.6
GUEST002040,Lucia,Rossi,guest002040@email.com,Family,Greece,Standard,False,2023-12-16,9,4.3
GUEST002041,Yuki,Zhang,guest002041@email.com,Business,Germany,Deluxe,False,2024-03-05,6,4.2
GUEST002042,Sophie,Brown,guest002042@email.com,Business,UK,Deluxe,False,2022-03-28,4,4.2
GUEST002043,John,Martin,guest002043@email.com,Leisure,France,Penthouse,False,2022-12-09,5,4.4
GUEST002044,Francesca,Mueller,guest002044@email.com,Business,Spain,Penthouse,False,2023-06-17,1,3.9
GUEST002045,Marco,Brown,guest002045@email.com,Leisure,China,Penthouse,False,2022-08-07,4,3.5
GUEST002046,Maria,Martin,guest002046@email.com,Solo Travel,Italy,Penthouse,True,2023-07-20,1,5.0
GUEST002047,Klaus,Martin,guest002047@email.com,Leisure,UK,Standard,False,2022-12-15,3,4.4
GUEST002048,Ahmed,Smith,guest002048@email.com,Solo Travel,UK,Deluxe,False,2022-01-29,8,3.2
GUEST002049,Marco,Weber,guest002049@email.com,Leisure,Italy,Family,True,2022-09-22,3,3.7
GUEST002050,Sophie,Brown,guest002050@email.com,Family,Netherlands,Deluxe,False,2024-01-14,4,4.5
GUEST002051,Francesca,Martin,guest002051@email.com,Solo Travel,China,Penthouse,False,2022-04-24,1,3.3
GUEST002052,John,Schmidt,guest002052@email.com,Leisure,France,Deluxe,False,2022-09-23,3,2.9
GUEST002053,Marco,Schmidt,guest002053@email.com,Family,Greece,Suite,True,2022-05-07,1,3.6
GUEST002054,John,Johnson,guest002054@email.com,Business,Netherlands,Family,False,2023-04-05,4,3.8
GUEST002055,Klaus,Weber,guest002055@email.com,Leisure,Spain,Suite,True,2024-01-25,2,4.1
GUEST002056,John,Rossi,guest002056@email.com,Business,Netherlands,Penthouse,False,2022-12-14,4,3.9
GUEST002057,Sophie,Weber,guest002057@email.com,Couple,Spain,Standard,True,2023-08-03,4,4.0
GUEST002058,Marco,Weber,guest002058@email.com,Leisure,China,Standard,True,2022-08-28,1,4.9
GUEST002059,Yuki,Brown,guest002059@email.com,Leisure,China,Standard,False,2022-10-19,10,3.9
GUEST002060,Lucia,Mueller,guest002060@email.com,Leisure,China,Standard,False,2024-01-02,17,4.1
GUEST002061,Francesca,Martin,guest002061@email.com,Leisure,UK,Suite,True,2024-01-26,1,5.0
GUEST002062,Sophie,Johnson,guest002062@email.com,Couple,Netherlands,Suite,False,2022-12-02,6,4.4
GUEST002063,Marco,Weber,guest002063@email.com,Business,France,Deluxe,True,2022-07-17,6,3.9
GUEST002064,Yuki,Rossi,guest002064@email.com,Leisure,France,Standard,False,2022-04-11,6,4.3
GUEST002065,Ahmed,Zhang,guest002065@email.com,Leisure,USA,Deluxe,False,2024-04-28,7,3.4
GUEST002066,Francesca,Johnson,guest002066@email.com,Leisure,UK,Deluxe,True,2022-04-05,1,4.0
GUEST002067,John,Zhang,guest002067@email.com,Business,Germany,Deluxe,False,2024-06-28,1,4.4
GUEST002068,Ahmed,Rossi,guest002068@email.com,Business,France,Deluxe,False,2022-08-08,9,4.3
GUEST002069,Emma,Johnson,guest002069@email.com,Leisure,Greece,Deluxe,False,2023-01-14,4,3.7
GUEST002070,Marco,Zhang,guest002070@email.com,Leisure,Italy,Family,False,2023-08-26,15,4.0
GUEST002071,Marco,Martin,guest002071@email.com,Leisure,Germany,Family,False,2024-03-08,1,4.2
GUEST002072,Francesca,Brown,guest002072@email.com,Business,Germany,Standard,True,2023-08-22,1,4.0
GUEST002073,Emma,Zhang,guest002073@email.com,Family,Netherlands,Family,False,2023-03-27,2,4.3
GUEST002074,Emma,Zhang,guest002074@email.com,Business,Netherlands,Suite,False,2024-04-23,3,4.2
GUEST002075,Ahmed,Mueller,guest002075@email.com,Family,China,Suite,False,2023-06-02,2,4.9
GUEST002076,Ahmed,Rossi,guest002076@email.com,Couple,Spain,Penthouse,False,2023-12-30,2,4.1
GUEST002077,Emma,Mueller,guest002077@email.com,Business,Germany,Suite,True,2024-09-18,3,3.8
GUEST002078,Marco,Martin,guest002078@email.com,Business,Belgium,Standard,True,2022-05-01,3,4.8
GUEST002079,Sophie,Rossi,guest002079@email.com,Couple,China,Family,False,2023-04-30,8,4.2
GUEST002080,John,Mueller,guest002080@email.com,Leisure,USA,Penthouse,False,2024-08-24,3,4.6
GUEST002081,Marco,Schmidt,guest002081@email.com,Business,Germany,Standard,False,2024-08-01,7,5.0
GUEST002082,Maria,Weber,guest002082@email.com,Leisure,Belgium,Deluxe,False,2024-05-22,4,4.5
GUEST002083,Francesca,Johnson,guest002083@email.com,Business,UK,Suite,True,2022-05-04,2,4.3
GUEST002084,Yuki,Weber,guest002084@email.com,Couple,Netherlands,Penthouse,False,2022-10-24,2,3.2
GUEST002085,John,Martin,guest002085@email.com,Leisure,USA,Deluxe,False,2022-06-06,1,4.7
GUEST002086,Maria,Schmidt,guest002086@email.com,Leisure,UK,Penthouse,False,2022-11-09,1,3.6
GUEST002087,Yuki,Brown,guest002087@email.com,Leisure,Germany,Deluxe,True,2022-10-29,7,3.7
GUEST002088,Emma,Smith,guest002088@email.com,Leisure,Germany,Deluxe,True,2024-03-21,7,3.8
GUEST002089,Ahmed,Mueller,guest002089@email.com,Family,China,Deluxe,False,2024-03-13,2,4.0
GUEST002090,Lucia,Zhang,guest002090@email.com,Business,Germany,Standard,False,2022-02-19,3,4.5
GUEST002091,Klaus,Brown,guest002091@email.com,Couple,Germany,Penthouse,False,2022-08-09,2,5.0
GUEST002092,Ahmed,Rossi,guest002092@email.com,Business,Greece,Suite,False,2022-01-03,7,4.4
GUEST002093,Maria,Martin,guest002093@email.com,Family,USA,Deluxe,True,2022-12-24,2,4.4
GUEST002094,Maria,Smith,guest002094@email.com,Business,UK,Standard,False,2023-03-04,2,4.1
GUEST002095,Emma,Weber,guest002095@email.com,Business,Netherlands,Family,False,2022-11-14,4,4.0
GUEST002096,Lucia,Rossi,guest002096@email.com,Leisure,Belgium,Deluxe,False,2024-07-10,7,3.1
GUEST002097,Yuki,Zhang,guest002097@email.com,Business,Greece,Family,True,2023-05-02,1,4.2
GUEST002098,Lucia,Mueller,guest002098@email.com,Business,USA,Deluxe,False,2024-02-20,2,4.6
GUEST002099,Ahmed,Martin,guest002099@email.com,Leisure,USA,Deluxe,True,2023-10-14,4,4.9
GUEST002100,Emma,Rossi,guest002100@email.com,Business,Netherlands,Standard,False,2023-11-15,1,3.9
GUEST002101,Emma,Mueller,guest002101@email.com,Solo Travel,Spain,Penthouse,False,2024-06-06,1,4.1
GUEST002102,Yuki,Johnson,guest002102@email.com,Leisure,Belgium,Penthouse,False,2024-03-30,5,3.0
GUEST002103,Lucia,Weber,guest002103@email.com,Solo Travel,China,Penthouse,False,2023-02-24,2,4.5
GUEST002104,Francesca,Garcia,guest002104@email.com,Business,Italy,Suite,True,2024-07-10,2,4.8
GUEST002105,Francesca,Schmidt,guest002105@email.com,Couple,Italy,Suite,True,2023-07-08,14,4.0
GUEST002106,John,Rossi,guest002106@email.com,Couple,Spain,Standard,True,2024-01-24,2,3.6
GUEST002107,Klaus,Johnson,guest002107@email.com,Business,Germany,Family,False,2024-06-05,2,4.2
GUEST002108,Ahmed,Smith,guest002108@email.com,Business,France,Deluxe,False,2023-08-09,7,3.0
GUEST002109,Klaus,Martin,guest002109@email.com,Family,UK,Deluxe,False,2023-10-23,3,4.1
GUEST002110,Maria,Martin,guest002110@email.com,Leisure,UK,Suite,False,2022-03-29,2,4.0
GUEST002111,Sophie,Weber,guest002111@email.com,Family,Belgium,Penthouse,False,2023-07-09,1,4.9
GUEST002112,Lucia,Smith,guest002112@email.com,Couple,UK,Deluxe,True,2024-09-07,3,4.0
GUEST002113,Lucia,Martin,guest002113@email.com,Business,Germany,Penthouse,False,2022-07-13,8,3.6
GUEST002114,Emma,Martin,guest002114@email.com,Business,France,Suite,True,2024-07-07,1,4.8
GUEST002115,John,Johnson,guest002115@email.com,Business,Belgium,Suite,False,2023-11-06,8,3.8
GUEST002116,Marco,Mueller,guest002116@email.com,Leisure,UK,Deluxe,True,2024-09-12,6,3.7
GUEST002117,John,Brown,guest002117@email.com,Leisure,France,Suite,False,2024-03-16,1,3.8
GUEST002118,Sophie,Garcia,guest002118@email.com,Solo Travel,France,Standard,False,2024-04-29,2,4.2
GUEST002119,Lucia,Rossi,guest002119@email.com,Leisure,USA,Standard,False,2022-03-28,5,3.9
GUEST002120,Marco,Weber,guest002120@email.com,Leisure,Germany,Deluxe,False,2022-11-25,4,4.6
GUEST002121,Francesca,Weber,guest002121@email.com,Couple,France,Penthouse,True,2022-02-16,9,4.1
GUEST002122,Emma,Smith,guest002122@email.com,Business,Germany,Standard,True,2022-12-15,5,4.6
GUEST002123,Francesca,Mueller,guest002123@email.com,Leisure,UK,Family,True,2023-03-01,2,5.0
GUEST002124,John,Martin,guest002124@email.com,Leisure,Italy,Standard,True,2022-11-21,2,4.5
GUEST002125,Francesca,Brown,guest002125@email.com,Solo Travel,Netherlands,Suite,False,2022-04-04,2,4.8
GUEST002126,Maria,Johnson,guest002126@email.com,Leisure,Spain,Suite,False,2023-07-09,2,4.8
GUEST002127,Ahmed,Brown,guest002127@email.com,Family,Germany,Family,False,2022-05-28,2,3.8
GUEST002128,Ahmed,Brown,guest002128@email.com,Leisure,Italy,Standard,False,2024-02-26,2,3.8
GUEST002129,Maria,Mueller,guest002129@email.com,Leisure,France,Penthouse,True,2022-11-11,9,3.9
GUEST002130,Francesca,Mueller,guest002130@email.com,Leisure,Greece,Suite,True,2022-03-02,1,3.9
GUEST002131,Lucia,Schmidt,guest002131@email.com,Leisure,UK,Deluxe,False,2022-07-05,7,4.7
GUEST002132,John,Smith,guest002132@email.com,Solo Travel,Greece,Family,False,2022-11-02,2,3.8
GUEST002133,Francesca,Johnson,guest002133@email.com,Leisure,Italy,Standard,True,2022-11-24,6,4.7
GUEST002134,Ahmed,Zhang,guest002134@email.com,Couple,Netherlands,Family,False,2024-07-03,1,4.3
GUEST002135,Yuki,Brown,guest002135@email.com,Business,USA,Family,False,2023-01-20,5,5.0
GUEST002136,Maria,Smith,guest002136@email.com,Family,China,Suite,False,2022-07-27,1,3.7
GUEST002137,Sophie,Weber,guest002137@email.com,Leisure,UK,Deluxe,False,2023-08-24,11,4.5
GUEST002138,Sophie,Rossi,guest002138@email.com,Leisure,Spain,Penthouse,False,2023-06-05,2,3.4
GUEST002139,Marco,Zhang,guest002139@email.com,Leisure,Italy,Standard,True,2024-08-30,1,4.2
GUEST002140,Maria,Brown,guest002140@email.com,Leisure,Netherlands,Standard,False,2022-03-04,6,3.5
GUEST002141,Yuki,Rossi,guest002141@email.com,Business,Italy,Standard,True,2023-07-21,2,4.2
GUEST002142,Francesca,Johnson,guest002142@email.com,Leisure,Belgium,Suite,False,2023-05-11,9,4.4
GUEST002143,John,Zhang,guest002143@email.com,Couple,UK,Deluxe,False,2023-10-11,2,3.6
GUEST002144,Sophie,Smith,guest002144@email.com,Couple,Greece,Family,False,2022-10-03,16,2.7
GUEST002145,Marco,Weber,guest002145@email.com,Leisure,Germany,Suite,False,2023-11-23,5,3.6
GUEST002146,Maria,Garcia,guest002146@email.com,Couple,USA,Family,False,2024-02-21,3,3.4
GUEST002147,Marco,Mueller,guest002147@email.com,Leisure,Germany,Standard,False,2022-11-08,9,3.6
GUEST002148,Lucia,Zhang,guest002148@email.com,Business,Spain,Suite,False,2023-04-02,2,3.6
GUEST002149,Maria,Martin,guest002149@email.com,Business,Netherlands,Standard,False,2022-07-28,1,3.9
GUEST002150,Ahmed,Schmidt,guest002150@email.com,Business,Spain,Standard,False,2023-07-08,10,4.5
GUEST002151,Ahmed,Garcia,guest002151@email.com,Couple,Netherlands,Penthouse,False,2023-07-05,1,3.6
GUEST002152,Francesca,Martin,guest002152@email.com,Family,Italy,Penthouse,False,2023-04-08,4,4.1
GUEST002153,John,Smith,guest002153@email.com,Solo Travel,Italy,Deluxe,False,2024-04-12,2,4.6
GUEST002154,Emma,Weber,guest002154@email.com,Family,China,Standard,False,2022-10-24,1,3.3
GUEST002155,Ahmed,Smith,guest002155@email.com,Solo Travel,Greece,Suite,True,2022-03-03,2,4.2
GUEST002156,Emma,Brown,guest002156@email.com,Business,Greece,Standard,False,2023-09-05,3,4.0
GUEST002157,Klaus,Zhang,guest002157@email.com,Business,Spain,Penthouse,False,2022-12-26,2,4.7
GUEST002158,Sophie,Weber,guest002158@email.com,Leisure,Greece,Suite,True,2024-05-10,2,4.2
GUEST002159,Marco,Brown,guest002159@email.com,Business,France,Suite,True,2022-02-16,8,3.9
GUEST002160,Ahmed,Martin,guest002160@email.com,Leisure,Italy,Standard,False,2023-07-31,5,3.8
GUEST002161,Maria,Brown,guest002161@email.com,Solo Travel,USA,Suite,True,2022-04-02,6,4.3
GUEST002162,Francesca,Johnson,guest002162@email.com,Business,France,Deluxe,False,2024-04-30,7,3.7
GUEST002163,Ahmed,Martin,guest002163@email.com,Business,China,Family,False,2022-10-14,1,3.4
GUEST002164,Francesca,Garcia,guest002164@email.com,Leisure,Netherlands,Family,False,2023-09-18,1,3.9
GUEST002165,Marco,Schmidt,guest002165@email.com,Leisure,Belgium,Deluxe,True,2024-06-24,3,3.8
GUEST002166,Yuki,Brown,guest002166@email.com,Business,Belgium,Family,False,2024-02-10,2,4.4
GUEST002167,Emma,Brown,guest002167@email.com,Leisure,Spain,Deluxe,False,2022-09-09,1,4.2
GUEST002168,Yuki,Schmidt,guest002168@email.com,Leisure,Greece,Family,False,2022-08-04,4,3.9
GUEST002169,Emma,Weber,guest002169@email.com,Leisure,Italy,Suite,False,2022-12-03,2,3.9
GUEST002170,John,Mueller,guest002170@email.com,Leisure,Greece,Deluxe,True,2023-10-24,2,4.4
GUEST002171,John,Weber,guest002171@email.com,Business,Netherlands,Penthouse,True,2023-05-03,6,4.0
GUEST002172,John,Smith,guest002172@email.com,Family,Belgium,Standard,True,2023-11-20,1,3.5
GUEST002173,Ahmed,Zhang,guest002173@email.com,Leisure,France,Suite,False,2023-07-24,5,3.8
GUEST002174,Emma,Zhang,guest002174@email.com,Leisure,Netherlands,Deluxe,False,2023-07-06,1,3.6
GUEST002175,Maria,Johnson,guest002175@email.com,Leisure,Spain,Penthouse,False,2023-07-06,7,3.9
GUEST002176,John,Rossi,guest002176@email.com,Leisure,Netherlands,Suite,False,2023-11-20,10,4.1
GUEST002177,Maria,Schmidt,guest002177@email.com,Leisure,China,Family,False,2024-09-22,5,3.8
GUEST002178,Francesca,Weber,guest002178@email.com,Leisure,Belgium,Deluxe,True,2023-01-02,2,4.4
GUEST002179,Francesca,Mueller,guest002179@email.com,Leisure,Belgium,Family,False,2024-05-09,4,3.7
GUEST002180,John,Johnson,guest002180@email.com,Solo Travel,Belgium,Family,True,2023-04-19,3,4.3
GUEST002181,Yuki,Garcia,guest002181@email.com,Family,Netherlands,Suite,False,2023-04-01,1,4.0
GUEST002182,John,Garcia,guest002182@email.com,Couple,China,Penthouse,False,2024-01-31,7,4.5
GUEST002183,John,Brown,guest002183@email.com,Leisure,USA,Family,False,2023-11-28,2,4.1
GUEST002184,Yuki,Garcia,guest002184@email.com,Family,Netherlands,Penthouse,True,2022-04-03,1,3.8
GUEST002185,Lucia,Brown,guest002185@email.com,Couple,China,Deluxe,False,2024-04-07,1,3.7
GUEST002186,Sophie,Garcia,guest002186@email.com,Couple,Spain,Suite,False,2023-05-21,2,4.8
GUEST002187,Yuki,Smith,guest002187@email.com,Solo Travel,USA,Suite,False,2022-10-15,2,4.8
GUEST002188,Emma,Weber,guest002188@email.com,Business,Italy,Deluxe,False,2022-08-03,7,4.6
GUEST002189,John,Garcia,guest002189@email.com,Solo Travel,UK,Suite,False,2024-04-20,5,4.1
GUEST002190,Francesca,Johnson,guest002190@email.com,Family,Netherlands,Suite,False,2024-06-09,9,3.8
GUEST002191,Klaus,Weber,guest002191@email.com,Business,Greece,Deluxe,False,2023-05-28,9,4.3
GUEST002192,Emma,Mueller,guest002192@email.com,Business,China,Deluxe,False,2023-07-20,5,5.0
GUEST002193,Sophie,Weber,guest002193@email.com,Family,Netherlands,Standard,True,2023-11-20,5,4.1
GUEST002194,Lucia,Weber,guest002194@email.com,Business,Spain,Deluxe,False,2022-06-29,4,3.8
GUEST002195,Maria,Weber,guest002195@email.com,Couple,Spain,Standard,True,2022-05-12,1,3.6
GUEST002196,Maria,Mueller,guest002196@email.com,Leisure,UK,Family,False,2022-09-23,3,4.4
GUEST002197,Lucia,Garcia,guest002197@email.com,Leisure,China,Deluxe,True,2024-06-21,4,4.9
GUEST002198,Marco,Brown,guest002198@email.com,Solo Travel,China,Penthouse,False,2022-07-16,12,4.2
GUEST002199,John,Martin,guest002199@email.com,Couple,Netherlands,Standard,False,2023-09-22,2,4.3
GUEST002200,Klaus,Martin,guest002200@email.com,Leisure,Spain,Deluxe,True,2024-06-23,6,3.7
GUEST002201,Emma,Smith,guest002201@email.com,Leisure,UK,Suite,False,2024-08-18,3,3.6
GUEST002202,Francesca,Smith,guest002202@email.com,Leisure,Greece,Deluxe,False,2024-05-24,6,4.2
GUEST002203,Yuki,Zhang,guest002203@email.com,Couple,Netherlands,Standard,False,2024-05-14,5,3.9
GUEST002204,Francesca,Brown,guest002204@email.com,Leisure,USA,Standard,True,2022-05-05,1,3.4
GUEST002205,Marco,Rossi,guest002205@email.com,Family,Belgium,Suite,False,2023-05-23,1,5.0
GUEST002206,Yuki,Martin,guest002206@email.com,Leisure,China,Penthouse,False,2024-02-17,2,3.7
GUEST002207,John,Garcia,guest002207@email.com,Family,Spain,Deluxe,False,2022-02-18,1,4.1
GUEST002208,Klaus,Zhang,guest002208@email.com,Leisure,Germany,Suite,False,2023-06-30,5,4.7
GUEST002209,Emma,Schmidt,guest002209@email.com,Business,Spain,Penthouse,True,2022-01-06,2,4.8
GUEST002210,Francesca,Garcia,guest002210@email.com,Business,UK,Deluxe,False,2022-12-09,1,5.0
GUEST002211,Maria,Weber,guest002211@email.com,Couple,UK,Deluxe,True,2024-04-07,2,3.8
GUEST002212,John,Garcia,guest002212@email.com,Business,Greece,Penthouse,False,2023-12-08,2,4.7
GUEST002213,Francesca,Johnson,guest002213@email.com,Leisure,Spain,Family,False,2024-07-28,3,3.2
GUEST002214,Sophie,Garcia,guest002214@email.com,Leisure,Germany,Family,True,2022-06-18,2,3.5
GUEST002215,Yuki,Brown,guest002215@email.com,Family,Italy,Penthouse,True,2022-03-06,4,3.9
GUEST002216,Maria,Smith,guest002216@email.com,Leisure,USA,Family,True,2023-05-07,9,3.7
GUEST002217,Francesca,Smith,guest002217@email.com,Business,China,Deluxe,True,2023-08-30,13,4.2
GUEST002218,Yuki,Brown,guest002218@email.com,Leisure,USA,Family,False,2022-09-11,4,4.1
GUEST002219,Maria,Rossi,guest002219@email.com,Family,Greece,Penthouse,False,2022-09-02,5,3.3
GUEST002220,Yuki,Smith,guest002220@email.com,Business,Germany,Deluxe,True,2024-04-21,2,4.3
GUEST002221,Yuki,Martin,guest002221@email.com,Business,China,Family,False,2024-03-24,4,3.5
GUEST002222,Sophie,Johnson,guest002222@email.com,Leisure,China,Suite,True,2024-03-05,11,4.4
GUEST002223,Lucia,Weber,guest002223@email.com,Leisure,Spain,Suite,False,2023-03-26,2,4.5
GUEST002224,Maria,Rossi,guest002224@email.com,Couple,UK,Suite,False,2023-08-16,4,3.9
GUEST002225,Maria,Johnson,guest002225@email.com,Family,France,Penthouse,False,2024-09-24,1,2.5
GUEST002226,John,Smith,guest002226@email.com,Leisure,Netherlands,Penthouse,True,2023-01-22,2,4.0
GUEST002227,Yuki,Johnson,guest002227@email.com,Couple,France,Suite,False,2024-03-12,1,4.2
GUEST002228,Ahmed,Smith,guest002228@email.com,Couple,Italy,Standard,False,2024-07-30,3,3.6
GUEST002229,Emma,Smith,guest002229@email.com,Solo Travel,Belgium,Deluxe,False,2022-11-05,2,4.4
GUEST002230,Lucia,Zhang,guest002230@email.com,Leisure,Greece,Suite,True,2022-03-09,3,4.2
GUEST002231,Maria,Smith,guest002231@email.com,Leisure,UK,Suite,True,2023-07-27,1,4.6
GUEST002232,John,Brown,guest002232@email.com,Leisure,Greece,Family,False,2024-05-20,6,4.7
GUEST002233,Francesca,Zhang,guest002233@email.com,Couple,Germany,Family,True,2022-04-09,2,3.6
GUEST002234,Lucia,Zhang,guest002234@email.com,Leisure,France,Standard,False,2022-08-27,3,4.2
GUEST002235,Lucia,Weber,guest002235@email.com,Leisure,Greece,Suite,False,2022-01-11,7,5.0
GUEST002236,Emma,Zhang,guest002236@email.com,Family,China,Suite,False,2023-04-21,3,4.6
GUEST002237,Francesca,Weber,guest002237@email.com,Leisure,China,Standard,False,2023-09-27,9,4.2
GUEST002238,Maria,Schmidt,guest002238@email.com,Business,Italy,Family,False,2023-10-29,6,3.3
GUEST002239,John,Rossi,guest002239@email.com,Leisure,UK,Family,True,2023-06-14,5,4.8
GUEST002240,Yuki,Weber,guest002240@email.com,Couple,Spain,Family,True,2022-07-17,9,4.2
GUEST002241,Maria,Johnson,guest002241@email.com,Business,Belgium,Suite,False,2022-01-13,4,3.9
GUEST002242,Lucia,Johnson,guest002242@email.com,Couple,UK,Standard,False,2023-08-31,3,4.0
GUEST002243,Sophie,Weber,guest002243@email.com,Leisure,Italy,Standard,True,2022-05-10,1,4.2
GUEST002244,Marco,Brown,guest002244@email.com,Couple,Belgium,Standard,False,2022-12-30,4,3.5
GUEST002245,Francesca,Rossi,guest002245@email.com,Family,Spain,Deluxe,False,2024-01-13,3,4.2
GUEST002246,Lucia,Rossi,guest002246@email.com,Family,UK,Deluxe,True,2022-07-10,1,4.2
GUEST002247,Sophie,Mueller,guest002247@email.com,Business,Greece,Penthouse,False,2024-03-27,5,4.2
GUEST002248,John,Smith,guest002248@email.com,Business,Germany,Deluxe,False,2022-05-11,4,3.9
GUEST002249,Klaus,Weber,guest002249@email.com,Business,Spain,Deluxe,False,2023-03-23,4,4.3
GUEST002250,Marco,Schmidt,guest002250@email.com,Leisure,Spain,Suite,False,2022-11-15,9,4.8
GUEST002251,Lucia,Martin,guest002251@email.com,Family,Netherlands,Penthouse,True,2024-03-05,1,4.8
GUEST002252,Ahmed,Mueller,guest002252@email.com,Solo Travel,Greece,Penthouse,False,2023-04-26,2,5.0
GUEST002253,Klaus,Weber,guest002253@email.com,Business,Germany,Penthouse,False,2022-12-18,2,4.3
GUEST002254,Klaus,Schmidt,guest002254@email.com,Couple,China,Standard,True,2024-09-20,3,4.3
GUEST002255,John,Martin,guest002255@email.com,Couple,France,Suite,False,2023-08-24,13,3.6
GUEST002256,Ahmed,Smith,guest002256@email.com,Leisure,Germany,Suite,True,2022-09-01,5,4.0
GUEST002257,Marco,Martin,guest002257@email.com,Leisure,Germany,Family,False,2024-05-29,1,4.5
GUEST002258,John,Zhang,guest002258@email.com,Solo Travel,Belgium,Suite,False,2022-12-19,5,5.0
GUEST002259,Sophie,Garcia,guest002259@email.com,Solo Travel,Italy,Penthouse,False,2023-10-18,5,4.6
GUEST002260,Sophie,Johnson,guest002260@email.com,Couple,Germany,Suite,False,2022-12-16,2,4.2
GUEST002261,Sophie,Rossi,guest002261@email.com,Business,Greece,Suite,False,2023-12-13,2,4.3
GUEST002262,Emma,Weber,guest002262@email.com,Couple,Belgium,Standard,True,2023-12-11,4,4.1
GUEST002263,Yuki,Weber,guest002263@email.com,Couple,France,Family,False,2023-08-03,3,4.6
GUEST002264,Yuki,Weber,guest002264@email.com,Business,Italy,Family,False,2022-11-03,2,4.2
GUEST002265,Francesca,Schmidt,guest002265@email.com,Couple,Germany,Family,False,2022-06-16,1,4.3
GUEST002266,Maria,Rossi,guest002266@email.com,Couple,Belgium,Family,False,2024-06-16,2,4.0
GUEST002267,John,Rossi,guest002267@email.com,Business,Belgium,Penthouse,False,2022-08-13,11,5.0
GUEST002268,John,Garcia,guest002268@email.com,Business,USA,Penthouse,True,2023-12-11,2,4.4
GUEST002269,Sophie,Rossi,guest002269@email.com,Leisure,Spain,Penthouse,False,2023-10-01,2,3.2
GUEST002270,Sophie,Garcia,guest002270@email.com,Family,Belgium,Deluxe,True,2023-05-08,2,3.9
GUEST002271,Yuki,Zhang,guest002271@email.com,Leisure,Belgium,Family,False,2022-07-30,2,4.3
GUEST002272,Francesca,Mueller,guest002272@email.com,Leisure,USA,Suite,False,2024-04-25,3,4.1
GUEST002273,John,Schmidt,guest002273@email.com,Leisure,Greece,Penthouse,False,2022-01-11,1,4.3
GUEST002274,Maria,Schmidt,guest002274@email.com,Leisure,USA,Standard,False,2022-01-31,1,4.8
GUEST002275,Marco,Johnson,guest002275@email.com,Solo Travel,Spain,Deluxe,True,2022-05-26,6,4.4
GUEST002276,Klaus,Rossi,guest002276@email.com,Solo Travel,China,Standard,False,2022-07-19,1,4.7
GUEST002277,Lucia,Schmidt,guest002277@email.com,Leisure,Netherlands,Suite,False,2022-02-14,8,4.1
GUEST002278,John,Garcia,guest002278@email.com,Leisure,UK,Penthouse,False,2022-07-22,1,4.2
GUEST002279,Klaus,Mueller,guest002279@email.com,Couple,USA,Penthouse,False,2022-08-13,5,3.8
GUEST002280,Klaus,Mueller,guest002280@email.com,Couple,France,Deluxe,False,2022-12-14,1,5.0
GUEST002281,Marco,Garcia,guest002281@email.com,Leisure,Belgium,Penthouse,False,2022-07-02,7,4.5
GUEST002282,Sophie,Smith,guest002282@email.com,Family,Belgium,Standard,False,2022-06-30,1,4.1
GUEST002283,Klaus,Johnson,guest002283@email.com,Business,Germany,Family,True,2022-01-22,3,4.5
GUEST002284,Ahmed,Zhang,guest002284@email.com,Leisure,China,Penthouse,False,2023-11-02,2,4.2
GUEST002285,Maria,Schmidt,guest002285@email.com,Leisure,China,Family,False,2024-08-16,2,4.1
GUEST002286,Sophie,Brown,guest002286@email.com,Leisure,Italy,Standard,True,2023-04-13,3,4.8
GUEST002287,Sophie,Schmidt,guest002287@email.com,Couple,Greece,Deluxe,True,2024-04-08,4,4.5
GUEST002288,Yuki,Mueller,guest002288@email.com,Family,Italy,Deluxe,False,2024-08-21,3,4.1
GUEST002289,Marco,Weber,guest002289@email.com,Leisure,China,Suite,False,2024-06-21,1,4.5
GUEST002290,Francesca,Johnson,guest002290@email.com,Leisure,Germany,Family,False,2022-05-02,3,4.4
GUEST002291,Ahmed,Mueller,guest002291@email.com,Family,Belgium,Penthouse,False,2024-03-24,5,3.4
GUEST002292,Sophie,Garcia,guest002292@email.com,Business,Germany,Family,False,2023-06-30,1,4.8
GUEST002293,Francesca,Schmidt,guest002293@email.com,Leisure,Greece,Family,False,2022-11-22,4,3.8
GUEST002294,Lucia,Zhang,guest002294@email.com,Business,Greece,Penthouse,True,2024-09-27,1,3.2
GUEST002295,Sophie,Smith,guest002295@email.com,Business,Italy,Deluxe,False,2024-02-21,7,4.2
GUEST002296,Lucia,Weber,guest002296@email.com,Couple,China,Deluxe,False,2022-07-13,3,3.9
GUEST002297,Marco,Brown,guest002297@email.com,Solo Travel,Italy,Family,False,2024-03-19,4,4.0
GUEST002298,Ahmed,Schmidt,guest002298@email.com,Leisure,Spain,Suite,False,2022-09-11,6,4.1
GUEST002299,John,Brown,guest002299@email.com,Business,Greece,Suite,False,2024-06-12,3,4.6
GUEST002300,Ahmed,Martin,guest002300@email.com,Business,Germany,Family,False,2024-09-18,3,5.0
GUEST002301,Lucia,Rossi,guest002301@email.com,Couple,Netherlands,Family,True,2022-08-03,7,4.6
GUEST002302,Maria,Rossi,guest002302@email.com,Family,UK,Penthouse,False,2024-03-20,1,3.3
GUEST002303,Lucia,Johnson,guest002303@email.com,Couple,Spain,Penthouse,True,2022-06-21,7,3.9
GUEST002304,Marco,Zhang,guest002304@email.com,Family,China,Family,True,2024-02-09,1,4.5
GUEST002305,Marco,Schmidt,guest002305@email.com,Leisure,Greece,Penthouse,False,2023-05-26,5,4.8
GUEST002306,Marco,Rossi,guest002306@email.com,Leisure,USA,Deluxe,False,2022-07-03,2,4.5
GUEST002307,Yuki,Schmidt,guest002307@email.com,Leisure,Belgium,Family,False,2023-06-23,6,4.8
GUEST002308,Emma,Rossi,guest002308@email.com,Business,Spain,Family,False,2023-05-01,5,4.8
GUEST002309,Klaus,Weber,guest002309@email.com,Leisure,Italy,Deluxe,False,2023-02-15,1,5.0
GUEST002310,Lucia,Smith,guest002310@email.com,Leisure,Germany,Deluxe,False,2022-08-01,1,4.6
GUEST002311,Sophie,Garcia,guest002311@email.com,Couple,Netherlands,Deluxe,True,2023-04-08,1,3.9
GUEST002312,Sophie,Zhang,guest002312@email.com,Couple,Netherlands,Suite,True,2022-08-12,4,4.9
GUEST002313,Klaus,Zhang,guest002313@email.com,Business,Italy,Suite,True,2024-06-29,4,4.0
GUEST002314,Francesca,Weber,guest002314@email.com,Couple,USA,Penthouse,True,2022-06-10,1,3.7
GUEST002315,Yuki,Brown,guest002315@email.com,Solo Travel,Spain,Deluxe,False,2023-07-18,3,3.5
GUEST002316,Maria,Mueller,guest002316@email.com,Family,Belgium,Family,False,2024-02-09,1,3.6
GUEST002317,Maria,Brown,guest002317@email.com,Business,Spain,Penthouse,False,2023-04-01,14,3.8
GUEST002318,Marco,Schmidt,guest002318@email.com,Solo Travel,Spain,Penthouse,False,2022-08-24,1,4.1
GUEST002319,Lucia,Smith,guest002319@email.com,Leisure,Belgium,Penthouse,True,2023-04-22,4,5.0
GUEST002320,Marco,Weber,guest002320@email.com,Business,USA,Penthouse,False,2022-12-11,1,5.0
GUEST002321,Francesca,Rossi,guest002321@email.com,Leisure,USA,Deluxe,True,2023-04-24,2,4.8
GUEST002322,Francesca,Zhang,guest002322@email.com,Solo Travel,France,Family,False,2023-01-12,8,3.6
GUEST002323,Emma,Schmidt,guest002323@email.com,Solo Travel,UK,Suite,False,2022-10-07,3,4.0
GUEST002324,Francesca,Smith,guest002324@email.com,Business,Netherlands,Standard,False,2022-07-03,1,4.6
GUEST002325,Emma,Garcia,guest002325@email.com,Family,China,Suite,False,2022-09-29,8,3.9
GUEST002326,Maria,Schmidt,guest002326@email.com,Solo Travel,Germany,Family,False,2024-07-12,7,3.2
GUEST002327,Maria,Brown,guest002327@email.com,Leisure,Italy,Family,False,2024-05-12,5,4.8
GUEST002328,Marco,Martin,guest002328@email.com,Couple,UK,Penthouse,False,2023-07-14,3,4.2
GUEST002329,Maria,Brown,guest002329@email.com,Leisure,Greece,Family,False,2024-08-06,3,3.1
GUEST002330,Sophie,Johnson,guest002330@email.com,Family,Italy,Suite,False,2022-05-02,1,3.9
GUEST002331,Maria,Schmidt,guest002331@email.com,Solo Travel,Italy,Deluxe,False,2022-02-09,11,3.3
GUEST002332,Marco,Garcia,guest002332@email.com,Couple,China,Family,True,2022-12-08,1,4.4
GUEST002333,Sophie,Schmidt,guest002333@email.com,Business,Spain,Penthouse,False,2022-09-14,2,3.2
GUEST002334,Klaus,Brown,guest002334@email.com,Business,USA,Standard,False,2022-07-15,1,4.3
GUEST002335,Lucia,Mueller,guest002335@email.com,Leisure,Netherlands,Standard,False,2024-05-25,2,4.9
GUEST002336,Marco,Brown,guest002336@email.com,Leisure,France,Suite,False,2022-01-09,5,4.2
GUEST002337,Klaus,Brown,guest002337@email.com,Leisure,UK,Standard,False,2024-04-22,1,5.0
GUEST002338,Yuki,Zhang,guest002338@email.com,Couple,USA,Suite,False,2024-08-26,2,3.7
GUEST002339,Francesca,Weber,guest002339@email.com,Couple,UK,Deluxe,False,2024-02-15,7,5.0
GUEST002340,John,Rossi,guest002340@email.com,Business,Italy,Standard,False,2023-11-01,1,4.2
GUEST002341,Marco,Mueller,guest002341@email.com,Leisure,USA,Penthouse,True,2024-06-05,1,4.3
GUEST002342,Francesca,Garcia,guest002342@email.com,Leisure,Italy,Family,True,2022-08-21,3,4.3
GUEST002343,Sophie,Rossi,guest002343@email.com,Leisure,Italy,Standard,True,2022-08-28,6,4.1
GUEST002344,Marco,Weber,guest002344@email.com,Family,Greece,Standard,True,2024-03-15,3,4.2
GUEST002345,Marco,Rossi,guest002345@email.com,Leisure,Spain,Deluxe,False,2024-01-10,2,4.3
GUEST002346,Emma,Schmidt,guest002346@email.com,Leisure,Greece,Suite,True,2024-03-21,2,4.5
GUEST002347,Maria,Schmidt,guest002347@email.com,Leisure,Spain,Family,True,2024-05-16,1,4.6
GUEST002348,Sophie,Zhang,guest002348@email.com,Leisure,France,Penthouse,True,2024-02-28,1,4.5
GUEST002349,Francesca,Garcia,guest002349@email.com,Leisure,Italy,Deluxe,False,2023-03-26,2,4.3
GUEST002350,Emma,Martin,guest002350@email.com,Leisure,Belgium,Penthouse,False,2022-01-31,3,4.0
GUEST002351,Yuki,Mueller,guest002351@email.com,Leisure,Italy,Family,True,2023-08-15,9,3.7
GUEST002352,Ahmed,Brown,guest002352@email.com,Leisure,China,Penthouse,False,2024-08-23,3,4.1
GUEST002353,John,Rossi,guest002353@email.com,Leisure,UK,Deluxe,False,2024-04-09,6,4.9
GUEST002354,Yuki,Schmidt,guest002354@email.com,Leisure,Greece,Family,False,2022-08-19,1,3.9
GUEST002355,Francesca,Zhang,guest002355@email.com,Leisure,Netherlands,Penthouse,False,2023-12-04,1,5.0
GUEST002356,Francesca,Martin,guest002356@email.com,Leisure,China,Penthouse,True,2022-11-03,6,3.8
GUEST002357,Yuki,Weber,guest002357@email.com,Family,Germany,Family,False,2022-01-24,2,4.3
GUEST002358,Lucia,Smith,guest002358@email.com,Business,China,Suite,False,2024-08-02,2,4.5
GUEST002359,Ahmed,Mueller,guest002359@email.com,Family,Greece,Standard,True,2024-09-27,1,4.2
GUEST002360,Yuki,Weber,guest002360@email.com,Leisure,USA,Penthouse,False,2023-10-07,5,3.9
GUEST002361,Lucia,Weber,guest002361@email.com,Leisure,USA,Suite,False,2023-08-11,6,3.9
GUEST002362,Francesca,Zhang,guest002362@email.com,Couple,Spain,Standard,False,2022-07-29,2,3.7
GUEST002363,Francesca,Johnson,guest002363@email.com,Leisure,Greece,Standard,False,2023-07-02,4,3.6
GUEST002364,Francesca,Garcia,guest002364@email.com,Leisure,France,Family,False,2023-05-02,5,4.6
GUEST002365,Maria,Schmidt,guest002365@email.com,Leisure,UK,Standard,False,2023-08-07,5,4.1
GUEST002366,Emma,Brown,guest002366@email.com,Business,Spain,Suite,False,2022-04-06,4,4.2
GUEST002367,Ahmed,Johnson,guest002367@email.com,Solo Travel,Spain,Penthouse,True,2023-11-23,8,4.3
GUEST002368,Marco,Mueller,guest002368@email.com,Leisure,Netherlands,Family,False,2022-02-02,2,3.7
GUEST002369,Lucia,Rossi,guest002369@email.com,Family,UK,Suite,False,2022-01-28,3,4.0
GUEST002370,Ahmed,Garcia,guest002370@email.com,Leisure,Greece,Standard,False,2022-03-13,3,4.8
GUEST002371,Francesca,Brown,guest002371@email.com,Business,Greece,Deluxe,False,2022-07-30,4,3.7
GUEST002372,Sophie,Brown,guest002372@email.com,Leisure,France,Suite,False,2023-11-07,7,4.3
GUEST002373,Marco,Johnson,guest002373@email.com,Couple,USA,Suite,False,2023-04-11,2,3.9
GUEST002374,John,Schmidt,guest002374@email.com,Family,Germany,Standard,True,2023-06-15,1,4.4
GUEST002375,John,Mueller,guest002375@email.com,Leisure,USA,Penthouse,True,2022-12-01,5,4.6
GUEST002376,Francesca,Zhang,guest002376@email.com,Leisure,Greece,Standard,False,2022-06-10,3,4.7
GUEST002377,Maria,Mueller,guest002377@email.com,Business,Italy,Deluxe,False,2023-07-04,1,3.9
GUEST002378,Francesca,Rossi,guest002378@email.com,Leisure,Belgium,Family,True,2024-01-31,1,4.1
GUEST002379,Maria,Zhang,guest002379@email.com,Business,France,Suite,False,2024-09-05,2,4.5
GUEST002380,Sophie,Mueller,guest002380@email.com,Leisure,USA,Penthouse,True,2024-06-10,9,3.6
GUEST002381,Sophie,Brown,guest002381@email.com,Solo Travel,USA,Suite,False,2023-03-19,2,4.4
GUEST002382,Emma,Mueller,guest002382@email.com,Business,Germany,Family,False,2023-09-11,3,4.0
GUEST002383,Lucia,Brown,guest002383@email.com,Leisure,China,Deluxe,False,2023-08-25,2,4.4
GUEST002384,Sophie,Martin,guest002384@email.com,Leisure,USA,Deluxe,True,2024-01-04,2,4.1
GUEST002385,Emma,Brown,guest002385@email.com,Business,Netherlands,Suite,False,2022-07-26,3,3.9
GUEST002386,John,Mueller,guest002386@email.com,Family,UK,Standard,False,2023-04-02,1,3.8
GUEST002387,Maria,Zhang,guest002387@email.com,Solo Travel,Germany,Suite,False,2023-09-12,1,4.6
GUEST002388,Sophie,Martin,guest002388@email.com,Family,Greece,Standard,True,2022-12-03,4,3.9
GUEST002389,Lucia,Rossi,guest002389@email.com,Business,China,Deluxe,False,2023-04-17,1,5.0
GUEST002390,Emma,Weber,guest002390@email.com,Leisure,UK,Family,False,2022-02-10,2,4.8
GUEST002391,Maria,Brown,guest002391@email.com,Leisure,Italy,Penthouse,False,2023-10-24,4,4.8
GUEST002392,Emma,Schmidt,guest002392@email.com,Leisure,Germany,Suite,True,2023-12-19,1,3.8
GUEST002393,Klaus,Zhang,guest002393@email.com,Business,Germany,Standard,False,2023-09-20,1,4.3
GUEST002394,Ahmed,Zhang,guest002394@email.com,Leisure,Italy,Deluxe,False,2022-09-13,2,4.0
GUEST002395,Ahmed,Weber,guest002395@email.com,Leisure,Italy,Family,False,2024-01-21,1,4.3
GUEST002396,Francesca,Rossi,guest002396@email.com,Leisure,Greece,Deluxe,True,2023-01-29,1,3.3
GUEST002397,Ahmed,Weber,guest002397@email.com,Couple,Greece,Suite,False,2022-04-08,1,3.7
GUEST002398,Francesca,Smith,guest002398@email.com,Business,Belgium,Suite,False,2022-09-03,8,3.8
GUEST002399,Ahmed,Brown,guest002399@email.com,Business,China,Family,True,2024-06-22,2,3.9
GUEST002400,Marco,Brown,guest002400@email.com,Family,Italy,Penthouse,True,2023-11-14,3,4.0
GUEST002401,Maria,Garcia,guest002401@email.com,Business,France,Suite,False,2024-07-19,1,3.9
GUEST002402,Emma,Zhang,guest002402@email.com,Leisure,France,Deluxe,False,2024-02-20,7,4.5
GUEST002403,Marco,Johnson,guest002403@email.com,Solo Travel,Belgium,Deluxe,True,2023-01-13,1,4.0
GUEST002404,Maria,Johnson,guest002404@email.com,Couple,UK,Suite,False,2023-06-01,3,3.7
GUEST002405,Yuki,Zhang,guest002405@email.com,Leisure,Spain,Family,False,2023-04-07,10,4.9
GUEST002406,Ahmed,Brown,guest002406@email.com,Solo Travel,Italy,Penthouse,False,2022-08-01,1,4.0
GUEST002407,Marco,Smith,guest002407@email.com,Couple,France,Suite,False,2023-04-19,1,4.6
GUEST002408,John,Johnson,guest002408@email.com,Solo Travel,Germany,Standard,False,2023-10-17,1,4.8
GUEST002409,Emma,Zhang,guest002409@email.com,Leisure,France,Family,False,2022-12-18,9,3.8
GUEST002410,Francesca,Garcia,guest002410@email.com,Business,UK,Deluxe,False,2023-02-11,10,4.0
GUEST002411,John,Smith,guest002411@email.com,Solo Travel,Germany,Standard,False,2022-09-14,3,4.0
GUEST002412,Maria,Mueller,guest002412@email.com,Business,USA,Deluxe,False,2022-12-01,2,3.7
GUEST002413,Emma,Rossi,guest002413@email.com,Leisure,Greece,Deluxe,True,2023-04-18,5,4.0
GUEST002414,Maria,Johnson,guest002414@email.com,Solo Travel,Spain,Standard,False,2023-07-16,2,3.0
GUEST002415,Sophie,Rossi,guest002415@email.com,Couple,Netherlands,Family,False,2022-05-24,1,4.2
GUEST002416,Emma,Brown,guest002416@email.com,Couple,France,Standard,False,2024-05-11,7,4.4
GUEST002417,Ahmed,Mueller,guest002417@email.com,Business,France,Penthouse,False,2024-05-08,2,3.6
GUEST002418,John,Weber,guest002418@email.com,Leisure,UK,Suite,True,2022-04-13,2,3.6
GUEST002419,Ahmed,Brown,guest002419@email.com,Family,Belgium,Standard,False,2022-05-08,2,5.0
GUEST002420,Marco,Zhang,guest002420@email.com,Leisure,France,Suite,True,2022-06-22,3,4.1
GUEST002421,Maria,Smith,guest002421@email.com,Family,Belgium,Family,False,2023-11-25,3,5.0
GUEST002422,Klaus,Mueller,guest002422@email.com,Leisure,China,Standard,True,2023-03-28,1,4.6
GUEST002423,Yuki,Mueller,guest002423@email.com,Leisure,Italy,Deluxe,False,2022-08-10,1,4.0
GUEST002424,John,Martin,guest002424@email.com,Leisure,UK,Suite,False,2022-08-10,1,4.8
GUEST002425,Emma,Smith,guest002425@email.com,Leisure,Netherlands,Family,False,2024-05-06,12,3.5
GUEST002426,Marco,Johnson,guest002426@email.com,Family,Belgium,Family,False,2023-02-04,4,4.3
GUEST002427,Klaus,Rossi,guest002427@email.com,Leisure,Greece,Suite,True,2022-02-23,6,4.1
GUEST002428,Lucia,Smith,guest002428@email.com,Leisure,UK,Deluxe,False,2022-02-19,1,4.2
GUEST002429,Francesca,Garcia,guest002429@email.com,Couple,Belgium,Standard,False,2024-08-09,4,4.0
GUEST002430,Sophie,Schmidt,guest002430@email.com,Couple,Belgium,Standard,False,2024-07-19,4,4.5
GUEST002431,Sophie,Garcia,guest002431@email.com,Business,China,Penthouse,False,2022-04-04,3,3.8
GUEST002432,John,Zhang,guest002432@email.com,Leisure,France,Penthouse,True,2022-01-29,2,4.0
GUEST002433,John,Schmidt,guest002433@email.com,Couple,UK,Suite,False,2024-04-20,1,4.0
GUEST002434,Sophie,Johnson,guest002434@email.com,Solo Travel,Greece,Deluxe,False,2022-08-14,2,4.4
GUEST002435,Maria,Mueller,guest002435@email.com,Leisure,China,Standard,True,2024-01-12,3,4.0
GUEST002436,Ahmed,Smith,guest002436@email.com,Leisure,Netherlands,Deluxe,False,2023-03-02,5,4.1
GUEST002437,Marco,Johnson,guest002437@email.com,Family,Italy,Family,False,2024-04-15,1,4.3
GUEST002438,Yuki,Schmidt,guest002438@email.com,Solo Travel,Greece,Standard,False,2023-07-30,3,3.9
GUEST002439,Sophie,Weber,guest002439@email.com,Family,Belgium,Standard,False,2022-08-01,3,5.0
GUEST002440,Marco,Zhang,guest002440@email.com,Leisure,China,Family,False,2024-08-19,1,4.1
GUEST002441,Francesca,Johnson,guest002441@email.com,Leisure,UK,Deluxe,True,2022-08-26,1,4.2
GUEST002442,Sophie,Johnson,guest002442@email.com,Leisure,Greece,Deluxe,False,2023-01-01,1,4.3
GUEST002443,Yuki,Mueller,guest002443@email.com,Family,France,Family,True,2022-01-16,6,3.5
GUEST002444,Francesca,Schmidt,guest002444@email.com,Couple,Netherlands,Deluxe,False,2022-01-13,8,3.7
GUEST002445,Francesca,Garcia,guest002445@email.com,Couple,USA,Deluxe,True,2023-04-15,4,3.5
GUEST002446,Sophie,Johnson,guest002446@email.com,Couple,China,Family,False,2023-11-05,4,4.3
GUEST002447,Klaus,Weber,guest002447@email.com,Leisure,Spain,Standard,False,2023-01-13,1,3.9
GUEST002448,John,Johnson,guest002448@email.com,Leisure,Spain,Suite,False,2024-06-25,4,3.7
GUEST002449,Sophie,Zhang,guest002449@email.com,Leisure,France,Family,False,2022-11-05,2,3.9
GUEST002450,Lucia,Rossi,guest002450@email.com,Family,Greece,Standard,True,2022-04-15,3,3.7
GUEST002451,Marco,Weber,guest002451@email.com,Couple,Greece,Penthouse,False,2022-06-25,1,4.9
GUEST002452,Klaus,Johnson,guest002452@email.com,Couple,Spain,Standard,False,2023-09-07,4,4.3
GUEST002453,Yuki,Zhang,guest002453@email.com,Business,Greece,Family,True,2023-11-26,2,5.0
GUEST002454,Ahmed,Schmidt,guest002454@email.com,Business,Spain,Suite,True,2022-06-29,8,3.8
GUEST002455,Yuki,Rossi,guest002455@email.com,Couple,USA,Family,False,2022-03-11,1,3.5
GUEST002456,Yuki,Smith,guest002456@email.com,Business,France,Penthouse,False,2023-09-16,3,4.1
GUEST002457,Lucia,Rossi,guest002457@email.com,Leisure,Spain,Penthouse,False,2023-01-27,3,3.6
GUEST002458,Marco,Garcia,guest002458@email.com,Solo Travel,China,Deluxe,True,2023-05-31,1,4.9
GUEST002459,Lucia,Smith,guest002459@email.com,Leisure,Greece,Suite,False,2022-08-27,2,4.1
GUEST002460,John,Weber,guest002460@email.com,Leisure,Italy,Family,True,2024-02-17,2,5.0
GUEST002461,Maria,Brown,guest002461@email.com,Leisure,Italy,Standard,True,2022-08-31,1,3.2
GUEST002462,Francesca,Garcia,guest002462@email.com,Business,China,Penthouse,False,2023-09-27,4,4.3
GUEST002463,Maria,Smith,guest002463@email.com,Solo Travel,Spain,Suite,False,2022-05-21,5,3.5
GUEST002464,Yuki,Rossi,guest002464@email.com,Leisure,China,Family,False,2022-10-31,2,4.0
GUEST002465,Sophie,Mueller,guest002465@email.com,Business,Netherlands,Family,False,2023-01-20,3,4.7
GUEST002466,Sophie,Smith,guest002466@email.com,Business,Belgium,Standard,False,2022-09-01,4,4.8
GUEST002467,Lucia,Rossi,guest002467@email.com,Leisure,UK,Deluxe,True,2024-01-27,1,4.2
GUEST002468,Yuki,Mueller,guest002468@email.com,Family,Germany,Penthouse,False,2022-10-12,3,3.9
GUEST002469,Yuki,Smith,guest002469@email.com,Leisure,Spain,Standard,True,2023-06-18,2,4.0
GUEST002470,Francesca,Brown,guest002470@email.com,Leisure,USA,Deluxe,False,2024-02-08,3,4.6
GUEST002471,John,Garcia,guest002471@email.com,Leisure,Netherlands,Deluxe,False,2024-05-17,6,5.0
GUEST002472,Yuki,Schmidt,guest002472@email.com,Leisure,UK,Family,False,2022-09-06,2,4.1
GUEST002473,Sophie,Martin,guest002473@email.com,Couple,China,Penthouse,False,2022-02-25,1,4.0
GUEST002474,Sophie,Garcia,guest002474@email.com,Family,UK,Deluxe,False,2023-09-15,7,4.5
GUEST002475,Francesca,Martin,guest002475@email.com,Business,France,Standard,True,2022-11-26,2,5.0
GUEST002476,Ahmed,Rossi,guest002476@email.com,Family,China,Suite,True,2023-10-07,2,4.8
GUEST002477,John,Johnson,guest002477@email.com,Business,Greece,Suite,False,2024-06-09,1,4.3
GUEST002478,Emma,Johnson,guest002478@email.com,Business,Spain,Penthouse,True,2024-09-03,3,4.2
GUEST002479,Sophie,Smith,guest002479@email.com,Family,Belgium,Family,False,2023-10-12,3,4.2
GUEST002480,Ahmed,Garcia,guest002480@email.com,Business,UK,Family,False,2022-05-09,1,4.0
GUEST002481,Maria,Mueller,guest002481@email.com,Couple,Belgium,Penthouse,False,2023-08-30,2,4.6
GUEST002482,Marco,Garcia,guest002482@email.com,Leisure,UK,Suite,True,2022-08-30,5,4.3
GUEST002483,Marco,Johnson,guest002483@email.com,Couple,UK,Standard,False,2023-03-13,3,3.8
GUEST002484,Emma,Brown,guest002484@email.com,Family,Netherlands,Suite,False,2022-06-18,3,4.6
GUEST002485,Sophie,Garcia,guest002485@email.com,Business,China,Standard,False,2023-03-11,4,4.6
GUEST002486,Ahmed,Weber,guest002486@email.com,Business,China,Suite,True,2022-09-12,2,4.2
GUEST002487,Klaus,Brown,guest002487@email.com,Solo Travel,France,Standard,True,2023-08-14,5,4.4
GUEST002488,Emma,Garcia,guest002488@email.com,Business,Greece,Deluxe,True,2022-10-06,9,5.0
GUEST002489,Emma,Johnson,guest002489@email.com,Family,UK,Standard,False,2024-08-31,3,4.0
GUEST002490,Yuki,Zhang,guest002490@email.com,Couple,UK,Family,False,2023-01-22,5,4.5
GUEST002491,Ahmed,Rossi,guest002491@email.com,Solo Travel,Netherlands,Standard,False,2023-03-28,3,4.1
GUEST002492,Francesca,Martin,guest002492@email.com,Business,France,Penthouse,True,2023-09-17,6,4.4
GUEST002493,Francesca,Mueller,guest002493@email.com,Leisure,Spain,Standard,False,2024-04-19,6,3.7
GUEST002494,Emma,Smith,guest002494@email.com,Solo Travel,UK,Family,False,2024-02-20,1,3.4
GUEST002495,Francesca,Zhang,guest002495@email.com,Business,Italy,Standard,True,2024-05-24,3,4.4
GUEST002496,Maria,Brown,guest002496@email.com,Family,USA,Family,True,2023-09-02,5,3.6
GUEST002497,Marco,Mueller,guest002497@email.com,Business,Belgium,Standard,True,2023-07-21,1,4.5
GUEST002498,Ahmed,Brown,guest002498@email.com,Leisure,Germany,Deluxe,False,2023-01-25,2,4.2
GUEST002499,Emma,Brown,guest002499@email.com,Family,Belgium,Suite,False,2023-04-10,2,3.5
GUEST002500,Klaus,Zhang,guest002500@email.com,Couple,UK,Suite,False,2023-07-30,4,4.1
GUEST002501,Lucia,Rossi,guest002501@email.com,Business,France,Penthouse,False,2022-03-15,6,4.5
GUEST002502,Yuki,Mueller,guest002502@email.com,Business,Italy,Family,False,2024-01-03,1,3.8
GUEST002503,Emma,Garcia,guest002503@email.com,Leisure,Spain,Family,False,2022-06-08,2,4.6
GUEST002504,Sophie,Smith,guest002504@email.com,Family,Germany,Standard,True,2022-01-14,1,4.3
GUEST002505,Marco,Schmidt,guest002505@email.com,Business,Germany,Family,False,2023-05-19,1,3.7
GUEST002506,Francesca,Zhang,guest002506@email.com,Leisure,Italy,Penthouse,True,2024-08-20,6,3.7
GUEST002507,Francesca,Schmidt,guest002507@email.com,Leisure,USA,Penthouse,False,2023-01-29,4,4.1
GUEST002508,Emma,Brown,guest002508@email.com,Couple,UK,Family,True,2023-10-19,2,3.1
GUEST002509,Lucia,Johnson,guest002509@email.com,Family,Italy,Standard,False,2023-02-23,4,3.9
GUEST002510,John,Johnson,guest002510@email.com,Leisure,Greece,Deluxe,False,2023-01-30,1,4.4
GUEST002511,Lucia,Mueller,guest002511@email.com,Leisure,Germany,Suite,True,2022-07-18,2,4.1
GUEST002512,Francesca,Brown,guest002512@email.com,Leisure,Spain,Standard,False,2024-02-29,1,4.5
GUEST002513,Yuki,Martin,guest002513@email.com,Couple,Italy,Penthouse,False,2023-12-28,2,4.1
GUEST002514,Emma,Schmidt,guest002514@email.com,Family,China,Deluxe,False,2023-12-15,2,4.2
GUEST002515,John,Zhang,guest002515@email.com,Family,Spain,Standard,False,2024-08-06,7,4.0
GUEST002516,Francesca,Garcia,guest002516@email.com,Leisure,France,Penthouse,False,2022-09-06,3,4.8
GUEST002517,Emma,Smith,guest002517@email.com,Leisure,Greece,Penthouse,False,2024-08-01,3,4.0
GUEST002518,Yuki,Smith,guest002518@email.com,Family,USA,Deluxe,False,2023-12-16,7,5.0
GUEST002519,Ahmed,Brown,guest002519@email.com,Business,Belgium,Suite,False,2023-09-12,1,3.8
GUEST002520,Emma,Mueller,guest002520@email.com,Business,Greece,Deluxe,True,2022-09-18,1,3.8
GUEST002521,Sophie,Weber,guest002521@email.com,Solo Travel,Italy,Family,True,2023-08-16,2,3.3
GUEST002522,Ahmed,Smith,guest002522@email.com,Business,Italy,Penthouse,False,2022-04-30,3,4.6
GUEST002523,Maria,Zhang,guest002523@email.com,Business,UK,Family,False,2023-02-12,3,3.7
GUEST002524,Lucia,Johnson,guest002524@email.com,Solo Travel,UK,Standard,False,2023-06-15,1,3.7
GUEST002525,Sophie,Zhang,guest002525@email.com,Leisure,Netherlands,Deluxe,True,2022-06-19,2,4.2
GUEST002526,Francesca,Brown,guest002526@email.com,Business,Belgium,Deluxe,False,2023-12-10,2,4.0
GUEST002527,Klaus,Martin,guest002527@email.com,Leisure,UK,Deluxe,True,2024-09-17,1,4.0
GUEST002528,Marco,Zhang,guest002528@email.com,Business,UK,Deluxe,True,2023-08-24,1,3.8
GUEST002529,Klaus,Zhang,guest002529@email.com,Business,Belgium,Deluxe,False,2024-02-10,2,3.9
GUEST002530,Maria,Johnson,guest002530@email.com,Leisure,Italy,Standard,False,2023-10-14,2,3.9
GUEST002531,Lucia,Schmidt,guest002531@email.com,Family,Germany,Family,False,2024-04-13,1,4.6
GUEST002532,Ahmed,Brown,guest002532@email.com,Leisure,USA,Family,True,2024-02-06,3,4.1
GUEST002533,Sophie,Zhang,guest002533@email.com,Couple,Greece,Penthouse,True,2023-12-17,10,4.4
GUEST002534,Klaus,Smith,guest002534@email.com,Leisure,Italy,Penthouse,False,2022-06-22,3,5.0
GUEST002535,Emma,Smith,guest002535@email.com,Family,USA,Deluxe,False,2022-04-10,9,4.3
GUEST002536,Maria,Zhang,guest002536@email.com,Leisure,Belgium,Penthouse,False,2023-06-22,11,3.8
GUEST002537,Francesca,Brown,guest002537@email.com,Solo Travel,France,Deluxe,True,2024-01-21,12,4.1
GUEST002538,Francesca,Mueller,guest002538@email.com,Business,China,Deluxe,False,2022-06-30,1,3.4
GUEST002539,Yuki,Mueller,guest002539@email.com,Leisure,Netherlands,Penthouse,False,2023-12-22,2,4.5
GUEST002540,Ahmed,Garcia,guest002540@email.com,Family,China,Deluxe,False,2023-05-14,1,3.9
GUEST002541,Ahmed,Martin,guest002541@email.com,Leisure,Belgium,Suite,False,2024-08-29,4,3.8
GUEST002542,Maria,Rossi,guest002542@email.com,Couple,China,Deluxe,True,2023-08-04,7,4.6
GUEST002543,Sophie,Mueller,guest002543@email.com,Leisure,Greece,Deluxe,False,2022-07-25,5,3.3
GUEST002544,John,Mueller,guest002544@email.com,Business,Belgium,Penthouse,True,2024-04-08,6,4.9
GUEST002545,Sophie,Brown,guest002545@email.com,Leisure,Spain,Suite,False,2024-07-12,1,3.9
GUEST002546,Francesca,Rossi,guest002546@email.com,Solo Travel,Spain,Standard,False,2023-10-04,1,4.8
GUEST002547,Lucia,Johnson,guest002547@email.com,Business,Netherlands,Deluxe,True,2024-06-08,2,4.1
GUEST002548,Ahmed,Johnson,guest002548@email.com,Family,UK,Deluxe,True,2022-10-28,1,4.2
GUEST002549,Maria,Zhang,guest002549@email.com,Business,UK,Family,False,2022-05-08,7,4.1
GUEST002550,Klaus,Johnson,guest002550@email.com,Leisure,China,Standard,False,2022-12-17,1,4.3
GUEST002551,John,Weber,guest002551@email.com,Leisure,Netherlands,Suite,True,2022-08-29,15,4.5
GUEST002552,Emma,Rossi,guest002552@email.com,Leisure,China,Penthouse,False,2023-11-20,10,4.4
GUEST002553,Maria,Smith,guest002553@email.com,Couple,Spain,Suite,False,2022-03-04,4,3.3
GUEST002554,Klaus,Smith,guest002554@email.com,Business,UK,Family,False,2023-11-13,1,4.0
GUEST002555,Lucia,Smith,guest002555@email.com,Leisure,Greece,Penthouse,False,2022-04-10,2,4.4
GUEST002556,Sophie,Martin,guest002556@email.com,Family,UK,Family,False,2024-03-21,1,4.5
GUEST002557,John,Zhang,guest002557@email.com,Family,France,Standard,False,2023-09-10,2,4.2
GUEST002558,Marco,Brown,guest002558@email.com,Leisure,Belgium,Standard,True,2024-08-12,8,4.3
GUEST002559,Emma,Rossi,guest002559@email.com,Business,France,Family,False,2024-02-15,4,4.0
GUEST002560,Yuki,Weber,guest002560@email.com,Family,Greece,Penthouse,True,2023-03-16,1,4.0
GUEST002561,Yuki,Schmidt,guest002561@email.com,Leisure,Netherlands,Deluxe,False,2023-11-30,1,3.5
GUEST002562,Yuki,Schmidt,guest002562@email.com,Couple,Netherlands,Deluxe,False,2024-04-16,4,4.1
GUEST002563,Sophie,Schmidt,guest002563@email.com,Leisure,China,Deluxe,False,2023-11-13,3,3.3
GUEST002564,Francesca,Zhang,guest002564@email.com,Leisure,UK,Penthouse,True,2023-09-18,1,4.5
GUEST002565,John,Schmidt,guest002565@email.com,Business,France,Family,False,2024-06-13,1,3.6
GUEST002566,Yuki,Johnson,guest002566@email.com,Leisure,Netherlands,Penthouse,False,2022-01-04,1,4.5
GUEST002567,Emma,Zhang,guest002567@email.com,Business,Belgium,Family,True,2024-01-13,3,5.0
GUEST002568,Ahmed,Smith,guest002568@email.com,Business,China,Suite,False,2023-09-09,2,3.4
GUEST002569,Maria,Martin,guest002569@email.com,Leisure,Belgium,Family,False,2022-10-14,2,4.3
GUEST002570,Sophie,Schmidt,guest002570@email.com,Family,Belgium,Penthouse,False,2023-04-08,4,4.5
GUEST002571,Lucia,Rossi,guest002571@email.com,Solo Travel,Greece,Penthouse,False,2023-06-12,1,4.7
GUEST002572,Francesca,Garcia,guest002572@email.com,Couple,Germany,Family,False,2022-01-04,1,3.3
GUEST002573,Yuki,Smith,guest002573@email.com,Solo Travel,UK,Suite,False,2023-10-11,2,2.8
GUEST002574,Yuki,Smith,guest002574@email.com,Leisure,Italy,Family,True,2024-09-19,3,4.2
GUEST002575,Yuki,Rossi,guest002575@email.com,Solo Travel,USA,Penthouse,False,2022-08-28,3,4.1
GUEST002576,Lucia,Rossi,guest002576@email.com,Leisure,Germany,Deluxe,False,2023-02-14,1,3.6
GUEST002577,Lucia,Johnson,guest002577@email.com,Couple,Germany,Family,False,2022-12-23,1,4.4
GUEST002578,Francesca,Rossi,guest002578@email.com,Business,Netherlands,Family,False,2023-11-06,4,5.0
GUEST002579,Maria,Zhang,guest002579@email.com,Leisure,Belgium,Penthouse,False,2022-10-28,5,4.2
GUEST002580,Lucia,Garcia,guest002580@email.com,Business,UK,Penthouse,False,2023-12-31,3,4.3
GUEST002581,Ahmed,Martin,guest002581@email.com,Leisure,USA,Deluxe,False,2024-06-16,2,3.6
GUEST002582,Lucia,Martin,guest002582@email.com,Family,UK,Standard,False,2022-02-02,4,3.6
GUEST002583,Ahmed,Rossi,guest002583@email.com,Family,Italy,Deluxe,False,2024-03-26,10,5.0
GUEST002584,Maria,Brown,guest002584@email.com,Leisure,China,Deluxe,False,2024-05-02,8,4.6
GUEST002585,Marco,Rossi,guest002585@email.com,Family,China,Deluxe,True,2022-06-22,3,4.3
GUEST002586,Emma,Johnson,guest002586@email.com,Family,UK,Penthouse,False,2023-05-09,3,4.7
GUEST002587,Marco,Garcia,guest002587@email.com,Family,China,Standard,False,2022-09-07,5,3.8
GUEST002588,Sophie,Mueller,guest002588@email.com,Couple,USA,Family,True,2024-02-11,8,4.4
GUEST002589,Maria,Johnson,guest002589@email.com,Business,Greece,Suite,False,2023-03-22,4,4.8
GUEST002590,John,Mueller,guest002590@email.com,Leisure,Italy,Standard,False,2024-08-09,3,3.7
GUEST002591,Yuki,Zhang,guest002591@email.com,Leisure,Italy,Deluxe,False,2024-02-24,3,3.8
GUEST002592,Klaus,Garcia,guest002592@email.com,Leisure,USA,Deluxe,False,2024-01-07,1,3.9
GUEST002593,Klaus,Rossi,guest002593@email.com,Leisure,France,Deluxe,False,2024-09-01,10,4.3
GUEST002594,Maria,Mueller,guest002594@email.com,Business,Italy,Suite,True,2024-08-02,4,4.3
GUEST002595,Marco,Rossi,guest002595@email.com,Solo Travel,Germany,Suite,False,2022-04-03,5,4.3
GUEST002596,Yuki,Garcia,guest002596@email.com,Solo Travel,Germany,Penthouse,False,2024-08-12,1,4.5
GUEST002597,Lucia,Weber,guest002597@email.com,Business,Spain,Family,False,2022-03-08,13,5.0
GUEST002598,Yuki,Zhang,guest002598@email.com,Business,Netherlands,Standard,True,2024-07-21,5,4.1
GUEST002599,Francesca,Martin,guest002599@email.com,Business,Greece,Family,False,2024-09-16,13,4.3
GUEST002600,Francesca,Garcia,guest002600@email.com,Leisure,China,Family,True,2022-08-17,6,3.9
GUEST002601,Klaus,Johnson,guest002601@email.com,Leisure,Germany,Penthouse,False,2022-10-25,1,3.9
GUEST002602,Maria,Johnson,guest002602@email.com,Leisure,Spain,Suite,False,2022-04-02,2,4.1
GUEST002603,Yuki,Weber,guest002603@email.com,Business,Greece,Suite,False,2024-08-17,3,4.5
GUEST002604,Sophie,Johnson,guest002604@email.com,Leisure,Netherlands,Family,True,2023-08-10,1,5.0
GUEST002605,Yuki,Mueller,guest002605@email.com,Family,Belgium,Deluxe,True,2024-05-23,1,4.7
GUEST002606,Yuki,Zhang,guest002606@email.com,Business,USA,Family,False,2023-08-14,2,3.4
GUEST002607,John,Brown,guest002607@email.com,Solo Travel,France,Deluxe,False,2022-03-05,4,4.6
GUEST002608,Lucia,Martin,guest002608@email.com,Leisure,Germany,Standard,False,2022-07-14,2,4.0
GUEST002609,Francesca,Zhang,guest002609@email.com,Family,Netherlands,Deluxe,False,2022-11-24,3,4.4
GUEST002610,Yuki,Mueller,guest002610@email.com,Family,Belgium,Standard,True,2023-06-17,4,4.2
GUEST002611,Lucia,Weber,guest002611@email.com,Leisure,Belgium,Suite,True,2022-08-16,3,4.0
GUEST002612,Maria,Zhang,guest002612@email.com,Couple,Germany,Standard,False,2022-01-10,3,4.8
GUEST002613,Marco,Rossi,guest002613@email.com,Leisure,Netherlands,Deluxe,False,2022-11-20,8,3.8
GUEST002614,Ahmed,Brown,guest002614@email.com,Business,Netherlands,Deluxe,False,2024-05-07,2,3.7
GUEST002615,Sophie,Rossi,guest002615@email.com,Business,China,Family,False,2023-11-28,2,4.1
GUEST002616,Emma,Mueller,guest002616@email.com,Business,France,Penthouse,True,2023-09-08,14,4.3
GUEST002617,Klaus,Mueller,guest002617@email.com,Family,Spain,Deluxe,True,2024-02-04,4,4.5
GUEST002618,John,Weber,guest002618@email.com,Business,Spain,Penthouse,False,2022-11-24,3,3.8
GUEST002619,Klaus,Martin,guest002619@email.com,Couple,Italy,Deluxe,False,2023-12-07,6,3.8
GUEST002620,Maria,Brown,guest002620@email.com,Leisure,Netherlands,Family,False,2024-05-18,1,3.3
GUEST002621,Lucia,Rossi,guest002621@email.com,Leisure,Netherlands,Deluxe,False,2023-10-09,11,4.4
GUEST002622,Sophie,Rossi,guest002622@email.com,Leisure,USA,Deluxe,False,2022-10-26,2,4.2
GUEST002623,Francesca,Smith,guest002623@email.com,Business,UK,Penthouse,True,2024-04-09,2,4.0
GUEST002624,Yuki,Mueller,guest002624@email.com,Family,France,Penthouse,False,2024-04-27,1,4.5
GUEST002625,Sophie,Garcia,guest002625@email.com,Leisure,France,Suite,False,2023-12-19,1,5.0
GUEST002626,John,Mueller,guest002626@email.com,Leisure,UK,Standard,True,2024-05-27,1,3.7
GUEST002627,Emma,Zhang,guest002627@email.com,Couple,France,Family,False,2022-11-03,3,5.0
GUEST002628,Ahmed,Smith,guest002628@email.com,Business,Netherlands,Family,False,2023-07-16,2,3.9
GUEST002629,Francesca,Schmidt,guest002629@email.com,Business,Greece,Suite,False,2023-03-09,4,4.9
GUEST002630,Emma,Schmidt,guest002630@email.com,Couple,China,Penthouse,False,2024-02-15,5,3.4
GUEST002631,Francesca,Zhang,guest002631@email.com,Leisure,France,Penthouse,False,2022-03-15,3,4.3
GUEST002632,Marco,Brown,guest002632@email.com,Business,Belgium,Deluxe,False,2022-10-17,9,3.2
GUEST002633,Sophie,Martin,guest002633@email.com,Leisure,Spain,Standard,True,2023-02-08,3,4.4
GUEST002634,Maria,Mueller,guest002634@email.com,Business,Netherlands,Suite,False,2022-11-28,1,4.1
GUEST002635,Lucia,Smith,guest002635@email.com,Family,Spain,Suite,False,2024-05-20,18,4.0
GUEST002636,Klaus,Rossi,guest002636@email.com,Business,USA,Standard,True,2023-11-02,3,3.9
GUEST002637,Ahmed,Weber,guest002637@email.com,Leisure,Italy,Deluxe,True,2022-05-21,3,4.2
GUEST002638,Emma,Rossi,guest002638@email.com,Leisure,Italy,Standard,False,2022-10-26,10,3.7
GUEST002639,Ahmed,Garcia,guest002639@email.com,Solo Travel,Belgium,Family,False,2022-08-12,1,4.4
GUEST002640,Sophie,Smith,guest002640@email.com,Family,Netherlands,Standard,False,2023-01-06,4,3.6
GUEST002641,Lucia,Johnson,guest002641@email.com,Family,UK,Suite,True,2023-11-26,3,4.3
GUEST002642,Ahmed,Zhang,guest002642@email.com,Leisure,Greece,Standard,True,2024-08-31,1,3.5
GUEST002643,Francesca,Mueller,guest002643@email.com,Leisure,Belgium,Deluxe,False,2024-08-06,1,3.8
GUEST002644,John,Johnson,guest002644@email.com,Business,UK,Standard,False,2022-12-31,4,4.6
GUEST002645,Emma,Mueller,guest002645@email.com,Leisure,UK,Family,True,2024-08-25,3,3.7
GUEST002646,John,Johnson,guest002646@email.com,Leisure,France,Standard,True,2023-06-12,6,4.2
GUEST002647,Yuki,Weber,guest002647@email.com,Couple,Belgium,Family,False,2023-03-21,3,4.4
GUEST002648,Ahmed,Zhang,guest002648@email.com,Solo Travel,USA,Penthouse,False,2022-09-08,1,4.2
GUEST002649,John,Johnson,guest002649@email.com,Business,Spain,Suite,False,2022-09-04,3,4.5
GUEST002650,Francesca,Rossi,guest002650@email.com,Leisure,France,Suite,True,2022-11-06,5,3.7
GUEST002651,Lucia,Mueller,guest002651@email.com,Couple,UK,Suite,False,2023-10-31,3,4.8
GUEST002652,Francesca,Johnson,guest002652@email.com,Leisure,Greece,Deluxe,False,2024-03-07,5,4.0
GUEST002653,Emma,Zhang,guest002653@email.com,Family,Italy,Deluxe,False,2022-10-09,1,4.5
GUEST002654,Emma,Schmidt,guest002654@email.com,Family,France,Deluxe,True,2022-01-12,2,4.1
GUEST002655,Maria,Johnson,guest002655@email.com,Leisure,France,Suite,False,2022-03-26,3,3.7
GUEST002656,Maria,Rossi,guest002656@email.com,Couple,UK,Suite,False,2023-10-19,4,4.8
GUEST002657,Marco,Garcia,guest002657@email.com,Leisure,China,Standard,True,2022-01-24,1,5.0
GUEST002658,Lucia,Weber,guest002658@email.com,Business,UK,Standard,False,2023-08-10,2,2.7
GUEST002659,Emma,Brown,guest002659@email.com,Leisure,Spain,Penthouse,False,2023-12-12,5,3.5
GUEST002660,Maria,Weber,guest002660@email.com,Solo Travel,UK,Family,True,2022-07-05,2,4.8
GUEST002661,Francesca,Rossi,guest002661@email.com,Leisure,China,Family,False,2023-10-23,3,4.6
GUEST002662,Francesca,Brown,guest002662@email.com,Couple,China,Standard,False,2023-08-09,3,4.6
GUEST002663,Ahmed,Johnson,guest002663@email.com,Leisure,France,Penthouse,False,2022-11-30,2,3.4
GUEST002664,Maria,Martin,guest002664@email.com,Business,Netherlands,Deluxe,False,2022-07-09,16,4.1
GUEST002665,Francesca,Smith,guest002665@email.com,Business,France,Standard,False,2023-02-08,6,4.3
GUEST002666,Marco,Martin,guest002666@email.com,Business,China,Suite,False,2024-03-13,5,4.1
GUEST002667,Marco,Rossi,guest002667@email.com,Leisure,Italy,Penthouse,False,2022-03-07,1,4.1
GUEST002668,Marco,Weber,guest002668@email.com,Family,Spain,Penthouse,False,2023-07-06,5,5.0
GUEST002669,Maria,Garcia,guest002669@email.com,Business,Germany,Deluxe,False,2024-09-15,3,4.9
GUEST002670,Maria,Mueller,guest002670@email.com,Leisure,UK,Deluxe,False,2024-06-01,10,4.6
GUEST002671,Lucia,Mueller,guest002671@email.com,Leisure,UK,Standard,True,2022-01-06,3,5.0
GUEST002672,Marco,Rossi,guest002672@email.com,Leisure,Belgium,Suite,False,2024-03-30,3,4.1
GUEST002673,Yuki,Johnson,guest002673@email.com,Family,Spain,Deluxe,True,2022-02-10,3,3.7
GUEST002674,Ahmed,Weber,guest002674@email.com,Business,Germany,Standard,False,2022-07-31,3,3.7
GUEST002675,Ahmed,Johnson,guest002675@email.com,Business,France,Family,False,2023-07-30,3,4.0
GUEST002676,Klaus,Smith,guest002676@email.com,Business,Spain,Deluxe,False,2022-03-28,3,4.7
GUEST002677,Maria,Martin,guest002677@email.com,Couple,USA,Family,False,2022-11-02,1,4.0
GUEST002678,Yuki,Martin,guest002678@email.com,Leisure,Greece,Penthouse,False,2022-06-25,4,4.1
GUEST002679,Francesca,Smith,guest002679@email.com,Solo Travel,USA,Family,True,2022-09-12,1,5.0
GUEST002680,Klaus,Smith,guest002680@email.com,Business,China,Family,True,2024-08-26,3,4.8
GUEST002681,Marco,Brown,guest002681@email.com,Business,Belgium,Deluxe,False,2023-11-06,1,3.8
GUEST002682,Marco,Rossi,guest002682@email.com,Couple,Spain,Standard,False,2022-05-24,7,4.1
GUEST002683,Lucia,Rossi,guest002683@email.com,Business,Spain,Standard,False,2023-12-13,2,3.7
GUEST002684,Yuki,Martin,guest002684@email.com,Business,Belgium,Penthouse,True,2024-07-21,2,4.9
GUEST002685,Yuki,Weber,guest002685@email.com,Leisure,Greece,Suite,False,2023-07-06,1,3.8
GUEST002686,Marco,Garcia,guest002686@email.com,Leisure,Germany,Suite,False,2023-12-06,5,4.2
GUEST002687,Maria,Smith,guest002687@email.com,Business,Greece,Family,False,2022-08-31,5,5.0
GUEST002688,John,Garcia,guest002688@email.com,Leisure,Germany,Deluxe,True,2022-05-26,1,4.4
GUEST002689,Klaus,Garcia,guest002689@email.com,Family,Netherlands,Standard,False,2024-09-07,4,4.1
GUEST002690,Ahmed,Weber,guest002690@email.com,Solo Travel,Spain,Suite,False,2023-07-20,2,3.9
GUEST002691,Sophie,Weber,guest002691@email.com,Family,China,Penthouse,False,2023-01-03,1,4.3
GUEST002692,Klaus,Mueller,guest002692@email.com,Solo Travel,Netherlands,Suite,True,2024-01-17,7,4.4
GUEST002693,Lucia,Zhang,guest002693@email.com,Couple,China,Suite,False,2022-03-18,1,4.7
GUEST002694,Marco,Brown,guest002694@email.com,Leisure,Spain,Suite,False,2022-09-24,1,4.7
GUEST002695,Francesca,Mueller,guest002695@email.com,Business,China,Deluxe,True,2023-02-14,2,4.1
GUEST002696,Emma,Johnson,guest002696@email.com,Leisure,Belgium,Deluxe,True,2024-08-25,7,5.0
GUEST002697,Klaus,Zhang,guest002697@email.com,Leisure,Italy,Family,False,2024-08-20,9,4.4
GUEST002698,Ahmed,Martin,guest002698@email.com,Family,Belgium,Penthouse,False,2022-07-28,10,3.9
GUEST002699,Maria,Brown,guest002699@email.com,Business,USA,Deluxe,False,2023-10-11,12,3.6
GUEST002700,Sophie,Schmidt,guest002700@email.com,Business,Italy,Suite,False,2023-08-01,4,4.1
GUEST002701,Marco,Weber,guest002701@email.com,Leisure,UK,Penthouse,True,2022-06-17,2,3.7
GUEST002702,Francesca,Mueller,guest002702@email.com,Family,UK,Suite,True,2022-11-20,5,4.6
GUEST002703,Francesca,Zhang,guest002703@email.com,Family,Spain,Penthouse,True,2022-01-27,4,4.4
GUEST002704,Lucia,Garcia,guest002704@email.com,Business,Netherlands,Family,False,2022-03-21,10,4.1
GUEST002705,Klaus,Johnson,guest002705@email.com,Couple,USA,Family,False,2023-06-29,1,4.5
GUEST002706,Maria,Martin,guest002706@email.com,Business,Greece,Suite,True,2023-02-21,1,3.6
GUEST002707,Maria,Schmidt,guest002707@email.com,Business,Spain,Deluxe,False,2023-10-18,4,4.3
GUEST002708,Maria,Schmidt,guest002708@email.com,Family,Greece,Family,False,2024-07-20,2,4.0
GUEST002709,Yuki,Brown,guest002709@email.com,Leisure,Belgium,Deluxe,False,2022-05-30,8,4.4
GUEST002710,Sophie,Brown,guest002710@email.com,Business,Netherlands,Family,False,2022-01-11,7,4.8
GUEST002711,Maria,Zhang,guest002711@email.com,Leisure,China,Standard,False,2024-09-19,1,3.8
GUEST002712,Sophie,Zhang,guest002712@email.com,Family,USA,Family,False,2024-09-01,1,4.0
GUEST002713,Maria,Johnson,guest002713@email.com,Leisure,Italy,Family,False,2022-06-29,6,4.3
GUEST002714,Marco,Brown,guest002714@email.com,Family,Netherlands,Standard,False,2023-08-26,3,3.4
GUEST002715,Emma,Johnson,guest002715@email.com,Business,USA,Family,False,2023-06-26,1,4.1
GUEST002716,Yuki,Weber,guest002716@email.com,Leisure,Germany,Standard,True,2024-06-05,8,4.0
GUEST002717,Klaus,Martin,guest002717@email.com,Leisure,France,Standard,True,2022-10-05,2,4.3
GUEST002718,Lucia,Johnson,guest002718@email.com,Business,Spain,Family,False,2024-07-07,7,4.4
GUEST002719,John,Mueller,guest002719@email.com,Business,Belgium,Family,False,2022-11-22,10,4.5
GUEST002720,Francesca,Mueller,guest002720@email.com,Leisure,France,Standard,False,2022-12-20,6,4.4
GUEST002721,Marco,Martin,guest002721@email.com,Family,USA,Family,False,2023-09-01,5,4.2
GUEST002722,Francesca,Rossi,guest002722@email.com,Family,Netherlands,Penthouse,False,2023-08-30,4,4.6
GUEST002723,Ahmed,Brown,guest002723@email.com,Family,France,Standard,False,2022-01-10,10,4.3
GUEST002724,Marco,Mueller,guest002724@email.com,Solo Travel,Greece,Deluxe,False,2023-11-05,9,3.9
GUEST002725,Ahmed,Mueller,guest002725@email.com,Family,UK,Deluxe,False,2023-01-23,1,3.7
GUEST002726,Lucia,Brown,guest002726@email.com,Family,UK,Suite,True,2022-02-24,1,3.8
GUEST002727,Yuki,Garcia,guest002727@email.com,Leisure,Netherlands,Suite,False,2023-11-26,2,5.0
GUEST002728,Lucia,Zhang,guest002728@email.com,Leisure,Netherlands,Suite,True,2023-12-25,5,4.4
GUEST002729,Emma,Mueller,guest002729@email.com,Business,France,Standard,True,2023-03-26,5,3.7
GUEST002730,Yuki,Rossi,guest002730@email.com,Leisure,France,Penthouse,True,2023-05-30,3,4.8
GUEST002731,Klaus,Brown,guest002731@email.com,Business,USA,Standard,False,2024-09-02,1,4.1
GUEST002732,Francesca,Martin,guest002732@email.com,Couple,China,Suite,True,2024-08-22,2,4.2
GUEST002733,Sophie,Brown,guest002733@email.com,Solo Travel,USA,Suite,True,2023-10-13,2,4.2
GUEST002734,Maria,Brown,guest002734@email.com,Leisure,UK,Deluxe,False,2023-02-21,2,3.6
GUEST002735,Yuki,Johnson,guest002735@email.com,Business,Italy,Standard,False,2023-10-12,4,4.6
GUEST002736,Maria,Johnson,guest002736@email.com,Couple,Netherlands,Deluxe,False,2024-01-18,2,4.3
GUEST002737,Sophie,Johnson,guest002737@email.com,Couple,Italy,Suite,False,2022-06-19,10,3.5
GUEST002738,Lucia,Smith,guest002738@email.com,Family,Germany,Suite,False,2022-03-28,4,3.4
GUEST002739,Klaus,Martin,guest002739@email.com,Leisure,China,Deluxe,True,2024-08-09,4,4.1
GUEST002740,Emma,Smith,guest002740@email.com,Business,Germany,Standard,False,2024-09-12,2,4.4
GUEST002741,Francesca,Martin,guest002741@email.com,Business,Greece,Suite,True,2024-08-12,2,4.1
GUEST002742,Ahmed,Rossi,guest002742@email.com,Leisure,France,Deluxe,False,2023-05-25,7,3.7
GUEST002743,Marco,Martin,guest002743@email.com,Business,Germany,Standard,False,2023-12-16,3,4.1
GUEST002744,Maria,Zhang,guest002744@email.com,Family,Greece,Family,False,2022-01-15,1,4.4
GUEST002745,Lucia,Garcia,guest002745@email.com,Leisure,Greece,Family,True,2024-07-21,5,4.1
GUEST002746,John,Zhang,guest002746@email.com,Business,Italy,Family,True,2023-12-21,1,4.7
GUEST002747,Marco,Schmidt,guest002747@email.com,Couple,Spain,Penthouse,True,2022-09-08,3,4.3
GUEST002748,Marco,Weber,guest002748@email.com,Business,Spain,Penthouse,False,2022-02-13,5,4.9
GUEST002749,Lucia,Rossi,guest002749@email.com,Couple,UK,Penthouse,True,2024-09-14,2,4.2
GUEST002750,Ahmed,Martin,guest002750@email.com,Leisure,Italy,Deluxe,False,2024-07-14,1,3.8
GUEST002751,Sophie,Mueller,guest002751@email.com,Family,UK,Standard,False,2022-03-18,1,3.5
GUEST002752,Yuki,Mueller,guest002752@email.com,Leisure,Germany,Suite,True,2023-06-11,1,5.0
GUEST002753,Yuki,Smith,guest002753@email.com,Family,Germany,Standard,False,2023-03-09,3,4.9
GUEST002754,Emma,Zhang,guest002754@email.com,Couple,UK,Standard,False,2022-06-24,14,4.8
GUEST002755,Yuki,Johnson,guest002755@email.com,Business,Spain,Suite,False,2022-12-13,3,3.9
GUEST002756,Sophie,Martin,guest002756@email.com,Leisure,Italy,Penthouse,False,2024-05-21,5,4.1
GUEST002757,Maria,Brown,guest002757@email.com,Leisure,Belgium,Family,True,2022-11-03,1,2.7
GUEST002758,Emma,Brown,guest002758@email.com,Leisure,Italy,Deluxe,False,2022-09-29,1,3.7
GUEST002759,Sophie,Smith,guest002759@email.com,Leisure,France,Penthouse,False,2024-01-26,1,4.0
GUEST002760,Lucia,Zhang,guest002760@email.com,Leisure,Netherlands,Family,False,2022-08-11,2,3.7
GUEST002761,Klaus,Martin,guest002761@email.com,Business,China,Deluxe,True,2024-04-25,1,5.0
GUEST002762,John,Rossi,guest002762@email.com,Couple,Italy,Deluxe,False,2024-07-02,4,5.0
GUEST002763,Lucia,Rossi,guest002763@email.com,Leisure,Italy,Suite,False,2022-02-28,1,4.3
GUEST002764,Yuki,Smith,guest002764@email.com,Couple,Italy,Standard,True,2023-09-23,5,4.0
GUEST002765,Emma,Schmidt,guest002765@email.com,Leisure,Netherlands,Family,False,2022-11-02,1,3.8
GUEST002766,Yuki,Johnson,guest002766@email.com,Business,Belgium,Penthouse,False,2022-01-06,5,3.9
GUEST002767,Yuki,Mueller,guest002767@email.com,Leisure,USA,Standard,False,2023-02-16,4,3.8
GUEST002768,Yuki,Smith,guest002768@email.com,Couple,France,Deluxe,False,2022-04-14,1,4.3
GUEST002769,Francesca,Rossi,guest002769@email.com,Leisure,China,Deluxe,False,2022-07-22,3,4.2
GUEST002770,Maria,Martin,guest002770@email.com,Leisure,Greece,Suite,True,2023-06-11,1,5.0
GUEST002771,Ahmed,Zhang,guest002771@email.com,Business,France,Deluxe,False,2022-05-07,1,4.8
GUEST002772,Emma,Smith,guest002772@email.com,Business,Germany,Deluxe,False,2022-06-09,1,4.0
GUEST002773,Klaus,Garcia,guest002773@email.com,Business,Germany,Family,False,2023-04-27,5,4.2
GUEST002774,Francesca,Schmidt,guest002774@email.com,Leisure,Greece,Suite,False,2022-11-03,2,3.4
GUEST002775,Yuki,Zhang,guest002775@email.com,Couple,UK,Family,False,2024-07-02,7,4.3
GUEST002776,Ahmed,Martin,guest002776@email.com,Leisure,China,Standard,False,2024-04-11,4,4.4
GUEST002777,Klaus,Johnson,guest002777@email.com,Business,China,Family,False,2023-03-26,5,4.5
GUEST002778,Emma,Mueller,guest002778@email.com,Leisure,UK,Standard,True,2022-05-24,2,4.8
GUEST002779,Yuki,Zhang,guest002779@email.com,Business,USA,Suite,True,2022-01-06,1,3.0
GUEST002780,Yuki,Garcia,guest002780@email.com,Leisure,France,Deluxe,True,2022-04-24,2,4.6
GUEST002781,Sophie,Brown,guest002781@email.com,Solo Travel,Greece,Deluxe,True,2022-02-11,14,4.4
GUEST002782,Ahmed,Zhang,guest002782@email.com,Solo Travel,Netherlands,Suite,True,2023-03-08,2,4.1
GUEST002783,Yuki,Smith,guest002783@email.com,Leisure,UK,Suite,False,2022-06-14,3,4.5
GUEST002784,Sophie,Rossi,guest002784@email.com,Business,Spain,Deluxe,False,2024-09-09,4,4.4
GUEST002785,Klaus,Johnson,guest002785@email.com,Leisure,Italy,Standard,True,2023-03-08,1,3.0
GUEST002786,Emma,Martin,guest002786@email.com,Couple,Spain,Deluxe,False,2023-05-23,1,4.6
GUEST002787,Ahmed,Schmidt,guest002787@email.com,Solo Travel,Netherlands,Family,False,2024-02-09,2,3.8
GUEST002788,Francesca,Martin,guest002788@email.com,Solo Travel,UK,Penthouse,True,2024-01-14,2,4.9
GUEST002789,Francesca,Mueller,guest002789@email.com,Couple,Belgium,Suite,True,2022-04-23,2,4.4
GUEST002790,Maria,Smith,guest002790@email.com,Business,UK,Standard,False,2022-05-10,3,4.5
GUEST002791,Ahmed,Schmidt,guest002791@email.com,Leisure,Belgium,Suite,False,2023-05-28,2,3.8
GUEST002792,John,Garcia,guest002792@email.com,Business,France,Suite,False,2022-02-23,5,4.1
GUEST002793,Yuki,Zhang,guest002793@email.com,Leisure,Italy,Suite,False,2024-09-26,6,4.0
GUEST002794,Lucia,Smith,guest002794@email.com,Leisure,Netherlands,Family,False,2023-03-21,1,4.4
GUEST002795,Emma,Brown,guest002795@email.com,Business,Spain,Penthouse,True,2022-10-16,3,4.4
GUEST002796,Emma,Johnson,guest002796@email.com,Family,UK,Standard,True,2024-02-19,2,4.3
GUEST002797,Francesca,Garcia,guest002797@email.com,Family,Germany,Family,False,2023-09-25,1,5.0
GUEST002798,Ahmed,Martin,guest002798@email.com,Solo Travel,USA,Deluxe,False,2022-07-11,4,4.4
GUEST002799,Sophie,Brown,guest002799@email.com,Business,Greece,Standard,False,2024-02-25,2,5.0
GUEST002800,Maria,Brown,guest002800@email.com,Solo Travel,Belgium,Penthouse,False,2023-12-19,5,4.2
GUEST002801,Sophie,Zhang,guest002801@email.com,Leisure,China,Deluxe,False,2022-07-23,1,3.9
GUEST002802,Emma,Johnson,guest002802@email.com,Leisure,Germany,Deluxe,False,2023-12-19,8,3.7
GUEST002803,Marco,Weber,guest002803@email.com,Leisure,Netherlands,Penthouse,True,2022-07-05,4,4.3
GUEST002804,Sophie,Weber,guest002804@email.com,Family,USA,Suite,False,2023-10-07,3,4.4
GUEST002805,Ahmed,Garcia,guest002805@email.com,Family,Belgium,Suite,False,2022-05-04,5,3.7
GUEST002806,Ahmed,Zhang,guest002806@email.com,Leisure,Germany,Deluxe,True,2022-02-09,1,4.3
GUEST002807,Klaus,Garcia,guest002807@email.com,Family,Spain,Deluxe,False,2024-08-09,1,3.8
GUEST002808,Ahmed,Zhang,guest002808@email.com,Leisure,France,Suite,False,2022-01-19,7,4.8
GUEST002809,Lucia,Garcia,guest002809@email.com,Leisure,Netherlands,Standard,False,2022-04-04,6,4.2
GUEST002810,John,Zhang,guest002810@email.com,Couple,France,Deluxe,False,2023-02-22,4,4.1
GUEST002811,Marco,Brown,guest002811@email.com,Business,Germany,Deluxe,True,2023-12-18,2,4.2
GUEST002812,Sophie,Garcia,guest002812@email.com,Leisure,UK,Suite,False,2022-12-11,4,3.8
GUEST002813,Francesca,Rossi,guest002813@email.com,Leisure,Netherlands,Standard,False,2022-03-04,6,3.8
GUEST002814,Marco,Zhang,guest002814@email.com,Family,Germany,Penthouse,False,2023-10-22,9,3.8
GUEST002815,John,Brown,guest002815@email.com,Solo Travel,Italy,Suite,False,2022-04-23,4,5.0
GUEST002816,Klaus,Schmidt,guest002816@email.com,Couple,China,Penthouse,False,2022-10-15,4,4.6
GUEST002817,Yuki,Zhang,guest002817@email.com,Leisure,Germany,Suite,True,2022-09-10,1,4.9
GUEST002818,Yuki,Smith,guest002818@email.com,Leisure,USA,Deluxe,True,2022-07-06,1,4.2
GUEST002819,John,Smith,guest002819@email.com,Couple,Italy,Suite,False,2022-02-23,1,4.8
GUEST002820,Yuki,Garcia,guest002820@email.com,Business,Netherlands,Standard,True,2022-10-20,8,4.3
GUEST002821,Emma,Brown,guest002821@email.com,Business,Germany,Deluxe,False,2024-07-19,2,3.8
GUEST002822,Lucia,Johnson,guest002822@email.com,Leisure,Belgium,Suite,False,2023-03-18,3,4.4
GUEST002823,Ahmed,Brown,guest002823@email.com,Business,Greece,Penthouse,True,2024-08-29,3,5.0
GUEST002824,Emma,Schmidt,guest002824@email.com,Business,China,Suite,True,2022-12-09,3,4.5
GUEST002825,Klaus,Johnson,guest002825@email.com,Couple,USA,Deluxe,True,2022-04-10,3,4.4
GUEST002826,John,Martin,guest002826@email.com,Couple,Netherlands,Standard,True,2024-02-28,7,4.6
GUEST002827,Ahmed,Schmidt,guest002827@email.com,Couple,China,Deluxe,False,2023-01-05,10,4.0
GUEST002828,Yuki,Weber,guest002828@email.com,Business,Netherlands,Standard,True,2023-06-26,2,5.0
GUEST002829,Lucia,Schmidt,guest002829@email.com,Solo Travel,Spain,Suite,False,2022-09-01,1,4.4
GUEST002830,Klaus,Garcia,guest002830@email.com,Couple,Netherlands,Family,False,2023-08-22,2,3.9
GUEST002831,Francesca,Johnson,guest002831@email.com,Leisure,Spain,Deluxe,True,2024-06-27,1,4.0
GUEST002832,Maria,Mueller,guest002832@email.com,Business,Italy,Penthouse,True,2023-10-07,1,4.9
GUEST002833,Lucia,Johnson,guest002833@email.com,Leisure,Greece,Penthouse,False,2022-02-12,1,5.0
GUEST002834,Lucia,Garcia,guest002834@email.com,Leisure,China,Family,False,2022-07-17,3,4.1
GUEST002835,Emma,Johnson,guest002835@email.com,Couple,Germany,Suite,False,2022-03-18,1,4.0
GUEST002836,Marco,Weber,guest002836@email.com,Family,USA,Penthouse,False,2022-12-18,2,3.7
GUEST002837,Klaus,Rossi,guest002837@email.com,Leisure,Belgium,Penthouse,True,2024-02-19,1,4.8
GUEST002838,Sophie,Martin,guest002838@email.com,Leisure,Netherlands,Family,False,2024-01-09,3,4.5
GUEST002839,Ahmed,Smith,guest002839@email.com,Solo Travel,Italy,Suite,True,2022-05-11,1,5.0
GUEST002840,Sophie,Zhang,guest002840@email.com,Business,Greece,Standard,False,2023-07-18,2,3.7
GUEST002841,Klaus,Martin,guest002841@email.com,Leisure,Greece,Standard,False,2024-09-25,1,3.8
GUEST002842,Yuki,Schmidt,guest002842@email.com,Business,France,Standard,True,2023-04-05,7,3.7
GUEST002843,Maria,Zhang,guest002843@email.com,Leisure,USA,Family,False,2022-03-11,8,4.2
GUEST002844,Emma,Zhang,guest002844@email.com,Family,Germany,Suite,False,2023-06-21,11,4.0
GUEST002845,Marco,Smith,guest002845@email.com,Solo Travel,China,Deluxe,False,2022-06-20,2,4.5
GUEST002846,Lucia,Brown,guest002846@email.com,Leisure,China,Family,False,2023-12-15,6,3.7
GUEST002847,Ahmed,Brown,guest002847@email.com,Solo Travel,UK,Penthouse,False,2022-02-16,1,5.0
GUEST002848,Lucia,Smith,guest002848@email.com,Couple,Belgium,Standard,False,2024-03-24,4,3.9
GUEST002849,Sophie,Zhang,guest002849@email.com,Leisure,Italy,Suite,False,2023-05-22,1,3.5
GUEST002850,Marco,Martin,guest002850@email.com,Family,Spain,Penthouse,False,2024-09-21,2,3.5
GUEST002851,Maria,Mueller,guest002851@email.com,Business,Italy,Standard,False,2023-03-25,5,4.6
GUEST002852,Marco,Zhang,guest002852@email.com,Business,Germany,Deluxe,False,2023-07-30,1,4.4
GUEST002853,Francesca,Zhang,guest002853@email.com,Business,France,Standard,False,2023-09-14,6,3.8
GUEST002854,Klaus,Garcia,guest002854@email.com,Business,Spain,Standard,False,2022-07-08,3,5.0
GUEST002855,John,Mueller,guest002855@email.com,Solo Travel,Netherlands,Suite,False,2023-08-09,1,4.5
GUEST002856,Sophie,Weber,guest002856@email.com,Leisure,USA,Suite,False,2023-12-15,4,4.4
GUEST002857,John,Martin,guest002857@email.com,Leisure,Germany,Standard,True,2023-04-12,1,4.0
GUEST002858,Marco,Martin,guest002858@email.com,Business,Spain,Standard,True,2022-09-23,1,4.2
GUEST002859,Klaus,Garcia,guest002859@email.com,Leisure,Netherlands,Standard,False,2022-10-31,4,4.3
GUEST002860,Klaus,Martin,guest002860@email.com,Business,Germany,Penthouse,False,2022-05-02,3,4.5
GUEST002861,Ahmed,Garcia,guest002861@email.com,Leisure,China,Family,False,2022-02-16,8,4.2
GUEST002862,Marco,Garcia,guest002862@email.com,Solo Travel,China,Standard,False,2022-10-26,3,4.0
GUEST002863,John,Mueller,guest002863@email.com,Leisure,USA,Penthouse,False,2024-08-22,8,4.1
GUEST002864,Klaus,Mueller,guest002864@email.com,Leisure,France,Suite,True,2022-10-04,1,4.1
GUEST002865,John,Garcia,guest002865@email.com,Couple,Belgium,Standard,True,2024-04-23,2,4.7
GUEST002866,Sophie,Martin,guest002866@email.com,Business,Greece,Penthouse,True,2022-04-29,6,3.5
GUEST002867,John,Schmidt,guest002867@email.com,Leisure,Germany,Suite,True,2023-10-10,1,4.8
GUEST002868,Lucia,Schmidt,guest002868@email.com,Family,USA,Suite,False,2022-11-29,2,4.6
GUEST002869,Maria,Martin,guest002869@email.com,Family,China,Family,False,2022-09-28,2,4.9
GUEST002870,Ahmed,Zhang,guest002870@email.com,Leisure,Germany,Deluxe,False,2024-07-08,3,3.3
GUEST002871,Lucia,Brown,guest002871@email.com,Business,France,Standard,False,2022-11-29,2,3.8
GUEST002872,John,Smith,guest002872@email.com,Business,France,Family,False,2024-04-23,6,3.8
GUEST002873,Yuki,Garcia,guest002873@email.com,Leisure,USA,Deluxe,True,2024-01-19,4,4.3
GUEST002874,Klaus,Mueller,guest002874@email.com,Leisure,Italy,Standard,True,2022-09-20,2,4.1
GUEST002875,John,Martin,guest002875@email.com,Couple,Spain,Deluxe,True,2023-11-05,4,4.5
GUEST002876,Lucia,Johnson,guest002876@email.com,Leisure,USA,Family,True,2024-01-10,2,3.8
GUEST002877,Francesca,Brown,guest002877@email.com,Leisure,UK,Suite,False,2024-06-09,5,4.4
GUEST002878,Lucia,Martin,guest002878@email.com,Business,Germany,Family,False,2022-07-31,2,4.3
GUEST002879,Emma,Garcia,guest002879@email.com,Leisure,Belgium,Family,False,2022-11-29,1,4.5
GUEST002880,Klaus,Garcia,guest002880@email.com,Leisure,Spain,Suite,False,2023-08-19,6,4.1
GUEST002881,Francesca,Mueller,guest002881@email.com,Family,France,Standard,False,2023-04-02,14,4.5
GUEST002882,Sophie,Zhang,guest002882@email.com,Leisure,Spain,Deluxe,True,2023-01-13,1,4.0
GUEST002883,Ahmed,Rossi,guest002883@email.com,Solo Travel,Italy,Suite,False,2022-04-06,6,5.0
GUEST002884,Emma,Mueller,guest002884@email.com,Family,France,Family,True,2023-04-16,2,4.6
GUEST002885,Ahmed,Mueller,guest002885@email.com,Leisure,France,Family,False,2022-07-13,3,4.5
GUEST002886,Lucia,Rossi,guest002886@email.com,Leisure,UK,Penthouse,False,2024-08-23,4,3.9
GUEST002887,Ahmed,Brown,guest002887@email.com,Couple,France,Family,False,2022-01-22,8,3.8
GUEST002888,Klaus,Mueller,guest002888@email.com,Business,Spain,Family,False,2024-06-25,7,5.0
GUEST002889,Ahmed,Zhang,guest002889@email.com,Leisure,Italy,Deluxe,True,2023-12-05,1,3.9
GUEST002890,Lucia,Garcia,guest002890@email.com,Solo Travel,USA,Penthouse,False,2022-03-13,4,3.9
GUEST002891,Ahmed,Johnson,guest002891@email.com,Solo Travel,China,Family,False,2023-03-13,7,3.4
GUEST002892,Sophie,Rossi,guest002892@email.com,Business,Greece,Standard,False,2024-07-19,2,4.9
GUEST002893,Francesca,Johnson,guest002893@email.com,Family,China,Family,False,2024-01-12,2,3.5
GUEST002894,Marco,Mueller,guest002894@email.com,Leisure,USA,Penthouse,False,2024-01-15,1,3.9
GUEST002895,John,Weber,guest002895@email.com,Leisure,Belgium,Standard,True,2022-04-13,10,4.3
GUEST002896,Francesca,Zhang,guest002896@email.com,Business,Germany,Family,False,2022-01-22,3,3.8
GUEST002897,Maria,Smith,guest002897@email.com,Couple,Italy,Deluxe,True,2024-02-21,6,4.2
GUEST002898,John,Mueller,guest002898@email.com,Couple,Italy,Suite,False,2022-09-12,6,4.6
GUEST002899,Maria,Brown,guest002899@email.com,Couple,China,Penthouse,False,2022-05-27,3,3.6
GUEST002900,Lucia,Smith,guest002900@email.com,Family,Germany,Penthouse,False,2024-03-22,4,4.0
GUEST002901,John,Johnson,guest002901@email.com,Leisure,UK,Standard,False,2023-07-10,1,4.1
GUEST002902,Yuki,Johnson,guest002902@email.com,Business,USA,Penthouse,False,2022-07-27,3,3.9
GUEST002903,Ahmed,Rossi,guest002903@email.com,Leisure,Spain,Family,False,2024-02-17,4,4.4
GUEST002904,Lucia,Rossi,guest002904@email.com,Leisure,Spain,Penthouse,False,2024-04-15,4,4.3
GUEST002905,Ahmed,Brown,guest002905@email.com,Business,Netherlands,Penthouse,False,2022-12-06,4,4.6
GUEST002906,Emma,Mueller,guest002906@email.com,Couple,Germany,Family,False,2022-09-07,13,4.5
GUEST002907,John,Martin,guest002907@email.com,Leisure,France,Suite,True,2023-12-10,4,4.1
GUEST002908,Klaus,Martin,guest002908@email.com,Leisure,China,Standard,False,2022-05-07,1,4.4
GUEST002909,John,Smith,guest002909@email.com,Business,Greece,Suite,True,2022-04-16,1,3.9
GUEST002910,Marco,Brown,guest002910@email.com,Solo Travel,Netherlands,Standard,False,2022-04-16,11,4.4
GUEST002911,Marco,Zhang,guest002911@email.com,Leisure,Belgium,Penthouse,True,2022-05-26,11,5.0
GUEST002912,John,Garcia,guest002912@email.com,Leisure,Belgium,Suite,False,2022-01-25,2,3.9
GUEST002913,Sophie,Zhang,guest002913@email.com,Business,Greece,Penthouse,True,2023-01-30,3,4.7
GUEST002914,Ahmed,Schmidt,guest002914@email.com,Business,UK,Penthouse,True,2023-11-03,1,4.5
GUEST002915,Klaus,Garcia,guest002915@email.com,Business,USA,Suite,False,2024-08-01,4,4.3
GUEST002916,Francesca,Johnson,guest002916@email.com,Business,Germany,Penthouse,False,2023-05-19,5,4.3
GUEST002917,Ahmed,Johnson,guest002917@email.com,Business,China,Family,False,2022-08-18,2,4.4
GUEST002918,Maria,Brown,guest002918@email.com,Leisure,Greece,Family,True,2023-01-01,2,3.9
GUEST002919,Maria,Weber,guest002919@email.com,Leisure,Belgium,Penthouse,True,2022-12-08,2,3.8
GUEST002920,Maria,Schmidt,guest002920@email.com,Leisure,Belgium,Family,True,2024-08-03,4,4.3
GUEST002921,Maria,Smith,guest002921@email.com,Leisure,Italy,Deluxe,False,2023-09-12,2,5.0
GUEST002922,Ahmed,Mueller,guest002922@email.com,Leisure,Greece,Standard,True,2023-03-15,2,3.9
GUEST002923,Marco,Schmidt,guest002923@email.com,Business,Spain,Family,False,2023-09-07,6,4.0
GUEST002924,Ahmed,Zhang,guest002924@email.com,Leisure,China,Suite,False,2022-06-03,4,4.0
GUEST002925,Klaus,Weber,guest002925@email.com,Business,UK,Suite,True,2024-04-17,4,4.2
GUEST002926,Klaus,Schmidt,guest002926@email.com,Couple,UK,Family,True,2024-06-15,11,3.8
GUEST002927,Maria,Brown,guest002927@email.com,Couple,France,Standard,False,2024-07-27,1,4.3
GUEST002928,Emma,Schmidt,guest002928@email.com,Solo Travel,Netherlands,Standard,False,2024-08-13,1,3.1
GUEST002929,Klaus,Johnson,guest002929@email.com,Family,Spain,Deluxe,True,2024-03-18,1,4.1
GUEST002930,John,Mueller,guest002930@email.com,Family,Netherlands,Deluxe,False,2024-03-07,2,4.7
GUEST002931,Ahmed,Schmidt,guest002931@email.com,Leisure,Italy,Deluxe,False,2022-06-01,2,4.0
GUEST002932,Francesca,Rossi,guest002932@email.com,Family,Greece,Suite,False,2024-01-09,1,3.9
GUEST002933,Emma,Johnson,guest002933@email.com,Business,France,Standard,False,2022-04-26,2,5.0
GUEST002934,Lucia,Zhang,guest002934@email.com,Leisure,Greece,Suite,False,2024-09-09,1,4.4
GUEST002935,Klaus,Mueller,guest002935@email.com,Leisure,China,Penthouse,False,2022-04-03,2,4.5
GUEST002936,Yuki,Mueller,guest002936@email.com,Leisure,Belgium,Penthouse,False,2022-07-06,5,4.5
GUEST002937,Francesca,Schmidt,guest002937@email.com,Solo Travel,UK,Standard,True,2022-11-23,7,4.3
GUEST002938,Emma,Zhang,guest002938@email.com,Business,Belgium,Penthouse,False,2023-05-08,4,3.9
GUEST002939,Francesca,Weber,guest002939@email.com,Leisure,Greece,Standard,False,2024-03-23,1,4.4
GUEST002940,Yuki,Mueller,guest002940@email.com,Family,Belgium,Standard,False,2024-04-01,4,4.0
GUEST002941,Sophie,Zhang,guest002941@email.com,Solo Travel,Belgium,Suite,False,2023-03-05,6,5.0
GUEST002942,Marco,Rossi,guest002942@email.com,Family,France,Standard,True,2023-07-06,4,4.7
GUEST002943,Marco,Rossi,guest002943@email.com,Leisure,Netherlands,Family,True,2023-06-30,4,3.8
GUEST002944,Marco,Garcia,guest002944@email.com,Solo Travel,China,Suite,True,2023-01-29,2,4.5
GUEST002945,Maria,Weber,guest002945@email.com,Family,Germany,Family,False,2024-01-03,13,3.9
GUEST002946,Francesca,Martin,guest002946@email.com,Business,UK,Penthouse,False,2023-08-15,2,4.3
GUEST002947,Sophie,Johnson,guest002947@email.com,Family,France,Deluxe,False,2022-08-29,9,4.2
GUEST002948,Yuki,Smith,guest002948@email.com,Couple,China,Standard,False,2022-07-28,1,4.3
GUEST002949,John,Schmidt,guest002949@email.com,Leisure,Spain,Family,True,2023-07-26,2,3.4
GUEST002950,Emma,Mueller,guest002950@email.com,Leisure,Belgium,Penthouse,False,2024-08-01,5,4.9
GUEST002951,Maria,Smith,guest002951@email.com,Business,Greece,Penthouse,False,2024-07-22,1,4.9
GUEST002952,Yuki,Schmidt,guest002952@email.com,Leisure,China,Standard,False,2024-05-19,1,3.4
GUEST002953,Ahmed,Brown,guest002953@email.com,Family,UK,Penthouse,False,2023-04-17,7,4.8
GUEST002954,Ahmed,Martin,guest002954@email.com,Couple,USA,Family,False,2024-09-22,4,4.4
GUEST002955,Francesca,Garcia,guest002955@email.com,Solo Travel,Germany,Deluxe,False,2022-08-04,6,4.4
GUEST002956,Sophie,Smith,guest002956@email.com,Leisure,USA,Deluxe,False,2024-02-04,2,4.1
GUEST002957,Ahmed,Johnson,guest002957@email.com,Business,Belgium,Deluxe,False,2024-09-12,3,4.8
GUEST002958,Ahmed,Zhang,guest002958@email.com,Business,Belgium,Suite,True,2024-01-21,3,4.5
GUEST002959,John,Zhang,guest002959@email.com,Leisure,UK,Suite,False,2023-01-16,4,3.9
GUEST002960,John,Johnson,guest002960@email.com,Business,Spain,Family,False,2023-11-10,1,4.7
GUEST002961,Lucia,Johnson,guest002961@email.com,Leisure,Italy,Deluxe,False,2023-05-04,14,4.4
GUEST002962,Lucia,Mueller,guest002962@email.com,Leisure,France,Penthouse,False,2022-01-31,3,3.8
GUEST002963,Ahmed,Schmidt,guest002963@email.com,Couple,France,Penthouse,False,2022-05-25,1,4.9
GUEST002964,Maria,Garcia,guest002964@email.com,Leisure,France,Family,False,2022-03-20,23,4.2
GUEST002965,John,Weber,guest002965@email.com,Leisure,Spain,Family,False,2024-05-01,5,4.1
GUEST002966,Francesca,Mueller,guest002966@email.com,Leisure,Greece,Standard,False,2024-02-23,4,4.8
GUEST002967,Ahmed,Rossi,guest002967@email.com,Couple,Greece,Suite,False,2024-02-01,1,4.1
GUEST002968,Ahmed,Martin,guest002968@email.com,Leisure,France,Family,False,2023-12-17,13,3.5
GUEST002969,Klaus,Rossi,guest002969@email.com,Leisure,Germany,Standard,False,2023-02-26,3,4.8
GUEST002970,Yuki,Rossi,guest002970@email.com,Leisure,China,Penthouse,True,2024-03-11,7,3.6
GUEST002971,John,Brown,guest002971@email.com,Couple,UK,Suite,False,2022-04-24,3,4.4
GUEST002972,Ahmed,Smith,guest002972@email.com,Family,UK,Family,False,2024-06-21,1,4.1
GUEST002973,John,Weber,guest002973@email.com,Couple,France,Penthouse,False,2024-02-09,3,4.0
GUEST002974,Ahmed,Martin,guest002974@email.com,Business,China,Family,False,2022-06-14,4,3.8
GUEST002975,John,Zhang,guest002975@email.com,Leisure,Belgium,Deluxe,False,2024-05-02,4,3.9
GUEST002976,Francesca,Rossi,guest002976@email.com,Family,UK,Family,False,2023-07-22,1,4.5
GUEST002977,Klaus,Weber,guest002977@email.com,Business,Italy,Suite,False,2023-05-29,1,4.5
GUEST002978,Klaus,Garcia,guest002978@email.com,Leisure,Italy,Penthouse,False,2023-03-10,3,3.9
GUEST002979,Ahmed,Brown,guest002979@email.com,Family,Greece,Penthouse,False,2024-09-23,1,4.9
GUEST002980,Maria,Martin,guest002980@email.com,Leisure,Germany,Penthouse,False,2023-01-22,5,3.3
GUEST002981,Ahmed,Garcia,guest002981@email.com,Family,France,Suite,False,2023-02-15,3,4.7
GUEST002982,Lucia,Smith,guest002982@email.com,Business,Italy,Standard,False,2022-08-13,4,3.7
GUEST002983,Francesca,Mueller,guest002983@email.com,Business,Spain,Deluxe,False,2024-04-22,2,4.6
GUEST002984,Marco,Weber,guest002984@email.com,Leisure,UK,Family,False,2024-05-11,6,4.7
GUEST002985,Maria,Rossi,guest002985@email.com,Couple,Spain,Deluxe,False,2023-05-04,3,4.8
GUEST002986,Yuki,Zhang,guest002986@email.com,Leisure,Spain,Suite,True,2024-04-27,6,4.0
GUEST002987,Francesca,Mueller,guest002987@email.com,Couple,China,Penthouse,False,2022-02-25,5,4.5
GUEST002988,Yuki,Zhang,guest002988@email.com,Couple,UK,Suite,False,2022-07-19,2,4.8
GUEST002989,Klaus,Johnson,guest002989@email.com,Leisure,Greece,Standard,False,2022-04-17,19,4.8
GUEST002990,Maria,Schmidt,guest002990@email.com,Business,China,Suite,False,2023-09-10,9,4.1
GUEST002991,Yuki,Smith,guest002991@email.com,Family,USA,Standard,False,2022-09-03,3,4.4
GUEST002992,Klaus,Mueller,guest002992@email.com,Business,Greece,Suite,False,2023-07-09,4,3.9
GUEST002993,Maria,Johnson,guest002993@email.com,Leisure,Italy,Standard,False,2022-08-05,1,3.4
GUEST002994,Lucia,Smith,guest002994@email.com,Family,Netherlands,Family,False,2024-02-14,1,4.4
GUEST002995,Klaus,Garcia,guest002995@email.com,Leisure,Italy,Family,False,2023-07-19,11,4.8
GUEST002996,Sophie,Smith,guest002996@email.com,Family,USA,Penthouse,True,2022-09-04,4,4.1
GUEST002997,Klaus,Johnson,guest002997@email.com,Leisure,USA,Deluxe,False,2024-09-27,5,4.9
GUEST002998,Lucia,Weber,guest002998@email.com,Family,UK,Suite,False,2022-02-15,1,4.1
GUEST002999,Lucia,Rossi,guest002999@email.com,Business,USA,Standard,True,2022-02-16,1,4.3
GUEST003000,John,Schmidt,guest003000@email.com,Leisure,Greece,Family,False,2022-04-06,2,4.6
GUEST003001,Klaus,Smith,guest003001@email.com,Leisure,Italy,Penthouse,False,2023-01-01,3,4.8
GUEST003002,Klaus,Zhang,guest003002@email.com,Solo Travel,USA,Standard,False,2023-05-28,1,3.6
GUEST003003,Sophie,Schmidt,guest003003@email.com,Leisure,China,Suite,False,2024-02-09,1,3.3
GUEST003004,Francesca,Schmidt,guest003004@email.com,Business,Belgium,Family,True,2024-09-24,1,4.4
GUEST003005,Ahmed,Johnson,guest003005@email.com,Leisure,China,Penthouse,True,2022-12-06,2,4.6
GUEST003006,Francesca,Martin,guest003006@email.com,Couple,Belgium,Penthouse,True,2022-04-14,1,4.0
GUEST003007,Marco,Mueller,guest003007@email.com,Leisure,China,Penthouse,False,2022-01-25,8,4.7
GUEST003008,Lucia,Zhang,guest003008@email.com,Business,Germany,Penthouse,True,2023-05-04,1,4.1
GUEST003009,Lucia,Smith,guest003009@email.com,Family,Netherlands,Suite,True,2022-10-25,9,4.2
GUEST003010,Ahmed,Mueller,guest003010@email.com,Leisure,Spain,Standard,False,2023-11-30,1,4.3
GUEST003011,Emma,Johnson,guest003011@email.com,Leisure,Germany,Standard,True,2024-06-25,1,3.8
GUEST003012,Maria,Garcia,guest003012@email.com,Family,Netherlands,Deluxe,False,2024-06-24,4,3.7
GUEST003013,Sophie,Mueller,guest003013@email.com,Leisure,UK,Penthouse,True,2024-02-27,3,4.7
GUEST003014,Ahmed,Martin,guest003014@email.com,Couple,China,Standard,False,2023-06-13,1,4.3
GUEST003015,Lucia,Martin,guest003015@email.com,Leisure,Belgium,Deluxe,True,2024-08-10,11,2.6
GUEST003016,Yuki,Rossi,guest003016@email.com,Business,Italy,Penthouse,False,2024-03-15,2,4.4
GUEST003017,Ahmed,Schmidt,guest003017@email.com,Leisure,Netherlands,Standard,False,2022-10-25,2,4.7
GUEST003018,Yuki,Weber,guest003018@email.com,Leisure,China,Standard,True,2024-05-26,4,4.7
GUEST003019,Francesca,Smith,guest003019@email.com,Business,Netherlands,Suite,False,2024-07-01,7,5.0
GUEST003020,Francesca,Garcia,guest003020@email.com,Couple,UK,Penthouse,False,2022-08-02,13,4.6
GUEST003021,Lucia,Weber,guest003021@email.com,Family,Spain,Suite,False,2022-03-18,1,4.9
GUEST003022,Ahmed,Weber,guest003022@email.com,Business,UK,Suite,True,2023-10-05,9,4.4
GUEST003023,Emma,Johnson,guest003023@email.com,Leisure,USA,Family,False,2024-04-04,11,3.7
GUEST003024,John,Mueller,guest003024@email.com,Leisure,France,Suite,True,2024-02-24,2,4.7
GUEST003025,Klaus,Martin,guest003025@email.com,Business,Germany,Standard,False,2024-06-07,3,3.8
GUEST003026,Maria,Rossi,guest003026@email.com,Family,Germany,Deluxe,False,2022-04-07,1,4.0
GUEST003027,Emma,Schmidt,guest003027@email.com,Leisure,Italy,Penthouse,False,2022-06-23,6,3.7
GUEST003028,Klaus,Mueller,guest003028@email.com,Family,Belgium,Deluxe,False,2022-03-11,1,4.9
GUEST003029,Klaus,Weber,guest003029@email.com,Couple,Netherlands,Standard,False,2023-01-08,4,4.7
GUEST003030,Yuki,Johnson,guest003030@email.com,Business,Italy,Family,False,2022-03-14,5,5.0
GUEST003031,Ahmed,Rossi,guest003031@email.com,Leisure,Greece,Standard,True,2022-09-22,9,4.5
GUEST003032,Emma,Brown,guest003032@email.com,Business,Italy,Deluxe,False,2024-02-21,1,3.9
GUEST003033,Emma,Mueller,guest003033@email.com,Family,China,Penthouse,False,2024-08-20,3,4.1
GUEST003034,Maria,Weber,guest003034@email.com,Business,UK,Deluxe,True,2023-05-15,4,3.7
GUEST003035,John,Schmidt,guest003035@email.com,Business,Italy,Suite,False,2024-05-29,3,4.2
GUEST003036,Klaus,Zhang,guest003036@email.com,Leisure,Spain,Penthouse,False,2023-02-23,4,4.0
GUEST003037,Lucia,Mueller,guest003037@email.com,Business,Italy,Deluxe,False,2023-03-28,8,4.6
GUEST003038,Yuki,Martin,guest003038@email.com,Business,Italy,Family,False,2024-05-15,1,4.2
GUEST003039,Lucia,Schmidt,guest003039@email.com,Business,China,Penthouse,False,2023-01-18,2,3.6
GUEST003040,Maria,Zhang,guest003040@email.com,Leisure,Netherlands,Deluxe,False,2023-06-03,2,4.2
GUEST003041,Emma,Brown,guest003041@email.com,Couple,Spain,Penthouse,True,2024-06-17,2,4.3
GUEST003042,John,Weber,guest003042@email.com,Leisure,UK,Family,False,2024-09-27,4,3.5
GUEST003043,John,Garcia,guest003043@email.com,Leisure,China,Suite,False,2023-12-18,4,4.3
GUEST003044,Marco,Smith,guest003044@email.com,Leisure,Germany,Suite,True,2022-06-08,2,3.3
GUEST003045,Maria,Brown,guest003045@email.com,Family,Germany,Penthouse,True,2023-01-20,2,4.6
GUEST003046,Ahmed,Weber,guest003046@email.com,Couple,USA,Family,False,2023-02-13,2,4.4
GUEST003047,Maria,Garcia,guest003047@email.com,Leisure,Germany,Suite,True,2023-02-02,6,3.6
GUEST003048,Emma,Johnson,guest003048@email.com,Business,USA,Family,False,2022-12-24,2,3.6
GUEST003049,Emma,Rossi,guest003049@email.com,Business,USA,Deluxe,True,2023-10-20,1,4.0
GUEST003050,Marco,Rossi,guest003050@email.com,Business,USA,Family,False,2022-04-22,9,3.5
GUEST003051,Maria,Mueller,guest003051@email.com,Leisure,UK,Penthouse,False,2024-01-20,3,4.6
GUEST003052,Maria,Zhang,guest003052@email.com,Solo Travel,France,Penthouse,False,2024-02-26,4,3.6
GUEST003053,Francesca,Garcia,guest003053@email.com,Leisure,Greece,Penthouse,False,2023-02-16,5,4.4
GUEST003054,Yuki,Johnson,guest003054@email.com,Solo Travel,USA,Penthouse,False,2022-11-21,1,4.8
GUEST003055,Yuki,Weber,guest003055@email.com,Business,Germany,Deluxe,True,2023-05-13,3,3.8
GUEST003056,Sophie,Rossi,guest003056@email.com,Business,China,Penthouse,False,2022-04-28,1,4.6
GUEST003057,Klaus,Rossi,guest003057@email.com,Business,Greece,Deluxe,True,2022-02-09,4,4.9
GUEST003058,Marco,Mueller,guest003058@email.com,Family,Greece,Suite,False,2024-08-29,9,3.7
GUEST003059,Emma,Mueller,guest003059@email.com,Business,UK,Suite,True,2023-10-18,6,4.3
GUEST003060,Sophie,Schmidt,guest003060@email.com,Business,Germany,Family,True,2023-08-05,1,4.5
GUEST003061,John,Weber,guest003061@email.com,Business,Greece,Deluxe,True,2024-03-03,2,3.7
GUEST003062,Francesca,Smith,guest003062@email.com,Family,UK,Family,False,2024-08-16,8,3.7
GUEST003063,Yuki,Zhang,guest003063@email.com,Business,Belgium,Family,False,2023-04-30,2,4.2
GUEST003064,Sophie,Smith,guest003064@email.com,Business,Italy,Family,False,2022-08-05,5,4.4
GUEST003065,John,Zhang,guest003065@email.com,Leisure,UK,Deluxe,False,2022-10-04,5,4.2
GUEST003066,Klaus,Mueller,guest003066@email.com,Business,France,Suite,False,2022-03-27,6,5.0
GUEST003067,Ahmed,Johnson,guest003067@email.com,Family,Germany,Deluxe,False,2022-10-08,7,4.0
GUEST003068,Francesca,Johnson,guest003068@email.com,Leisure,UK,Suite,False,2022-11-02,2,3.7
GUEST003069,Emma,Zhang,guest003069@email.com,Family,Belgium,Suite,False,2023-06-22,3,3.8
GUEST003070,Sophie,Brown,guest003070@email.com,Leisure,Greece,Family,False,2022-07-08,2,3.5
GUEST003071,John,Johnson,guest003071@email.com,Business,Italy,Standard,False,2024-07-05,9,5.0
GUEST003072,Francesca,Schmidt,guest003072@email.com,Family,Netherlands,Standard,False,2024-09-13,6,4.7
GUEST003073,Klaus,Mueller,guest003073@email.com,Business,Germany,Standard,False,2022-07-23,3,4.3
GUEST003074,Yuki,Zhang,guest003074@email.com,Couple,France,Family,False,2023-05-09,1,4.1
GUEST003075,Emma,Martin,guest003075@email.com,Couple,France,Deluxe,False,2023-12-07,1,4.7
GUEST003076,Ahmed,Zhang,guest003076@email.com,Leisure,France,Family,False,2022-12-30,2,4.7
GUEST003077,Lucia,Zhang,guest003077@email.com,Leisure,Netherlands,Standard,False,2024-04-22,20,4.4
GUEST003078,John,Martin,guest003078@email.com,Business,Spain,Suite,False,2024-03-12,13,4.8
GUEST003079,Lucia,Garcia,guest003079@email.com,Leisure,China,Penthouse,False,2022-03-21,1,4.4
GUEST003080,Lucia,Weber,guest003080@email.com,Business,France,Penthouse,False,2022-05-29,1,3.2
GUEST003081,Yuki,Schmidt,guest003081@email.com,Leisure,USA,Family,False,2022-01-15,2,4.6
GUEST003082,Ahmed,Rossi,guest003082@email.com,Business,UK,Family,False,2024-08-14,2,4.8
GUEST003083,Ahmed,Rossi,guest003083@email.com,Couple,Belgium,Deluxe,False,2024-06-04,1,4.7
GUEST003084,Yuki,Johnson,guest003084@email.com,Couple,France,Penthouse,False,2024-03-22,1,4.0
GUEST003085,Francesca,Brown,guest003085@email.com,Solo Travel,Germany,Standard,True,2023-06-18,2,5.0
GUEST003086,John,Rossi,guest003086@email.com,Leisure,France,Family,False,2024-08-23,5,4.4
GUEST003087,Ahmed,Rossi,guest003087@email.com,Couple,Greece,Deluxe,True,2023-10-17,6,4.3
GUEST003088,Lucia,Johnson,guest003088@email.com,Leisure,USA,Penthouse,False,2022-02-07,3,4.4
GUEST003089,Sophie,Garcia,guest003089@email.com,Family,Greece,Family,False,2023-03-07,1,4.7
GUEST003090,Marco,Mueller,guest003090@email.com,Business,Belgium,Suite,True,2023-09-08,2,4.0
GUEST003091,Francesca,Garcia,guest003091@email.com,Solo Travel,Spain,Family,True,2022-12-23,2,4.1
GUEST003092,Sophie,Garcia,guest003092@email.com,Business,UK,Suite,False,2024-09-22,2,4.1
GUEST003093,Lucia,Smith,guest003093@email.com,Business,Spain,Penthouse,False,2023-01-15,2,3.6
GUEST003094,Yuki,Smith,guest003094@email.com,Couple,Italy,Standard,False,2022-11-06,4,3.7
GUEST003095,Klaus,Martin,guest003095@email.com,Couple,France,Family,True,2024-04-18,7,4.7
GUEST003096,Maria,Rossi,guest003096@email.com,Solo Travel,Germany,Suite,False,2023-10-27,1,4.6
GUEST003097,Emma,Zhang,guest003097@email.com,Leisure,Netherlands,Standard,False,2023-02-25,5,4.6
GUEST003098,Yuki,Schmidt,guest003098@email.com,Leisure,Italy,Family,True,2024-04-28,7,3.8
GUEST003099,Marco,Zhang,guest003099@email.com,Leisure,USA,Penthouse,False,2023-06-20,12,4.4
GUEST003100,Yuki,Johnson,guest003100@email.com,Business,China,Family,True,2024-08-06,1,4.9
GUEST003101,Ahmed,Rossi,guest003101@email.com,Couple,China,Deluxe,True,2023-03-15,2,4.3
GUEST003102,Yuki,Mueller,guest003102@email.com,Leisure,USA,Standard,True,2023-07-21,2,3.9
GUEST003103,Lucia,Mueller,guest003103@email.com,Business,Belgium,Family,False,2023-07-10,4,4.2
GUEST003104,Francesca,Zhang,guest003104@email.com,Family,Greece,Standard,False,2022-10-19,1,4.4
GUEST003105,Francesca,Brown,guest003105@email.com,Leisure,Spain,Penthouse,False,2023-12-20,1,5.0
GUEST003106,Lucia,Johnson,guest003106@email.com,Solo Travel,France,Penthouse,True,2022-03-31,5,4.6
GUEST003107,Maria,Johnson,guest003107@email.com,Business,Belgium,Family,False,2023-10-28,1,4.1
GUEST003108,John,Weber,guest003108@email.com,Leisure,Belgium,Deluxe,True,2024-08-12,2,4.0
GUEST003109,Francesca,Johnson,guest003109@email.com,Leisure,Belgium,Family,False,2023-05-24,2,4.8
GUEST003110,Lucia,Martin,guest003110@email.com,Family,Germany,Deluxe,True,2022-04-13,5,3.7
GUEST003111,Emma,Martin,guest003111@email.com,Business,China,Family,False,2023-08-19,1,4.2
GUEST003112,John,Brown,guest003112@email.com,Leisure,Greece,Suite,False,2024-05-22,7,4.3
GUEST003113,Francesca,Garcia,guest003113@email.com,Couple,Italy,Deluxe,False,2022-08-17,3,3.6
GUEST003114,Emma,Martin,guest003114@email.com,Leisure,Netherlands,Deluxe,False,2023-01-26,4,5.0
GUEST003115,Maria,Garcia,guest003115@email.com,Couple,Greece,Suite,False,2024-05-26,7,3.8
GUEST003116,Emma,Johnson,guest003116@email.com,Business,France,Deluxe,False,2022-12-26,8,3.9
GUEST003117,Emma,Zhang,guest003117@email.com,Solo Travel,USA,Standard,False,2024-07-18,3,2.7
GUEST003118,Francesca,Smith,guest003118@email.com,Business,China,Deluxe,False,2024-08-20,2,4.0
GUEST003119,Yuki,Garcia,guest003119@email.com,Solo Travel,Greece,Suite,True,2023-06-04,2,4.2
GUEST003120,Klaus,Brown,guest003120@email.com,Business,Italy,Family,False,2024-06-19,1,4.3
GUEST003121,Klaus,Brown,guest003121@email.com,Business,France,Family,False,2024-05-08,1,3.8
GUEST003122,Francesca,Garcia,guest003122@email.com,Family,Greece,Suite,False,2022-01-05,3,3.5
GUEST003123,Francesca,Smith,guest003123@email.com,Business,Greece,Standard,True,2022-01-16,1,4.1
GUEST003124,John,Mueller,guest003124@email.com,Couple,UK,Family,False,2024-03-20,4,3.9
GUEST003125,Yuki,Martin,guest003125@email.com,Couple,UK,Deluxe,False,2024-04-19,3,4.2
GUEST003126,Lucia,Schmidt,guest003126@email.com,Business,Belgium,Penthouse,True,2022-12-10,1,4.4
GUEST003127,Ahmed,Weber,guest003127@email.com,Business,Netherlands,Suite,True,2023-03-17,4,4.1
GUEST003128,Sophie,Martin,guest003128@email.com,Business,USA,Penthouse,True,2024-09-23,4,4.0
GUEST003129,Francesca,Garcia,guest003129@email.com,Couple,Germany,Standard,False,2023-09-24,8,3.5
GUEST003130,Francesca,Smith,guest003130@email.com,Leisure,Netherlands,Penthouse,False,2024-03-31,22,4.4
GUEST003131,Lucia,Zhang,guest003131@email.com,Family,Netherlands,Family,False,2022-05-12,2,4.4
GUEST003132,Francesca,Mueller,guest003132@email.com,Leisure,France,Deluxe,False,2023-02-17,4,5.0
GUEST003133,Yuki,Martin,guest003133@email.com,Couple,Greece,Penthouse,False,2022-06-12,2,3.7
GUEST003134,Francesca,Garcia,guest003134@email.com,Business,USA,Penthouse,True,2022-04-12,8,4.5
GUEST003135,Ahmed,Martin,guest003135@email.com,Leisure,France,Deluxe,False,2022-05-02,1,2.7
GUEST003136,Lucia,Zhang,guest003136@email.com,Couple,UK,Penthouse,True,2024-05-13,8,5.0
GUEST003137,Klaus,Martin,guest003137@email.com,Leisure,UK,Suite,True,2022-06-12,21,4.4
GUEST003138,Yuki,Garcia,guest003138@email.com,Leisure,Italy,Deluxe,False,2022-04-06,1,3.6
GUEST003139,Maria,Smith,guest003139@email.com,Family,France,Penthouse,False,2023-03-24,1,5.0
GUEST003140,John,Weber,guest003140@email.com,Solo Travel,France,Deluxe,False,2022-06-06,1,3.8
GUEST003141,John,Weber,guest003141@email.com,Business,USA,Standard,True,2023-12-26,1,5.0
GUEST003142,Marco,Johnson,guest003142@email.com,Solo Travel,USA,Deluxe,False,2023-08-09,6,4.2
GUEST003143,Francesca,Smith,guest003143@email.com,Leisure,France,Family,True,2024-01-31,3,4.1
GUEST003144,Ahmed,Rossi,guest003144@email.com,Business,Spain,Penthouse,True,2023-10-12,1,3.9
GUEST003145,Yuki,Mueller,guest003145@email.com,Couple,Spain,Family,False,2022-09-03,2,3.8
GUEST003146,Sophie,Brown,guest003146@email.com,Couple,USA,Suite,False,2022-07-18,2,4.6
GUEST003147,Marco,Garcia,guest003147@email.com,Solo Travel,USA,Deluxe,True,2024-01-14,2,4.2
GUEST003148,Francesca,Brown,guest003148@email.com,Leisure,Greece,Penthouse,False,2023-11-07,2,5.0
GUEST003149,John,Brown,guest003149@email.com,Business,UK,Suite,True,2022-03-26,1,4.9
GUEST003150,Ahmed,Smith,guest003150@email.com,Business,Germany,Deluxe,True,2023-10-16,5,3.8
GUEST003151,Lucia,Johnson,guest003151@email.com,Couple,Spain,Standard,False,2022-04-24,2,3.9
GUEST003152,Emma,Weber,guest003152@email.com,Leisure,Spain,Penthouse,False,2022-05-06,4,4.4
GUEST003153,Maria,Mueller,guest003153@email.com,Family,Italy,Standard,False,2022-10-17,2,3.3
GUEST003154,Klaus,Mueller,guest003154@email.com,Leisure,Netherlands,Deluxe,False,2022-04-06,1,3.7
GUEST003155,Maria,Rossi,guest003155@email.com,Business,Spain,Penthouse,False,2024-05-14,2,4.6
GUEST003156,Yuki,Garcia,guest003156@email.com,Leisure,France,Deluxe,True,2023-02-05,2,4.3
GUEST003157,Maria,Rossi,guest003157@email.com,Leisure,UK,Deluxe,True,2024-03-25,3,3.9
GUEST003158,John,Zhang,guest003158@email.com,Couple,Spain,Family,False,2022-03-17,2,5.0
GUEST003159,Emma,Johnson,guest003159@email.com,Couple,France,Standard,False,2022-08-04,1,3.7
GUEST003160,Francesca,Zhang,guest003160@email.com,Family,USA,Standard,True,2024-06-30,1,3.9
GUEST003161,Yuki,Rossi,guest003161@email.com,Leisure,France,Standard,True,2024-04-07,1,4.4
GUEST003162,Ahmed,Mueller,guest003162@email.com,Leisure,China,Deluxe,True,2022-11-02,2,4.7
GUEST003163,John,Mueller,guest003163@email.com,Couple,Spain,Suite,False,2023-11-07,9,4.1
GUEST003164,Lucia,Weber,guest003164@email.com,Solo Travel,Spain,Deluxe,False,2024-05-25,2,4.5
GUEST003165,John,Johnson,guest003165@email.com,Leisure,China,Penthouse,False,2024-09-26,1,4.8
GUEST003166,Yuki,Schmidt,guest003166@email.com,Family,USA,Family,True,2023-05-11,2,4.4
GUEST003167,Lucia,Weber,guest003167@email.com,Business,France,Family,True,2023-07-14,1,4.3
GUEST003168,John,Mueller,guest003168@email.com,Leisure,China,Suite,False,2023-06-19,2,3.5
GUEST003169,Klaus,Johnson,guest003169@email.com,Solo Travel,Spain,Family,False,2022-07-17,4,3.9
GUEST003170,Lucia,Smith,guest003170@email.com,Leisure,UK,Penthouse,False,2023-07-03,4,3.9
GUEST003171,John,Martin,guest003171@email.com,Family,Italy,Standard,False,2023-06-09,2,3.1
GUEST003172,Ahmed,Garcia,guest003172@email.com,Couple,Germany,Deluxe,False,2024-06-06,11,5.0
GUEST003173,Yuki,Johnson,guest003173@email.com,Family,France,Standard,False,2024-07-09,1,5.0
GUEST003174,Sophie,Smith,guest003174@email.com,Leisure,France,Family,False,2022-12-02,2,5.0
GUEST003175,Ahmed,Garcia,guest003175@email.com,Leisure,Germany,Penthouse,False,2022-03-27,2,3.8
GUEST003176,Ahmed,Brown,guest003176@email.com,Business,Italy,Deluxe,False,2022-10-08,2,3.2
GUEST003177,Emma,Garcia,guest003177@email.com,Couple,Netherlands,Penthouse,True,2024-09-03,6,4.5
GUEST003178,Maria,Schmidt,guest003178@email.com,Family,Netherlands,Suite,True,2023-12-27,3,3.5
GUEST003179,Marco,Brown,guest003179@email.com,Leisure,UK,Standard,True,2023-04-24,3,4.6
GUEST003180,Emma,Zhang,guest003180@email.com,Leisure,Greece,Deluxe,True,2023-06-09,3,4.3
GUEST003181,Francesca,Garcia,guest003181@email.com,Leisure,Italy,Suite,False,2022-09-14,2,3.6
GUEST003182,Ahmed,Garcia,guest003182@email.com,Business,Belgium,Standard,False,2023-12-05,3,4.4
GUEST003183,Klaus,Zhang,guest003183@email.com,Business,France,Deluxe,False,2022-04-16,1,4.1
GUEST003184,Lucia,Weber,guest003184@email.com,Business,Spain,Penthouse,False,2022-11-16,2,5.0
GUEST003185,Ahmed,Garcia,guest003185@email.com,Leisure,UK,Suite,False,2024-09-03,1,4.9
GUEST003186,Emma,Zhang,guest003186@email.com,Business,Spain,Family,False,2024-06-23,4,3.5
GUEST003187,Emma,Zhang,guest003187@email.com,Leisure,Germany,Penthouse,True,2023-09-03,3,4.5
GUEST003188,Klaus,Schmidt,guest003188@email.com,Family,USA,Suite,True,2023-09-30,2,4.0
GUEST003189,Maria,Weber,guest003189@email.com,Leisure,Italy,Suite,False,2023-01-28,2,3.9
GUEST003190,Francesca,Garcia,guest003190@email.com,Business,Germany,Standard,True,2023-08-04,1,4.5
GUEST003191,Yuki,Schmidt,guest003191@email.com,Leisure,Germany,Deluxe,True,2024-07-08,1,3.3
GUEST003192,Maria,Rossi,guest003192@email.com,Couple,USA,Deluxe,False,2022-06-21,3,4.3
GUEST003193,John,Martin,guest003193@email.com,Business,Netherlands,Family,True,2022-09-17,16,4.6
GUEST003194,Lucia,Zhang,guest003194@email.com,Leisure,USA,Suite,False,2022-10-28,3,4.7
GUEST003195,Lucia,Martin,guest003195@email.com,Family,Belgium,Suite,True,2022-12-27,1,4.0
GUEST003196,Francesca,Smith,guest003196@email.com,Leisure,Belgium,Suite,True,2022-04-28,3,3.7
GUEST003197,Ahmed,Schmidt,guest003197@email.com,Solo Travel,UK,Standard,False,2023-03-16,1,4.0
GUEST003198,Ahmed,Schmidt,guest003198@email.com,Couple,Belgium,Family,False,2022-09-09,1,4.3
GUEST003199,Maria,Garcia,guest003199@email.com,Family,USA,Penthouse,False,2023-11-04,1,3.3
GUEST003200,Yuki,Schmidt,guest003200@email.com,Family,UK,Suite,False,2022-05-29,1,3.9
GUEST003201,Yuki,Johnson,guest003201@email.com,Leisure,UK,Standard,True,2022-01-10,3,3.6
GUEST003202,Yuki,Smith,guest003202@email.com,Business,Greece,Standard,False,2024-01-05,4,4.1
GUEST003203,Yuki,Garcia,guest003203@email.com,Business,Spain,Family,False,2023-04-22,2,4.0
GUEST003204,Lucia,Schmidt,guest003204@email.com,Couple,China,Deluxe,False,2024-07-09,2,3.9
GUEST003205,Sophie,Martin,guest003205@email.com,Business,Germany,Suite,False,2022-03-09,12,4.1
GUEST003206,Francesca,Brown,guest003206@email.com,Leisure,France,Penthouse,True,2023-09-09,2,4.8
GUEST003207,Sophie,Martin,guest003207@email.com,Leisure,Italy,Suite,False,2022-08-11,1,4.8
GUEST003208,Maria,Martin,guest003208@email.com,Leisure,Belgium,Penthouse,False,2022-10-12,3,4.4
GUEST003209,Lucia,Johnson,guest003209@email.com,Leisure,Netherlands,Family,True,2023-08-11,1,3.8
GUEST003210,Francesca,Zhang,guest003210@email.com,Family,France,Suite,False,2022-11-22,6,4.7
GUEST003211,Yuki,Garcia,guest003211@email.com,Family,USA,Suite,False,2022-07-21,8,3.8
GUEST003212,John,Rossi,guest003212@email.com,Leisure,Netherlands,Family,False,2023-05-26,4,4.0
GUEST003213,John,Brown,guest003213@email.com,Family,France,Suite,False,2023-03-08,2,4.7
GUEST003214,Maria,Johnson,guest003214@email.com,Business,Italy,Standard,False,2023-04-09,7,4.5
GUEST003215,Ahmed,Weber,guest003215@email.com,Business,China,Family,False,2022-12-01,1,4.9
GUEST003216,Lucia,Zhang,guest003216@email.com,Leisure,Italy,Standard,False,2022-08-31,3,3.6
GUEST003217,Lucia,Smith,guest003217@email.com,Couple,Greece,Deluxe,False,2022-10-19,2,4.3
GUEST003218,John,Weber,guest003218@email.com,Leisure,China,Deluxe,True,2022-01-05,9,4.3
GUEST003219,Emma,Brown,guest003219@email.com,Family,Germany,Standard,False,2022-05-15,3,3.7
GUEST003220,Francesca,Smith,guest003220@email.com,Business,Belgium,Suite,True,2024-07-06,5,4.0
GUEST003221,Marco,Martin,guest003221@email.com,Business,Germany,Penthouse,False,2022-02-10,1,4.4
GUEST003222,Yuki,Smith,guest003222@email.com,Business,China,Family,True,2022-03-13,5,4.8
GUEST003223,Emma,Johnson,guest003223@email.com,Family,Greece,Deluxe,False,2024-04-29,1,4.0
GUEST003224,Francesca,Brown,guest003224@email.com,Family,Italy,Family,False,2022-10-09,16,4.5
GUEST003225,Yuki,Schmidt,guest003225@email.com,Couple,Netherlands,Suite,True,2023-02-14,8,3.9
GUEST003226,Maria,Martin,guest003226@email.com,Leisure,Germany,Family,False,2024-03-04,2,5.0
GUEST003227,Yuki,Rossi,guest003227@email.com,Leisure,USA,Standard,True,2023-09-20,3,4.6
GUEST003228,John,Zhang,guest003228@email.com,Business,Spain,Penthouse,False,2022-11-02,1,4.4
GUEST003229,Emma,Rossi,guest003229@email.com,Business,France,Penthouse,False,2024-05-19,2,4.4
GUEST003230,Maria,Schmidt,guest003230@email.com,Couple,China,Deluxe,True,2024-08-18,1,4.2
GUEST003231,Lucia,Johnson,guest003231@email.com,Leisure,Italy,Family,False,2022-01-30,9,4.3
GUEST003232,Sophie,Smith,guest003232@email.com,Business,UK,Deluxe,False,2024-04-25,9,3.9
GUEST003233,John,Mueller,guest003233@email.com,Business,Germany,Suite,False,2022-04-18,3,5.0
GUEST003234,Yuki,Zhang,guest003234@email.com,Couple,Belgium,Family,False,2022-08-20,2,4.7
GUEST003235,Ahmed,Johnson,guest003235@email.com,Solo Travel,USA,Suite,False,2022-07-15,12,4.1
GUEST003236,Yuki,Martin,guest003236@email.com,Business,Italy,Suite,False,2022-01-06,2,3.7
GUEST003237,John,Brown,guest003237@email.com,Solo Travel,Spain,Penthouse,False,2024-06-23,1,4.0
GUEST003238,John,Johnson,guest003238@email.com,Leisure,Belgium,Penthouse,False,2022-02-19,1,4.3
GUEST003239,Klaus,Johnson,guest003239@email.com,Leisure,China,Standard,False,2022-09-28,3,4.7
GUEST003240,Yuki,Weber,guest003240@email.com,Solo Travel,Greece,Deluxe,False,2024-03-21,4,4.3
GUEST003241,Francesca,Brown,guest003241@email.com,Family,Netherlands,Deluxe,False,2023-12-17,7,4.5
GUEST003242,Ahmed,Mueller,guest003242@email.com,Leisure,China,Penthouse,False,2023-08-21,4,3.6
GUEST003243,Emma,Johnson,guest003243@email.com,Solo Travel,China,Suite,False,2022-05-10,2,5.0
GUEST003244,Yuki,Mueller,guest003244@email.com,Leisure,Belgium,Suite,True,2024-02-11,3,4.8
GUEST003245,Lucia,Zhang,guest003245@email.com,Couple,Greece,Deluxe,False,2023-10-15,1,3.7
GUEST003246,Emma,Johnson,guest003246@email.com,Solo Travel,USA,Family,False,2023-06-19,3,3.9
GUEST003247,Marco,Garcia,guest003247@email.com,Business,Belgium,Deluxe,True,2023-08-15,4,5.0
GUEST003248,Emma,Rossi,guest003248@email.com,Family,Spain,Suite,False,2024-09-26,5,4.8
GUEST003249,Klaus,Schmidt,guest003249@email.com,Business,UK,Suite,False,2024-03-02,1,4.0
GUEST003250,Emma,Garcia,guest003250@email.com,Couple,UK,Family,False,2022-04-05,1,4.5
GUEST003251,Klaus,Brown,guest003251@email.com,Business,France,Deluxe,True,2023-12-30,2,4.0
GUEST003252,Maria,Schmidt,guest003252@email.com,Couple,Italy,Deluxe,False,2023-07-26,1,4.7
GUEST003253,Sophie,Garcia,guest003253@email.com,Business,UK,Deluxe,True,2023-12-13,7,5.0
GUEST003254,Maria,Johnson,guest003254@email.com,Business,China,Suite,True,2024-09-22,2,3.6
GUEST003255,Emma,Smith,guest003255@email.com,Business,Greece,Deluxe,False,2022-08-06,1,3.7
GUEST003256,John,Garcia,guest003256@email.com,Couple,China,Deluxe,False,2023-04-25,1,3.7
GUEST003257,Francesca,Garcia,guest003257@email.com,Leisure,UK,Penthouse,False,2023-05-15,6,4.8
GUEST003258,Maria,Schmidt,guest003258@email.com,Leisure,France,Standard,True,2022-08-02,6,4.0
GUEST003259,Lucia,Martin,guest003259@email.com,Leisure,USA,Deluxe,False,2023-06-11,3,4.3
GUEST003260,Yuki,Brown,guest003260@email.com,Leisure,Netherlands,Penthouse,False,2023-12-27,2,3.7
GUEST003261,Emma,Mueller,guest003261@email.com,Couple,Netherlands,Deluxe,True,2024-05-18,6,4.4
GUEST003262,Marco,Johnson,guest003262@email.com,Family,USA,Deluxe,False,2024-07-25,1,3.8
GUEST003263,Ahmed,Garcia,guest003263@email.com,Business,Belgium,Standard,True,2024-07-27,6,4.4
GUEST003264,Yuki,Zhang,guest003264@email.com,Family,Germany,Family,True,2024-09-25,4,4.7
GUEST003265,Emma,Weber,guest003265@email.com,Solo Travel,Spain,Family,True,2023-06-10,1,4.4
GUEST003266,Sophie,Zhang,guest003266@email.com,Couple,UK,Penthouse,False,2022-07-12,14,4.2
GUEST003267,Maria,Brown,guest003267@email.com,Leisure,Greece,Family,False,2023-03-10,2,3.0
GUEST003268,Ahmed,Brown,guest003268@email.com,Business,China,Standard,False,2024-09-01,1,4.2
GUEST003269,Lucia,Johnson,guest003269@email.com,Solo Travel,Italy,Standard,False,2022-05-31,2,4.1
GUEST003270,Emma,Johnson,guest003270@email.com,Leisure,France,Standard,True,2024-02-02,2,4.4
GUEST003271,Maria,Garcia,guest003271@email.com,Leisure,Italy,Suite,False,2022-01-17,2,3.9
GUEST003272,Emma,Mueller,guest003272@email.com,Couple,Italy,Standard,False,2022-10-01,12,4.8
GUEST003273,John,Rossi,guest003273@email.com,Leisure,China,Standard,True,2023-11-09,7,3.2
GUEST003274,Marco,Rossi,guest003274@email.com,Business,Germany,Suite,False,2022-12-27,1,4.8
GUEST003275,Klaus,Johnson,guest003275@email.com,Leisure,China,Standard,False,2024-08-07,8,4.1
GUEST003276,Marco,Johnson,guest003276@email.com,Couple,China,Penthouse,True,2022-12-29,2,4.8
GUEST003277,Francesca,Garcia,guest003277@email.com,Solo Travel,Belgium,Suite,True,2022-06-04,6,4.1
GUEST003278,Francesca,Martin,guest003278@email.com,Leisure,China,Suite,False,2023-03-18,4,4.3
GUEST003279,Marco,Schmidt,guest003279@email.com,Leisure,Netherlands,Penthouse,False,2022-02-24,2,5.0
GUEST003280,Emma,Brown,guest003280@email.com,Business,Germany,Deluxe,False,2023-01-14,2,4.5
GUEST003281,Maria,Smith,guest003281@email.com,Business,Netherlands,Standard,True,2023-10-27,1,4.7
GUEST003282,Francesca,Zhang,guest003282@email.com,Leisure,UK,Suite,True,2022-07-18,1,4.4
GUEST003283,Klaus,Garcia,guest003283@email.com,Couple,France,Suite,False,2023-02-17,5,4.4
GUEST003284,Ahmed,Weber,guest003284@email.com,Family,Spain,Deluxe,False,2022-10-10,1,4.1
GUEST003285,Marco,Weber,guest003285@email.com,Leisure,Netherlands,Suite,False,2023-05-21,4,4.6
GUEST003286,Marco,Zhang,guest003286@email.com,Leisure,UK,Suite,True,2022-04-22,2,3.7
GUEST003287,John,Garcia,guest003287@email.com,Leisure,Italy,Penthouse,False,2024-09-08,2,4.3
GUEST003288,Maria,Garcia,guest003288@email.com,Leisure,Greece,Penthouse,False,2022-04-28,2,5.0
GUEST003289,John,Smith,guest003289@email.com,Couple,USA,Penthouse,False,2023-08-13,2,4.8
GUEST003290,Klaus,Garcia,guest003290@email.com,Leisure,France,Family,False,2022-03-09,3,3.2
GUEST003291,Marco,Johnson,guest003291@email.com,Leisure,UK,Deluxe,False,2022-10-10,1,3.9
GUEST003292,Sophie,Weber,guest003292@email.com,Business,Germany,Standard,False,2023-12-18,11,4.3
GUEST003293,Francesca,Zhang,guest003293@email.com,Family,Spain,Suite,False,2023-02-07,3,4.3
GUEST003294,Maria,Garcia,guest003294@email.com,Leisure,China,Standard,True,2024-01-22,2,3.6
GUEST003295,Klaus,Rossi,guest003295@email.com,Couple,USA,Family,False,2022-07-30,4,4.3
GUEST003296,Ahmed,Garcia,guest003296@email.com,Family,France,Standard,False,2022-12-22,8,4.0
GUEST003297,Klaus,Weber,guest003297@email.com,Business,France,Deluxe,False,2022-10-22,3,4.0
GUEST003298,John,Johnson,guest003298@email.com,Couple,Spain,Penthouse,False,2022-07-09,2,4.6
GUEST003299,Marco,Weber,guest003299@email.com,Business,France,Family,True,2023-05-04,1,4.4
GUEST003300,Klaus,Garcia,guest003300@email.com,Solo Travel,China,Family,False,2022-06-24,1,4.3
GUEST003301,Yuki,Johnson,guest003301@email.com,Couple,Belgium,Penthouse,False,2022-06-20,2,4.3
GUEST003302,Ahmed,Schmidt,guest003302@email.com,Solo Travel,Greece,Deluxe,False,2024-07-10,2,4.5
GUEST003303,Emma,Mueller,guest003303@email.com,Family,Germany,Deluxe,False,2024-09-12,1,4.2
GUEST003304,John,Rossi,guest003304@email.com,Leisure,Netherlands,Standard,False,2023-03-15,8,4.0
GUEST003305,Yuki,Smith,guest003305@email.com,Solo Travel,UK,Family,True,2022-07-01,17,4.8
GUEST003306,Klaus,Johnson,guest003306@email.com,Business,Spain,Standard,False,2022-06-24,2,4.3
GUEST003307,John,Weber,guest003307@email.com,Business,USA,Deluxe,False,2022-12-27,1,4.1
GUEST003308,Emma,Weber,guest003308@email.com,Leisure,Spain,Deluxe,False,2022-01-02,7,3.8
GUEST003309,Emma,Garcia,guest003309@email.com,Leisure,UK,Standard,True,2023-04-29,3,4.5
GUEST003310,Maria,Smith,guest003310@email.com,Business,Spain,Standard,False,2024-04-18,1,4.5
GUEST003311,John,Weber,guest003311@email.com,Leisure,USA,Family,False,2023-11-28,4,4.9
GUEST003312,Klaus,Garcia,guest003312@email.com,Family,Italy,Penthouse,False,2023-06-22,2,4.3
GUEST003313,Marco,Mueller,guest003313@email.com,Leisure,France,Family,False,2024-02-13,1,4.2
GUEST003314,Ahmed,Johnson,guest003314@email.com,Solo Travel,Belgium,Family,False,2022-04-13,2,4.1
GUEST003315,Klaus,Schmidt,guest003315@email.com,Leisure,Spain,Penthouse,True,2023-04-09,4,4.4
GUEST003316,Emma,Schmidt,guest003316@email.com,Couple,Netherlands,Standard,False,2023-07-13,6,2.9
GUEST003317,Klaus,Rossi,guest003317@email.com,Leisure,Italy,Deluxe,False,2022-09-17,1,4.1
GUEST003318,Yuki,Rossi,guest003318@email.com,Family,Belgium,Penthouse,False,2022-01-14,1,4.9
GUEST003319,Yuki,Brown,guest003319@email.com,Couple,Greece,Standard,False,2023-12-29,8,3.7
GUEST003320,Yuki,Martin,guest003320@email.com,Business,USA,Suite,False,2024-03-04,1,4.5
GUEST003321,Lucia,Rossi,guest003321@email.com,Couple,China,Deluxe,False,2022-04-26,6,4.1
GUEST003322,Klaus,Martin,guest003322@email.com,Leisure,France,Penthouse,True,2024-01-16,3,4.5
GUEST003323,John,Mueller,guest003323@email.com,Couple,Netherlands,Standard,True,2023-02-25,5,4.6
GUEST003324,Sophie,Mueller,guest003324@email.com,Leisure,USA,Penthouse,False,2023-01-01,3,4.1
GUEST003325,Emma,Smith,guest003325@email.com,Couple,Belgium,Family,False,2022-09-08,2,3.6
GUEST003326,Lucia,Zhang,guest003326@email.com,Business,Belgium,Deluxe,False,2023-01-04,1,3.5
GUEST003327,Sophie,Johnson,guest003327@email.com,Business,China,Suite,False,2022-07-18,2,4.5
GUEST003328,Francesca,Johnson,guest003328@email.com,Couple,UK,Penthouse,True,2024-09-15,3,4.5
GUEST003329,Klaus,Martin,guest003329@email.com,Business,UK,Standard,True,2024-07-09,1,4.1
GUEST003330,Emma,Martin,guest003330@email.com,Leisure,Italy,Standard,False,2022-06-29,3,4.0
GUEST003331,Klaus,Schmidt,guest003331@email.com,Leisure,Greece,Family,True,2024-06-28,6,4.0
GUEST003332,Yuki,Zhang,guest003332@email.com,Business,Netherlands,Penthouse,True,2023-08-27,1,3.7
GUEST003333,Francesca,Brown,guest003333@email.com,Leisure,France,Family,False,2022-11-13,1,4.8
GUEST003334,Sophie,Smith,guest003334@email.com,Leisure,Greece,Deluxe,False,2023-08-17,2,5.0
GUEST003335,Marco,Schmidt,guest003335@email.com,Solo Travel,China,Family,False,2024-05-04,4,3.5
GUEST003336,Lucia,Johnson,guest003336@email.com,Family,Belgium,Suite,True,2023-03-20,2,3.8
GUEST003337,Emma,Weber,guest003337@email.com,Couple,USA,Penthouse,False,2024-09-18,11,5.0
GUEST003338,Yuki,Brown,guest003338@email.com,Leisure,Italy,Penthouse,False,2022-04-23,2,3.3
GUEST003339,John,Rossi,guest003339@email.com,Leisure,UK,Penthouse,False,2024-08-07,1,4.6
GUEST003340,Ahmed,Rossi,guest003340@email.com,Business,China,Family,False,2023-11-29,3,3.5
GUEST003341,Ahmed,Martin,guest003341@email.com,Leisure,Netherlands,Family,False,2024-09-16,3,4.3
GUEST003342,Klaus,Weber,guest003342@email.com,Business,France,Standard,False,2023-07-26,2,4.1
GUEST003343,Ahmed,Brown,guest003343@email.com,Leisure,China,Penthouse,False,2023-05-14,5,4.3
GUEST003344,Klaus,Johnson,guest003344@email.com,Solo Travel,Italy,Deluxe,False,2024-03-29,6,4.4
GUEST003345,Klaus,Smith,guest003345@email.com,Business,Belgium,Standard,False,2023-04-10,3,4.3
GUEST003346,John,Garcia,guest003346@email.com,Solo Travel,France,Family,False,2022-10-17,2,3.6
GUEST003347,Lucia,Johnson,guest003347@email.com,Business,France,Deluxe,False,2022-02-24,2,4.4
GUEST003348,Emma,Brown,guest003348@email.com,Business,Italy,Penthouse,True,2022-01-06,3,4.7
GUEST003349,Francesca,Schmidt,guest003349@email.com,Business,USA,Standard,False,2023-11-08,2,4.4
GUEST003350,John,Smith,guest003350@email.com,Couple,Italy,Deluxe,False,2022-09-15,4,4.3
GUEST003351,Ahmed,Schmidt,guest003351@email.com,Business,UK,Suite,False,2024-06-18,1,4.5
GUEST003352,Klaus,Martin,guest003352@email.com,Leisure,Belgium,Family,False,2023-11-13,1,4.9
GUEST003353,Marco,Mueller,guest003353@email.com,Solo Travel,USA,Deluxe,False,2024-09-03,1,4.6
GUEST003354,Maria,Brown,guest003354@email.com,Business,Greece,Family,False,2022-05-27,2,4.5
GUEST003355,Sophie,Zhang,guest003355@email.com,Couple,China,Standard,False,2023-08-23,1,3.7
GUEST003356,Maria,Brown,guest003356@email.com,Family,Netherlands,Family,False,2022-08-13,2,4.0
GUEST003357,John,Rossi,guest003357@email.com,Business,Netherlands,Family,True,2024-08-13,7,5.0
GUEST003358,Yuki,Garcia,guest003358@email.com,Leisure,Germany,Penthouse,True,2024-04-11,6,4.3
GUEST003359,Francesca,Zhang,guest003359@email.com,Business,Netherlands,Suite,False,2023-02-13,2,4.8
GUEST003360,Maria,Brown,guest003360@email.com,Couple,USA,Penthouse,False,2024-07-31,3,3.6
GUEST003361,Klaus,Weber,guest003361@email.com,Business,USA,Standard,False,2022-11-15,3,3.7
GUEST003362,Ahmed,Weber,guest003362@email.com,Family,Germany,Penthouse,False,2023-03-23,2,5.0
GUEST003363,Yuki,Weber,guest003363@email.com,Solo Travel,Spain,Standard,False,2022-05-23,2,4.9
GUEST003364,Sophie,Brown,guest003364@email.com,Business,Greece,Suite,False,2022-05-19,3,4.8
GUEST003365,Francesca,Martin,guest003365@email.com,Family,Germany,Family,False,2022-07-24,1,4.4
GUEST003366,Klaus,Brown,guest003366@email.com,Leisure,Belgium,Standard,False,2022-03-29,1,4.1
GUEST003367,Klaus,Weber,guest003367@email.com,Solo Travel,Belgium,Suite,False,2024-08-07,6,3.7
GUEST003368,Emma,Martin,guest003368@email.com,Solo Travel,Greece,Standard,True,2022-07-07,6,4.5
GUEST003369,Francesca,Zhang,guest003369@email.com,Business,Italy,Penthouse,False,2022-04-09,4,4.5
GUEST003370,Ahmed,Martin,guest003370@email.com,Leisure,UK,Suite,False,2023-03-29,15,4.8
GUEST003371,Yuki,Martin,guest003371@email.com,Family,Netherlands,Standard,False,2024-08-15,4,4.4
GUEST003372,Yuki,Rossi,guest003372@email.com,Business,China,Family,False,2022-12-29,1,5.0
GUEST003373,Francesca,Rossi,guest003373@email.com,Leisure,France,Deluxe,False,2023-03-07,2,4.7
GUEST003374,Francesca,Rossi,guest003374@email.com,Solo Travel,Belgium,Penthouse,False,2022-01-29,3,3.6
GUEST003375,Marco,Smith,guest003375@email.com,Couple,Greece,Suite,True,2024-09-07,4,4.5
GUEST003376,Francesca,Johnson,guest003376@email.com,Couple,UK,Deluxe,False,2024-02-13,1,4.6
GUEST003377,Ahmed,Weber,guest003377@email.com,Business,Greece,Suite,False,2024-07-17,14,4.5
GUEST003378,Klaus,Garcia,guest003378@email.com,Leisure,Germany,Standard,True,2023-08-18,2,4.8
GUEST003379,Marco,Schmidt,guest003379@email.com,Business,Italy,Family,True,2022-05-11,11,4.6
GUEST003380,Lucia,Martin,guest003380@email.com,Solo Travel,Netherlands,Family,True,2024-07-10,7,4.1
GUEST003381,Lucia,Brown,guest003381@email.com,Business,Netherlands,Family,True,2022-02-24,4,5.0
GUEST003382,Francesca,Mueller,guest003382@email.com,Leisure,Belgium,Penthouse,False,2023-02-17,2,4.5
GUEST003383,John,Rossi,guest003383@email.com,Business,China,Family,False,2024-04-06,4,5.0
GUEST003384,Marco,Rossi,guest003384@email.com,Business,Germany,Family,True,2024-05-09,2,4.2
GUEST003385,John,Johnson,guest003385@email.com,Business,Greece,Family,False,2022-02-26,2,4.9
GUEST003386,Klaus,Johnson,guest003386@email.com,Leisure,France,Family,True,2022-12-08,1,4.0
GUEST003387,Lucia,Johnson,guest003387@email.com,Leisure,USA,Penthouse,True,2024-04-21,1,4.4
GUEST003388,Klaus,Weber,guest003388@email.com,Leisure,Germany,Standard,False,2023-05-09,2,3.7
GUEST003389,Yuki,Smith,guest003389@email.com,Leisure,Spain,Standard,False,2022-05-05,11,4.1
GUEST003390,Lucia,Martin,guest003390@email.com,Couple,Belgium,Penthouse,False,2024-01-28,6,3.8
GUEST003391,John,Garcia,guest003391@email.com,Business,UK,Family,True,2023-06-13,1,3.5
GUEST003392,Ahmed,Martin,guest003392@email.com,Couple,Spain,Standard,False,2024-01-29,13,4.2
GUEST003393,Emma,Mueller,guest003393@email.com,Solo Travel,China,Deluxe,True,2022-08-17,6,4.3
GUEST003394,Ahmed,Brown,guest003394@email.com,Family,Spain,Family,False,2023-10-06,11,3.7
GUEST003395,Klaus,Smith,guest003395@email.com,Business,Spain,Standard,False,2024-04-04,1,4.9
GUEST003396,Emma,Weber,guest003396@email.com,Leisure,France,Penthouse,True,2023-12-06,4,3.4
GUEST003397,Sophie,Johnson,guest003397@email.com,Family,Netherlands,Penthouse,True,2022-03-10,1,3.9
GUEST003398,John,Mueller,guest003398@email.com,Leisure,Netherlands,Penthouse,False,2023-09-11,3,4.3
GUEST003399,Maria,Martin,guest003399@email.com,Leisure,UK,Penthouse,False,2022-04-10,7,5.0
GUEST003400,Sophie,Garcia,guest003400@email.com,Family,Germany,Penthouse,True,2022-04-17,1,4.0
GUEST003401,Emma,Smith,guest003401@email.com,Couple,Italy,Suite,False,2024-05-02,1,3.9
GUEST003402,Marco,Rossi,guest003402@email.com,Leisure,Spain,Deluxe,False,2023-02-05,1,5.0
GUEST003403,John,Johnson,guest003403@email.com,Business,Belgium,Deluxe,False,2022-11-04,8,4.1
GUEST003404,Francesca,Rossi,guest003404@email.com,Couple,China,Standard,False,2022-07-08,5,3.6
GUEST003405,Sophie,Martin,guest003405@email.com,Couple,Netherlands,Suite,False,2022-09-24,5,4.5
GUEST003406,Lucia,Rossi,guest003406@email.com,Solo Travel,China,Suite,False,2024-05-29,4,3.8
GUEST003407,Lucia,Johnson,guest003407@email.com,Family,Germany,Family,False,2023-03-19,1,4.2
GUEST003408,Ahmed,Smith,guest003408@email.com,Leisure,Spain,Family,True,2022-07-09,3,3.5
GUEST003409,Ahmed,Garcia,guest003409@email.com,Leisure,Italy,Penthouse,True,2022-06-24,1,4.9
GUEST003410,Marco,Martin,guest003410@email.com,Family,Germany,Standard,False,2022-07-25,1,4.0
GUEST003411,Emma,Rossi,guest003411@email.com,Business,Italy,Penthouse,True,2022-10-24,3,4.0
GUEST003412,Klaus,Johnson,guest003412@email.com,Business,Germany,Deluxe,False,2024-09-09,9,3.2
GUEST003413,Lucia,Rossi,guest003413@email.com,Leisure,USA,Family,False,2023-01-12,9,4.6
GUEST003414,Klaus,Zhang,guest003414@email.com,Leisure,France,Family,True,2023-01-31,6,4.0
GUEST003415,Maria,Rossi,guest003415@email.com,Business,UK,Deluxe,False,2023-03-03,4,4.4
GUEST003416,Francesca,Mueller,guest003416@email.com,Couple,Spain,Penthouse,False,2022-01-29,3,4.2
GUEST003417,Klaus,Rossi,guest003417@email.com,Couple,Italy,Standard,False,2022-05-04,4,4.7
GUEST003418,Lucia,Zhang,guest003418@email.com,Leisure,UK,Standard,True,2022-01-12,2,4.3
GUEST003419,Lucia,Brown,guest003419@email.com,Couple,Spain,Deluxe,False,2022-02-04,4,4.4
GUEST003420,Lucia,Rossi,guest003420@email.com,Business,Belgium,Suite,False,2022-02-13,2,4.8
GUEST003421,Yuki,Mueller,guest003421@email.com,Leisure,Spain,Family,False,2023-04-25,4,3.7
GUEST003422,Emma,Brown,guest003422@email.com,Business,Belgium,Deluxe,False,2022-01-10,1,4.1
GUEST003423,Ahmed,Schmidt,guest003423@email.com,Family,Italy,Family,False,2023-05-28,1,3.8
GUEST003424,Marco,Garcia,guest003424@email.com,Couple,Italy,Standard,True,2022-12-24,2,3.4
GUEST003425,Marco,Zhang,guest003425@email.com,Leisure,Italy,Penthouse,False,2023-06-10,1,4.0
GUEST003426,Maria,Mueller,guest003426@email.com,Couple,China,Suite,True,2023-11-03,3,4.0
GUEST003427,Ahmed,Schmidt,guest003427@email.com,Business,Italy,Standard,False,2023-11-03,1,4.4
GUEST003428,Lucia,Schmidt,guest003428@email.com,Business,Germany,Penthouse,False,2023-04-16,2,4.2
GUEST003429,Ahmed,Brown,guest003429@email.com,Family,UK,Penthouse,True,2024-03-14,4,4.4
GUEST003430,Klaus,Zhang,guest003430@email.com,Business,USA,Penthouse,True,2022-03-11,2,5.0
GUEST003431,Emma,Zhang,guest003431@email.com,Solo Travel,Netherlands,Suite,True,2024-09-12,5,4.8
GUEST003432,Emma,Weber,guest003432@email.com,Couple,Netherlands,Standard,False,2023-11-06,7,4.4
GUEST003433,Ahmed,Weber,guest003433@email.com,Business,UK,Standard,True,2023-12-27,2,4.5
GUEST003434,Marco,Martin,guest003434@email.com,Leisure,UK,Standard,False,2022-09-23,1,5.0
GUEST003435,Ahmed,Schmidt,guest003435@email.com,Leisure,Spain,Standard,False,2023-08-26,1,4.1
GUEST003436,Lucia,Schmidt,guest003436@email.com,Business,USA,Family,True,2023-08-22,5,4.3
GUEST003437,Lucia,Zhang,guest003437@email.com,Solo Travel,Germany,Deluxe,False,2022-03-11,5,3.9
GUEST003438,John,Smith,guest003438@email.com,Couple,Belgium,Family,False,2024-05-22,11,4.0
GUEST003439,Ahmed,Garcia,guest003439@email.com,Leisure,France,Penthouse,False,2022-04-09,11,4.2
GUEST003440,Maria,Rossi,guest003440@email.com,Solo Travel,Italy,Family,True,2024-08-14,1,4.7
GUEST003441,Emma,Schmidt,guest003441@email.com,Solo Travel,USA,Standard,False,2024-02-18,1,3.7
GUEST003442,Sophie,Garcia,guest003442@email.com,Business,UK,Penthouse,False,2022-04-18,2,3.6
GUEST003443,Ahmed,Zhang,guest003443@email.com,Leisure,Greece,Family,False,2024-02-13,1,4.2
GUEST003444,Francesca,Johnson,guest003444@email.com,Couple,France,Family,True,2022-03-05,5,3.9
GUEST003445,Lucia,Brown,guest003445@email.com,Family,Italy,Penthouse,False,2022-04-28,1,4.3
GUEST003446,John,Johnson,guest003446@email.com,Leisure,Germany,Family,True,2023-03-29,2,4.7
GUEST003447,Yuki,Weber,guest003447@email.com,Leisure,China,Family,False,2023-10-09,4,4.3
GUEST003448,John,Mueller,guest003448@email.com,Couple,Belgium,Suite,False,2022-11-25,4,3.3
GUEST003449,Maria,Rossi,guest003449@email.com,Business,Spain,Family,False,2023-01-22,1,4.4
GUEST003450,Ahmed,Weber,guest003450@email.com,Couple,Germany,Suite,False,2023-07-24,1,4.9
GUEST003451,Sophie,Garcia,guest003451@email.com,Family,Netherlands,Penthouse,False,2022-09-16,3,3.5
GUEST003452,Emma,Rossi,guest003452@email.com,Leisure,Italy,Penthouse,False,2023-11-27,1,4.7
GUEST003453,Klaus,Garcia,guest003453@email.com,Leisure,USA,Penthouse,False,2022-07-26,10,3.7
GUEST003454,Ahmed,Zhang,guest003454@email.com,Leisure,China,Standard,True,2024-04-13,2,3.8
GUEST003455,Marco,Garcia,guest003455@email.com,Business,France,Standard,True,2022-03-30,3,3.9
GUEST003456,Lucia,Smith,guest003456@email.com,Leisure,UK,Deluxe,True,2023-10-07,5,4.5
GUEST003457,Maria,Garcia,guest003457@email.com,Leisure,Belgium,Family,False,2022-02-04,2,3.5
GUEST003458,Ahmed,Smith,guest003458@email.com,Leisure,Italy,Suite,False,2023-01-04,2,3.6
GUEST003459,Francesca,Weber,guest003459@email.com,Business,Italy,Standard,False,2023-07-14,7,3.9
GUEST003460,Maria,Schmidt,guest003460@email.com,Leisure,Belgium,Penthouse,False,2022-07-09,1,3.6
GUEST003461,Marco,Rossi,guest003461@email.com,Leisure,France,Penthouse,False,2022-07-14,1,3.8
GUEST003462,Sophie,Weber,guest003462@email.com,Solo Travel,Italy,Penthouse,False,2024-04-27,3,4.2
GUEST003463,Emma,Martin,guest003463@email.com,Leisure,France,Standard,True,2022-12-27,2,3.9
GUEST003464,Yuki,Weber,guest003464@email.com,Business,Belgium,Suite,False,2024-07-10,2,5.0
GUEST003465,Marco,Mueller,guest003465@email.com,Leisure,USA,Suite,False,2024-03-31,1,3.6
GUEST003466,Maria,Rossi,guest003466@email.com,Solo Travel,USA,Standard,False,2023-03-14,9,4.3
GUEST003467,Francesca,Johnson,guest003467@email.com,Family,USA,Standard,False,2023-08-06,4,4.7
GUEST003468,Maria,Mueller,guest003468@email.com,Leisure,Greece,Family,False,2024-03-12,7,4.6
GUEST003469,Marco,Brown,guest003469@email.com,Business,USA,Suite,True,2022-04-14,1,4.4
GUEST003470,Maria,Rossi,guest003470@email.com,Business,Spain,Deluxe,False,2022-08-25,1,4.6
GUEST003471,John,Weber,guest003471@email.com,Couple,China,Penthouse,True,2023-07-08,6,4.0
GUEST003472,Yuki,Smith,guest003472@email.com,Family,USA,Standard,True,2022-08-18,9,3.6
GUEST003473,Klaus,Brown,guest003473@email.com,Family,USA,Penthouse,False,2023-02-04,1,4.6
GUEST003474,Yuki,Johnson,guest003474@email.com,Business,China,Suite,False,2024-06-12,5,5.0
GUEST003475,Ahmed,Brown,guest003475@email.com,Couple,Netherlands,Penthouse,False,2022-03-18,1,4.3
GUEST003476,Marco,Weber,guest003476@email.com,Business,Greece,Suite,False,2022-09-05,3,4.7
GUEST003477,Marco,Weber,guest003477@email.com,Couple,Spain,Family,False,2023-05-28,7,4.2
GUEST003478,Klaus,Zhang,guest003478@email.com,Couple,Italy,Standard,False,2023-09-26,6,3.1
GUEST003479,John,Martin,guest003479@email.com,Couple,Germany,Penthouse,True,2023-12-16,7,4.3
GUEST003480,Maria,Weber,guest003480@email.com,Business,Netherlands,Family,False,2023-04-28,1,3.9
GUEST003481,Klaus,Smith,guest003481@email.com,Family,China,Suite,True,2022-02-03,2,3.5
GUEST003482,Yuki,Zhang,guest003482@email.com,Leisure,Germany,Deluxe,True,2022-09-25,12,4.5
GUEST003483,Sophie,Schmidt,guest003483@email.com,Family,France,Penthouse,False,2024-06-28,1,4.3
GUEST003484,John,Mueller,guest003484@email.com,Business,Germany,Family,False,2022-07-29,7,4.5
GUEST003485,Marco,Schmidt,guest003485@email.com,Business,Spain,Family,False,2024-08-04,3,5.0
GUEST003486,John,Garcia,guest003486@email.com,Leisure,Spain,Standard,False,2023-05-21,3,4.7
GUEST003487,Maria,Weber,guest003487@email.com,Family,Italy,Deluxe,True,2024-07-15,1,4.2
GUEST003488,Lucia,Smith,guest003488@email.com,Couple,Belgium,Penthouse,False,2022-12-21,1,4.8
GUEST003489,Maria,Zhang,guest003489@email.com,Family,Greece,Penthouse,True,2023-09-05,1,4.2
GUEST003490,Lucia,Johnson,guest003490@email.com,Business,China,Deluxe,False,2024-06-27,2,3.8
GUEST003491,Marco,Rossi,guest003491@email.com,Business,Belgium,Standard,False,2024-08-27,1,4.8
GUEST003492,Ahmed,Brown,guest003492@email.com,Leisure,China,Penthouse,True,2024-01-11,1,4.4
GUEST003493,John,Johnson,guest003493@email.com,Business,Netherlands,Standard,True,2022-02-06,7,3.5
GUEST003494,Emma,Martin,guest003494@email.com,Leisure,USA,Penthouse,False,2022-08-19,6,4.5
GUEST003495,Yuki,Zhang,guest003495@email.com,Business,France,Penthouse,False,2023-05-05,1,4.8
GUEST003496,Klaus,Garcia,guest003496@email.com,Business,Italy,Deluxe,False,2022-01-22,5,4.9
GUEST003497,John,Smith,guest003497@email.com,Business,Netherlands,Penthouse,False,2024-03-03,1,4.3
GUEST003498,Sophie,Martin,guest003498@email.com,Family,France,Standard,False,2023-09-15,1,4.8
GUEST003499,Francesca,Smith,guest003499@email.com,Leisure,France,Penthouse,False,2023-07-20,6,3.9
GUEST003500,Emma,Smith,guest003500@email.com,Business,France,Penthouse,False,2023-02-01,2,3.7
GUEST003501,Francesca,Mueller,guest003501@email.com,Solo Travel,China,Family,True,2023-03-17,2,4.7
GUEST003502,Francesca,Martin,guest003502@email.com,Leisure,China,Deluxe,False,2022-05-22,1,4.2
GUEST003503,Maria,Rossi,guest003503@email.com,Family,France,Standard,False,2022-05-01,5,4.2
GUEST003504,Lucia,Schmidt,guest003504@email.com,Leisure,UK,Family,False,2022-12-27,1,3.4
GUEST003505,Sophie,Schmidt,guest003505@email.com,Leisure,Spain,Suite,False,2023-03-24,2,5.0
GUEST003506,John,Garcia,guest003506@email.com,Leisure,Spain,Penthouse,False,2022-08-26,13,4.8
GUEST003507,Maria,Weber,guest003507@email.com,Leisure,Spain,Family,True,2022-01-11,2,4.7
GUEST003508,Sophie,Zhang,guest003508@email.com,Business,France,Penthouse,False,2024-02-05,2,3.4
GUEST003509,Marco,Weber,guest003509@email.com,Family,Netherlands,Penthouse,False,2022-02-16,3,4.0
GUEST003510,John,Garcia,guest003510@email.com,Business,France,Standard,True,2024-04-12,3,3.3
GUEST003511,John,Johnson,guest003511@email.com,Couple,Belgium,Deluxe,True,2022-02-28,1,4.2
GUEST003512,Ahmed,Rossi,guest003512@email.com,Leisure,Italy,Suite,False,2022-07-04,3,4.2
GUEST003513,Klaus,Smith,guest003513@email.com,Leisure,Italy,Family,False,2022-11-18,18,4.0
GUEST003514,Yuki,Weber,guest003514@email.com,Leisure,China,Standard,False,2023-11-02,4,4.9
GUEST003515,Sophie,Brown,guest003515@email.com,Leisure,USA,Penthouse,False,2022-05-13,13,3.5
GUEST003516,Lucia,Zhang,guest003516@email.com,Business,Italy,Penthouse,False,2023-05-06,1,4.2
GUEST003517,Maria,Johnson,guest003517@email.com,Family,France,Standard,False,2022-03-20,3,4.0
GUEST003518,Klaus,Martin,guest003518@email.com,Couple,Greece,Suite,False,2022-07-30,2,4.5
GUEST003519,Emma,Schmidt,guest003519@email.com,Leisure,France,Penthouse,True,2024-07-08,8,3.8
GUEST003520,Sophie,Rossi,guest003520@email.com,Leisure,Germany,Standard,True,2024-01-01,1,5.0
GUEST003521,Klaus,Schmidt,guest003521@email.com,Business,France,Suite,True,2024-03-09,1,4.1
GUEST003522,Marco,Brown,guest003522@email.com,Family,Germany,Family,True,2024-06-08,1,4.2
GUEST003523,Sophie,Martin,guest003523@email.com,Family,Netherlands,Penthouse,True,2024-07-03,2,5.0
GUEST003524,Klaus,Schmidt,guest003524@email.com,Family,France,Family,False,2023-12-16,2,4.4
GUEST003525,Marco,Martin,guest003525@email.com,Leisure,Italy,Suite,False,2022-04-17,1,4.4
GUEST003526,John,Schmidt,guest003526@email.com,Couple,China,Penthouse,False,2024-07-11,2,5.0
GUEST003527,Francesca,Weber,guest003527@email.com,Leisure,Spain,Penthouse,False,2023-05-13,2,4.0
GUEST003528,Klaus,Johnson,guest003528@email.com,Leisure,USA,Suite,False,2022-07-28,2,4.3
GUEST003529,Ahmed,Martin,guest003529@email.com,Family,UK,Suite,False,2022-08-25,3,4.4
GUEST003530,Klaus,Martin,guest003530@email.com,Family,Belgium,Penthouse,True,2022-08-04,8,3.8
GUEST003531,Maria,Schmidt,guest003531@email.com,Leisure,USA,Family,False,2024-01-13,2,4.6
GUEST003532,Ahmed,Smith,guest003532@email.com,Couple,USA,Suite,False,2022-08-29,1,3.7
GUEST003533,Emma,Rossi,guest003533@email.com,Family,Greece,Family,False,2024-09-02,5,4.2
GUEST003534,Maria,Smith,guest003534@email.com,Leisure,Greece,Family,False,2023-05-26,4,4.0
GUEST003535,John,Brown,guest003535@email.com,Couple,USA,Suite,True,2022-10-12,3,3.3
GUEST003536,Lucia,Zhang,guest003536@email.com,Couple,USA,Deluxe,False,2022-11-04,10,4.8
GUEST003537,Maria,Smith,guest003537@email.com,Business,Belgium,Family,True,2022-10-13,6,5.0
GUEST003538,Lucia,Zhang,guest003538@email.com,Family,Germany,Family,True,2023-05-23,2,3.9
GUEST003539,John,Zhang,guest003539@email.com,Couple,USA,Penthouse,True,2023-01-29,2,3.9
GUEST003540,Emma,Smith,guest003540@email.com,Leisure,Germany,Standard,False,2022-08-18,3,4.1
GUEST003541,Sophie,Zhang,guest003541@email.com,Couple,Italy,Penthouse,False,2022-07-08,1,4.1
GUEST003542,Francesca,Martin,guest003542@email.com,Business,Italy,Standard,True,2022-02-23,1,4.3
GUEST003543,Klaus,Smith,guest003543@email.com,Leisure,China,Penthouse,False,2023-07-09,1,4.5
GUEST003544,Yuki,Smith,guest003544@email.com,Business,Germany,Family,True,2024-07-20,4,4.4
GUEST003545,Lucia,Schmidt,guest003545@email.com,Leisure,Greece,Family,True,2024-08-02,2,4.1
GUEST003546,Klaus,Weber,guest003546@email.com,Business,UK,Standard,False,2022-08-10,3,4.5
GUEST003547,John,Schmidt,guest003547@email.com,Business,Germany,Deluxe,True,2024-01-14,1,5.0
GUEST003548,Lucia,Zhang,guest003548@email.com,Solo Travel,Germany,Penthouse,False,2024-06-05,2,4.5
GUEST003549,Francesca,Smith,guest003549@email.com,Couple,Belgium,Deluxe,False,2024-04-06,1,4.4
GUEST003550,Maria,Martin,guest003550@email.com,Solo Travel,Netherlands,Standard,True,2023-02-02,10,4.2
GUEST003551,Klaus,Martin,guest003551@email.com,Business,Italy,Family,True,2023-04-20,3,4.2
GUEST003552,Francesca,Weber,guest003552@email.com,Leisure,Italy,Standard,False,2024-01-07,7,5.0
GUEST003553,Lucia,Martin,guest003553@email.com,Couple,Italy,Family,True,2022-09-24,6,4.4
GUEST003554,Ahmed,Zhang,guest003554@email.com,Leisure,China,Suite,False,2023-04-24,1,3.6
GUEST003555,Sophie,Mueller,guest003555@email.com,Leisure,France,Suite,False,2024-07-18,2,4.6
GUEST003556,John,Brown,guest003556@email.com,Leisure,Italy,Family,False,2024-03-29,4,4.3
GUEST003557,Klaus,Johnson,guest003557@email.com,Leisure,Belgium,Penthouse,False,2022-09-13,5,4.5
GUEST003558,Marco,Brown,guest003558@email.com,Leisure,Belgium,Standard,False,2022-12-12,5,4.2
GUEST003559,Lucia,Zhang,guest003559@email.com,Leisure,Belgium,Suite,False,2022-02-09,5,5.0
GUEST003560,Lucia,Brown,guest003560@email.com,Solo Travel,Greece,Deluxe,False,2023-01-06,1,4.6
GUEST003561,Klaus,Brown,guest003561@email.com,Leisure,Germany,Penthouse,False,2024-03-12,4,5.0
GUEST003562,Lucia,Smith,guest003562@email.com,Business,Spain,Family,True,2022-05-08,7,3.9
GUEST003563,Klaus,Weber,guest003563@email.com,Business,France,Standard,True,2023-11-08,2,4.5
GUEST003564,Yuki,Brown,guest003564@email.com,Leisure,Netherlands,Family,False,2024-05-17,1,3.8
GUEST003565,Ahmed,Rossi,guest003565@email.com,Couple,Greece,Family,True,2023-04-19,8,5.0
GUEST003566,John,Rossi,guest003566@email.com,Business,UK,Standard,True,2022-01-10,3,4.0
GUEST003567,Emma,Smith,guest003567@email.com,Solo Travel,Germany,Penthouse,False,2024-09-16,2,4.8
GUEST003568,Yuki,Rossi,guest003568@email.com,Leisure,France,Family,False,2023-10-16,1,4.1
GUEST003569,Marco,Garcia,guest003569@email.com,Leisure,Greece,Suite,False,2023-02-23,1,4.6
GUEST003570,John,Weber,guest003570@email.com,Solo Travel,Greece,Standard,True,2024-08-19,2,4.2
GUEST003571,Maria,Brown,guest003571@email.com,Couple,UK,Penthouse,False,2024-07-07,1,3.2
GUEST003572,Lucia,Martin,guest003572@email.com,Leisure,Italy,Standard,False,2022-11-18,7,4.7
GUEST003573,Maria,Rossi,guest003573@email.com,Family,USA,Penthouse,False,2022-07-04,3,4.6
GUEST003574,Klaus,Brown,guest003574@email.com,Solo Travel,Germany,Deluxe,True,2022-09-23,6,4.1
GUEST003575,Emma,Mueller,guest003575@email.com,Leisure,Spain,Standard,True,2022-08-21,1,3.6
GUEST003576,Ahmed,Mueller,guest003576@email.com,Business,France,Suite,False,2024-06-11,6,4.3
GUEST003577,Lucia,Smith,guest003577@email.com,Business,Belgium,Suite,False,2022-08-27,2,4.1
GUEST003578,Maria,Smith,guest003578@email.com,Business,Netherlands,Suite,False,2022-07-08,2,4.7
GUEST003579,Marco,Rossi,guest003579@email.com,Business,Italy,Suite,False,2023-08-17,4,4.3
GUEST003580,Yuki,Smith,guest003580@email.com,Leisure,France,Penthouse,False,2023-07-21,10,3.8
GUEST003581,Sophie,Smith,guest003581@email.com,Business,USA,Suite,True,2024-09-01,1,4.0
GUEST003582,Klaus,Brown,guest003582@email.com,Solo Travel,Germany,Standard,False,2022-01-17,3,4.1
GUEST003583,Yuki,Martin,guest003583@email.com,Business,UK,Penthouse,False,2024-01-06,8,4.6
GUEST003584,John,Weber,guest003584@email.com,Couple,UK,Standard,True,2022-08-29,3,5.0
GUEST003585,Yuki,Johnson,guest003585@email.com,Family,Germany,Deluxe,True,2022-03-21,8,4.7
GUEST003586,Marco,Rossi,guest003586@email.com,Couple,China,Standard,False,2022-04-26,4,3.9
GUEST003587,Marco,Johnson,guest003587@email.com,Solo Travel,Italy,Penthouse,False,2022-08-31,4,3.8
GUEST003588,Sophie,Schmidt,guest003588@email.com,Business,Netherlands,Deluxe,True,2023-08-08,1,3.9
GUEST003589,Yuki,Zhang,guest003589@email.com,Leisure,Greece,Standard,True,2022-03-15,1,4.4
GUEST003590,Francesca,Brown,guest003590@email.com,Business,UK,Family,True,2022-05-27,3,4.7
GUEST003591,John,Schmidt,guest003591@email.com,Leisure,USA,Family,False,2023-09-14,2,3.8
GUEST003592,Yuki,Schmidt,guest003592@email.com,Solo Travel,Belgium,Deluxe,False,2024-09-25,3,2.9
GUEST003593,Francesca,Schmidt,guest003593@email.com,Leisure,Belgium,Suite,True,2023-04-27,7,3.5
GUEST003594,Klaus,Weber,guest003594@email.com,Leisure,Spain,Suite,True,2022-02-01,4,4.0
GUEST003595,Ahmed,Schmidt,guest003595@email.com,Couple,USA,Family,True,2022-02-15,5,4.6
GUEST003596,Klaus,Mueller,guest003596@email.com,Leisure,Germany,Standard,False,2024-07-22,2,3.9
GUEST003597,Lucia,Smith,guest003597@email.com,Solo Travel,France,Family,False,2022-04-19,6,4.3
GUEST003598,Lucia,Garcia,guest003598@email.com,Family,Spain,Penthouse,True,2024-04-07,5,4.0
GUEST003599,Yuki,Martin,guest003599@email.com,Leisure,Greece,Penthouse,False,2024-01-03,3,4.4
GUEST003600,Marco,Weber,guest003600@email.com,Family,Greece,Family,False,2023-12-31,2,5.0
GUEST003601,Yuki,Garcia,guest003601@email.com,Solo Travel,Spain,Deluxe,False,2023-01-23,9,3.3
GUEST003602,Lucia,Smith,guest003602@email.com,Solo Travel,Spain,Penthouse,False,2023-11-04,2,4.5
GUEST003603,Ahmed,Zhang,guest003603@email.com,Couple,Netherlands,Penthouse,False,2024-02-20,6,4.6
GUEST003604,Maria,Johnson,guest003604@email.com,Leisure,France,Family,True,2024-09-08,8,4.4
GUEST003605,Sophie,Weber,guest003605@email.com,Family,UK,Suite,False,2023-05-31,4,4.4
GUEST003606,Lucia,Martin,guest003606@email.com,Leisure,UK,Suite,False,2024-01-22,1,4.0
GUEST003607,Francesca,Martin,guest003607@email.com,Family,Italy,Suite,True,2024-01-21,12,3.8
GUEST003608,Maria,Martin,guest003608@email.com,Family,Spain,Penthouse,False,2024-03-28,13,5.0
GUEST003609,John,Weber,guest003609@email.com,Business,Netherlands,Penthouse,False,2023-04-29,4,4.1
GUEST003610,Marco,Martin,guest003610@email.com,Solo Travel,UK,Deluxe,False,2023-03-28,1,3.5
GUEST003611,Yuki,Brown,guest003611@email.com,Business,France,Penthouse,False,2022-07-19,1,3.8
GUEST003612,Lucia,Brown,guest003612@email.com,Solo Travel,China,Penthouse,False,2024-07-21,7,3.3
GUEST003613,Sophie,Schmidt,guest003613@email.com,Business,Germany,Deluxe,False,2022-09-06,4,4.5
GUEST003614,Yuki,Garcia,guest003614@email.com,Leisure,China,Family,True,2023-04-12,2,3.4
GUEST003615,Yuki,Johnson,guest003615@email.com,Leisure,USA,Standard,False,2023-12-11,7,4.3
GUEST003616,Sophie,Rossi,guest003616@email.com,Business,China,Deluxe,False,2024-01-21,3,4.4
GUEST003617,Francesca,Schmidt,guest003617@email.com,Leisure,Belgium,Deluxe,False,2022-03-23,1,4.4
GUEST003618,Yuki,Martin,guest003618@email.com,Business,Italy,Standard,False,2023-06-02,3,3.8
GUEST003619,Maria,Schmidt,guest003619@email.com,Business,USA,Penthouse,True,2023-11-01,1,4.9
GUEST003620,Emma,Weber,guest003620@email.com,Family,UK,Penthouse,True,2022-08-24,1,3.7
GUEST003621,Emma,Zhang,guest003621@email.com,Solo Travel,Belgium,Suite,False,2022-08-24,1,4.5
GUEST003622,Lucia,Mueller,guest003622@email.com,Business,UK,Family,True,2024-08-05,1,3.7
GUEST003623,Marco,Garcia,guest003623@email.com,Leisure,China,Family,False,2024-03-06,1,4.2
GUEST003624,Francesca,Weber,guest003624@email.com,Business,UK,Standard,False,2023-11-13,1,4.2
GUEST003625,Ahmed,Weber,guest003625@email.com,Leisure,USA,Suite,False,2022-09-24,4,4.2
GUEST003626,Klaus,Schmidt,guest003626@email.com,Solo Travel,Germany,Suite,True,2022-11-18,16,5.0
GUEST003627,Maria,Johnson,guest003627@email.com,Family,France,Suite,False,2023-02-23,1,4.3
GUEST003628,Francesca,Martin,guest003628@email.com,Business,Belgium,Penthouse,False,2022-06-01,3,4.5
GUEST003629,Lucia,Rossi,guest003629@email.com,Leisure,UK,Deluxe,False,2023-10-10,3,4.6
GUEST003630,Sophie,Mueller,guest003630@email.com,Family,USA,Standard,False,2024-06-16,8,4.0
GUEST003631,Emma,Smith,guest003631@email.com,Business,Italy,Standard,False,2022-06-20,12,3.8
GUEST003632,Maria,Zhang,guest003632@email.com,Leisure,Netherlands,Suite,False,2022-09-27,2,4.7
GUEST003633,Marco,Rossi,guest003633@email.com,Family,Spain,Standard,False,2024-01-31,1,4.6
GUEST003634,Maria,Mueller,guest003634@email.com,Business,USA,Deluxe,False,2024-06-09,11,3.5
GUEST003635,John,Zhang,guest003635@email.com,Leisure,USA,Family,False,2022-01-25,4,5.0
GUEST003636,Ahmed,Johnson,guest003636@email.com,Couple,Belgium,Penthouse,False,2022-05-16,2,4.1
GUEST003637,Marco,Martin,guest003637@email.com,Couple,Spain,Deluxe,False,2024-07-29,3,3.9
GUEST003638,Francesca,Zhang,guest003638@email.com,Leisure,France,Penthouse,False,2022-12-29,5,4.6
GUEST003639,Ahmed,Zhang,guest003639@email.com,Leisure,Italy,Penthouse,False,2023-12-15,12,4.1
GUEST003640,Marco,Garcia,guest003640@email.com,Leisure,Italy,Standard,True,2023-12-31,7,4.4
GUEST003641,Klaus,Johnson,guest003641@email.com,Leisure,UK,Standard,False,2022-12-11,5,3.9
GUEST003642,Yuki,Weber,guest003642@email.com,Leisure,Netherlands,Deluxe,False,2023-09-16,6,3.7
GUEST003643,Lucia,Johnson,guest003643@email.com,Leisure,Spain,Deluxe,False,2024-01-10,1,4.1
GUEST003644,John,Johnson,guest003644@email.com,Business,Italy,Standard,False,2024-01-27,1,5.0
GUEST003645,Yuki,Rossi,guest003645@email.com,Family,France,Standard,False,2024-07-21,5,4.4
GUEST003646,Francesca,Rossi,guest003646@email.com,Solo Travel,Netherlands,Deluxe,False,2024-01-29,5,3.6
GUEST003647,Francesca,Brown,guest003647@email.com,Leisure,Belgium,Suite,False,2024-02-15,1,4.0
GUEST003648,Emma,Mueller,guest003648@email.com,Leisure,Belgium,Standard,False,2024-01-22,4,4.4
GUEST003649,Ahmed,Weber,guest003649@email.com,Leisure,USA,Suite,False,2024-07-27,2,4.9
GUEST003650,Marco,Johnson,guest003650@email.com,Solo Travel,UK,Deluxe,False,2022-06-05,3,4.3
GUEST003651,John,Weber,guest003651@email.com,Leisure,USA,Family,False,2023-08-31,4,5.0
GUEST003652,Yuki,Rossi,guest003652@email.com,Business,France,Family,True,2023-01-24,5,4.4
GUEST003653,Yuki,Rossi,guest003653@email.com,Family,UK,Penthouse,True,2022-06-30,2,4.8
GUEST003654,Marco,Weber,guest003654@email.com,Leisure,Germany,Family,False,2022-10-14,2,3.7
GUEST003655,Maria,Garcia,guest003655@email.com,Leisure,Spain,Deluxe,False,2022-11-01,1,4.4
GUEST003656,Emma,Schmidt,guest003656@email.com,Couple,China,Deluxe,True,2022-02-19,2,3.9
GUEST003657,Lucia,Martin,guest003657@email.com,Couple,Greece,Deluxe,True,2024-07-07,11,3.9
GUEST003658,Marco,Weber,guest003658@email.com,Leisure,Greece,Family,False,2023-06-05,3,3.9
GUEST003659,Francesca,Brown,guest003659@email.com,Solo Travel,Greece,Penthouse,False,2022-11-27,3,4.2
GUEST003660,Francesca,Schmidt,guest003660@email.com,Family,Netherlands,Penthouse,False,2024-02-15,2,3.5
GUEST003661,Ahmed,Mueller,guest003661@email.com,Couple,Spain,Family,False,2022-02-12,2,3.6
GUEST003662,Sophie,Zhang,guest003662@email.com,Business,Greece,Suite,True,2023-06-16,4,4.4
GUEST003663,Klaus,Weber,guest003663@email.com,Leisure,France,Suite,False,2024-06-19,5,4.0
GUEST003664,Lucia,Schmidt,guest003664@email.com,Business,Greece,Suite,False,2022-04-12,1,3.8
GUEST003665,Yuki,Brown,guest003665@email.com,Business,UK,Standard,False,2022-06-19,3,4.4
GUEST003666,Maria,Brown,guest003666@email.com,Solo Travel,Greece,Deluxe,False,2022-10-08,1,4.2
GUEST003667,Emma,Rossi,guest003667@email.com,Leisure,UK,Suite,True,2022-08-18,2,4.1
GUEST003668,Ahmed,Brown,guest003668@email.com,Solo Travel,UK,Family,True,2024-08-19,3,3.7
GUEST003669,Klaus,Weber,guest003669@email.com,Couple,China,Deluxe,True,2024-02-11,8,4.6
GUEST003670,Maria,Garcia,guest003670@email.com,Leisure,USA,Suite,False,2023-11-14,1,4.6
GUEST003671,Klaus,Mueller,guest003671@email.com,Family,Greece,Family,False,2022-04-09,2,4.4
GUEST003672,Sophie,Martin,guest003672@email.com,Leisure,Germany,Suite,False,2024-05-08,4,4.5
GUEST003673,Marco,Mueller,guest003673@email.com,Leisure,Netherlands,Standard,False,2022-01-29,1,3.2
GUEST003674,Lucia,Smith,guest003674@email.com,Couple,Netherlands,Suite,False,2024-09-09,8,4.9
GUEST003675,Marco,Martin,guest003675@email.com,Business,Belgium,Suite,False,2024-03-29,3,5.0
GUEST003676,Sophie,Smith,guest003676@email.com,Leisure,Italy,Family,True,2023-05-16,5,5.0
GUEST003677,John,Schmidt,guest003677@email.com,Leisure,China,Suite,False,2022-07-28,1,4.1
GUEST003678,Klaus,Weber,guest003678@email.com,Leisure,China,Standard,False,2023-03-13,3,4.1
GUEST003679,Emma,Martin,guest003679@email.com,Leisure,France,Family,False,2022-05-10,4,4.0
GUEST003680,Emma,Brown,guest003680@email.com,Business,Italy,Suite,False,2024-07-29,4,4.7
GUEST003681,Maria,Johnson,guest003681@email.com,Couple,France,Penthouse,False,2023-04-01,4,3.5
GUEST003682,Francesca,Rossi,guest003682@email.com,Couple,Spain,Standard,False,2022-09-27,2,4.2
GUEST003683,Maria,Mueller,guest003683@email.com,Leisure,China,Penthouse,False,2022-10-13,1,4.4
GUEST003684,Maria,Schmidt,guest003684@email.com,Solo Travel,Italy,Family,False,2024-04-02,5,4.1
GUEST003685,Maria,Garcia,guest003685@email.com,Solo Travel,Netherlands,Standard,False,2024-01-15,1,4.9
GUEST003686,Maria,Schmidt,guest003686@email.com,Solo Travel,Germany,Standard,False,2022-06-10,9,4.6
GUEST003687,Marco,Schmidt,guest003687@email.com,Leisure,China,Deluxe,False,2022-10-10,10,4.2
GUEST003688,Emma,Martin,guest003688@email.com,Couple,France,Deluxe,False,2023-11-20,4,4.0
GUEST003689,Maria,Schmidt,guest003689@email.com,Leisure,Netherlands,Family,True,2024-07-02,1,3.7
GUEST003690,John,Zhang,guest003690@email.com,Family,China,Standard,False,2022-04-13,1,3.8
GUEST003691,Marco,Schmidt,guest003691@email.com,Business,Greece,Family,False,2022-07-14,1,4.5
GUEST003692,Marco,Smith,guest003692@email.com,Family,France,Deluxe,False,2024-08-29,6,3.7
GUEST003693,John,Garcia,guest003693@email.com,Leisure,Italy,Penthouse,False,2022-05-21,1,3.9
GUEST003694,Lucia,Zhang,guest003694@email.com,Leisure,France,Suite,True,2024-06-12,2,4.2
GUEST003695,Sophie,Garcia,guest003695@email.com,Leisure,USA,Penthouse,False,2022-09-29,1,5.0
GUEST003696,Emma,Mueller,guest003696@email.com,Business,Spain,Standard,True,2023-05-12,9,3.6
GUEST003697,Ahmed,Rossi,guest003697@email.com,Family,Greece,Standard,False,2022-10-17,5,3.4
GUEST003698,Ahmed,Garcia,guest003698@email.com,Family,China,Penthouse,False,2023-10-13,1,3.5
GUEST003699,Maria,Martin,guest003699@email.com,Business,Netherlands,Suite,True,2024-05-27,11,4.4
GUEST003700,Sophie,Smith,guest003700@email.com,Couple,China,Suite,False,2023-03-21,1,4.7
GUEST003701,Maria,Rossi,guest003701@email.com,Leisure,China,Penthouse,True,2023-07-26,1,4.7
GUEST003702,Lucia,Garcia,guest003702@email.com,Business,Netherlands,Penthouse,False,2023-12-29,3,3.9
GUEST003703,Ahmed,Smith,guest003703@email.com,Business,Germany,Penthouse,False,2023-03-05,2,4.3
GUEST003704,Klaus,Weber,guest003704@email.com,Couple,Spain,Suite,True,2023-01-25,2,3.7
GUEST003705,Lucia,Garcia,guest003705@email.com,Family,Germany,Penthouse,False,2023-10-16,1,4.1
GUEST003706,Yuki,Rossi,guest003706@email.com,Leisure,Germany,Deluxe,True,2023-06-28,1,3.2
GUEST003707,Ahmed,Brown,guest003707@email.com,Couple,China,Suite,True,2024-05-10,2,3.7
GUEST003708,Sophie,Brown,guest003708@email.com,Couple,Netherlands,Suite,False,2023-11-16,2,4.6
GUEST003709,Emma,Rossi,guest003709@email.com,Business,China,Penthouse,True,2024-03-26,4,4.5
GUEST003710,Francesca,Weber,guest003710@email.com,Leisure,France,Penthouse,False,2023-01-01,6,3.9
GUEST003711,Marco,Rossi,guest003711@email.com,Leisure,France,Deluxe,False,2022-10-30,4,4.4
GUEST003712,Maria,Garcia,guest003712@email.com,Solo Travel,China,Family,False,2022-04-26,6,4.2
GUEST003713,Klaus,Zhang,guest003713@email.com,Couple,Netherlands,Family,True,2024-09-19,3,3.3
GUEST003714,Emma,Schmidt,guest003714@email.com,Couple,Netherlands,Deluxe,False,2022-09-11,1,4.2
GUEST003715,Francesca,Johnson,guest003715@email.com,Couple,UK,Deluxe,False,2022-06-30,2,3.7
GUEST003716,Emma,Schmidt,guest003716@email.com,Couple,Netherlands,Family,False,2023-11-08,1,4.6
GUEST003717,Maria,Schmidt,guest003717@email.com,Business,Netherlands,Standard,False,2023-12-15,2,3.8
GUEST003718,Francesca,Mueller,guest003718@email.com,Solo Travel,Spain,Deluxe,False,2024-03-03,1,3.8
GUEST003719,Emma,Rossi,guest003719@email.com,Business,Belgium,Penthouse,False,2023-09-08,2,4.6
GUEST003720,Francesca,Garcia,guest003720@email.com,Business,USA,Family,True,2022-01-30,3,3.9
GUEST003721,Klaus,Brown,guest003721@email.com,Leisure,China,Penthouse,False,2023-06-04,5,4.7
GUEST003722,Sophie,Zhang,guest003722@email.com,Couple,France,Deluxe,False,2022-03-04,8,3.7
GUEST003723,Marco,Schmidt,guest003723@email.com,Business,UK,Deluxe,True,2022-09-25,2,3.9
GUEST003724,Yuki,Zhang,guest003724@email.com,Leisure,UK,Penthouse,False,2023-02-05,6,4.3
GUEST003725,Emma,Zhang,guest003725@email.com,Leisure,USA,Penthouse,False,2023-02-13,1,4.5
GUEST003726,Klaus,Smith,guest003726@email.com,Leisure,UK,Family,False,2022-10-02,7,3.6
GUEST003727,Emma,Garcia,guest003727@email.com,Family,Germany,Penthouse,False,2022-12-14,15,3.3
GUEST003728,John,Brown,guest003728@email.com,Couple,Germany,Suite,True,2023-04-04,5,4.3
GUEST003729,Francesca,Garcia,guest003729@email.com,Business,China,Suite,True,2023-08-10,1,3.9
GUEST003730,Ahmed,Martin,guest003730@email.com,Couple,Belgium,Standard,False,2022-07-31,1,3.6
GUEST003731,Maria,Weber,guest003731@email.com,Business,France,Deluxe,True,2023-09-18,1,3.8
GUEST003732,Yuki,Mueller,guest003732@email.com,Couple,Spain,Family,False,2023-09-12,1,4.1
GUEST003733,Marco,Smith,guest003733@email.com,Couple,USA,Standard,False,2024-08-31,6,3.2
GUEST003734,John,Zhang,guest003734@email.com,Leisure,USA,Suite,False,2022-04-03,7,4.4
GUEST003735,Yuki,Schmidt,guest003735@email.com,Business,Spain,Deluxe,False,2024-02-25,1,4.6
GUEST003736,Marco,Johnson,guest003736@email.com,Leisure,France,Suite,False,2023-11-02,2,4.1
GUEST003737,John,Martin,guest003737@email.com,Family,Germany,Penthouse,True,2022-08-04,3,4.4
GUEST003738,Yuki,Martin,guest003738@email.com,Leisure,USA,Standard,False,2022-07-23,7,3.8
GUEST003739,Ahmed,Martin,guest003739@email.com,Family,Spain,Family,True,2023-02-10,4,4.0
GUEST003740,Sophie,Brown,guest003740@email.com,Business,UK,Standard,True,2024-03-31,4,3.3
GUEST003741,Ahmed,Schmidt,guest003741@email.com,Solo Travel,Spain,Deluxe,False,2022-12-06,1,4.7
GUEST003742,Francesca,Garcia,guest003742@email.com,Business,France,Suite,False,2023-07-21,4,4.2
GUEST003743,Sophie,Smith,guest003743@email.com,Leisure,Germany,Suite,False,2022-02-06,7,3.4
GUEST003744,John,Martin,guest003744@email.com,Business,Spain,Suite,True,2022-04-15,1,4.3
GUEST003745,Marco,Zhang,guest003745@email.com,Leisure,Greece,Standard,True,2024-03-21,7,4.2
GUEST003746,Emma,Smith,guest003746@email.com,Family,Germany,Suite,False,2022-06-10,2,3.8
GUEST003747,Klaus,Brown,guest003747@email.com,Leisure,Belgium,Deluxe,True,2022-01-25,2,4.1
GUEST003748,Sophie,Garcia,guest003748@email.com,Family,France,Family,True,2022-02-04,4,3.9
GUEST003749,Klaus,Johnson,guest003749@email.com,Family,UK,Deluxe,False,2024-04-12,1,4.0
GUEST003750,Francesca,Zhang,guest003750@email.com,Couple,Germany,Deluxe,True,2022-05-15,2,4.8
GUEST003751,Klaus,Johnson,guest003751@email.com,Business,Germany,Penthouse,False,2022-03-20,1,3.7
GUEST003752,Maria,Martin,guest003752@email.com,Business,USA,Penthouse,False,2024-01-10,4,3.4
GUEST003753,Francesca,Smith,guest003753@email.com,Couple,USA,Family,True,2022-01-16,9,4.7
GUEST003754,Marco,Weber,guest003754@email.com,Family,China,Family,False,2024-07-30,1,3.9
GUEST003755,Ahmed,Johnson,guest003755@email.com,Solo Travel,Spain,Family,True,2024-01-24,1,3.5
GUEST003756,Lucia,Zhang,guest003756@email.com,Leisure,Netherlands,Penthouse,False,2022-07-18,2,4.0
GUEST003757,Lucia,Brown,guest003757@email.com,Leisure,France,Penthouse,True,2024-03-14,1,4.3
GUEST003758,Yuki,Zhang,guest003758@email.com,Couple,UK,Standard,False,2023-06-09,2,3.9
GUEST003759,John,Brown,guest003759@email.com,Business,Spain,Deluxe,True,2022-10-08,2,3.9
GUEST003760,Emma,Garcia,guest003760@email.com,Family,Belgium,Family,True,2022-04-13,4,3.6
GUEST003761,Klaus,Weber,guest003761@email.com,Leisure,UK,Suite,True,2023-04-28,4,3.8
GUEST003762,Francesca,Brown,guest003762@email.com,Solo Travel,UK,Deluxe,False,2023-03-16,1,4.6
GUEST003763,Maria,Garcia,guest003763@email.com,Family,Spain,Deluxe,True,2024-09-17,5,4.5
GUEST003764,Francesca,Martin,guest003764@email.com,Business,UK,Penthouse,False,2022-10-13,1,4.1
GUEST003765,Emma,Brown,guest003765@email.com,Couple,Netherlands,Family,False,2024-07-18,1,4.8
GUEST003766,Marco,Martin,guest003766@email.com,Couple,Germany,Family,False,2022-09-08,2,5.0
GUEST003767,Francesca,Smith,guest003767@email.com,Family,Belgium,Family,False,2023-05-24,2,4.5
GUEST003768,Francesca,Schmidt,guest003768@email.com,Family,Belgium,Suite,False,2024-02-21,8,4.2
GUEST003769,Marco,Johnson,guest003769@email.com,Leisure,Germany,Penthouse,True,2023-04-09,3,3.2
GUEST003770,Sophie,Weber,guest003770@email.com,Couple,USA,Penthouse,True,2024-09-25,1,4.2
GUEST003771,John,Zhang,guest003771@email.com,Leisure,Netherlands,Family,False,2024-02-29,2,4.0
GUEST003772,Sophie,Rossi,guest003772@email.com,Leisure,UK,Family,False,2023-01-14,7,4.5
GUEST003773,Emma,Weber,guest003773@email.com,Business,Greece,Standard,True,2022-04-22,1,4.5
GUEST003774,Klaus,Schmidt,guest003774@email.com,Leisure,Greece,Family,False,2022-05-28,11,5.0
GUEST003775,Maria,Johnson,guest003775@email.com,Business,UK,Suite,False,2023-07-29,1,4.5
GUEST003776,Ahmed,Garcia,guest003776@email.com,Leisure,Italy,Family,True,2024-06-04,3,4.2
GUEST003777,Emma,Weber,guest003777@email.com,Couple,Netherlands,Family,False,2022-09-13,4,4.0
GUEST003778,Maria,Mueller,guest003778@email.com,Leisure,UK,Suite,False,2023-02-17,2,4.1
GUEST003779,Lucia,Rossi,guest003779@email.com,Couple,Greece,Suite,False,2023-06-20,1,3.9
GUEST003780,Lucia,Garcia,guest003780@email.com,Business,Spain,Penthouse,False,2022-03-02,4,4.3
GUEST003781,Emma,Brown,guest003781@email.com,Family,Germany,Family,False,2023-02-26,3,3.3
GUEST003782,Klaus,Schmidt,guest003782@email.com,Leisure,France,Standard,False,2024-05-04,4,4.4
GUEST003783,Ahmed,Smith,guest003783@email.com,Family,Belgium,Standard,False,2022-11-26,1,4.1
GUEST003784,Lucia,Weber,guest003784@email.com,Business,China,Deluxe,False,2023-02-21,1,4.9
GUEST003785,John,Brown,guest003785@email.com,Leisure,Belgium,Suite,False,2023-12-08,1,3.9
GUEST003786,Sophie,Martin,guest003786@email.com,Leisure,China,Deluxe,False,2024-03-24,2,4.1
GUEST003787,Emma,Martin,guest003787@email.com,Leisure,China,Penthouse,True,2023-05-27,6,3.4
GUEST003788,Yuki,Garcia,guest003788@email.com,Business,Germany,Suite,False,2022-11-26,1,4.4
GUEST003789,Emma,Rossi,guest003789@email.com,Family,Greece,Deluxe,False,2023-06-11,1,4.4
GUEST003790,Marco,Johnson,guest003790@email.com,Business,France,Penthouse,False,2024-08-01,8,4.9
GUEST003791,Maria,Zhang,guest003791@email.com,Solo Travel,Netherlands,Family,True,2023-12-18,14,3.4
GUEST003792,Maria,Zhang,guest003792@email.com,Couple,Spain,Deluxe,False,2022-05-11,5,4.2
GUEST003793,John,Mueller,guest003793@email.com,Leisure,Greece,Suite,False,2023-06-17,3,4.1
GUEST003794,Maria,Mueller,guest003794@email.com,Leisure,Netherlands,Penthouse,False,2022-07-22,3,3.6
GUEST003795,Emma,Johnson,guest003795@email.com,Business,UK,Standard,False,2022-02-09,2,4.3
GUEST003796,Francesca,Rossi,guest003796@email.com,Family,Spain,Deluxe,True,2022-06-24,6,4.2
GUEST003797,Marco,Rossi,guest003797@email.com,Leisure,Italy,Penthouse,False,2022-05-24,16,5.0
GUEST003798,Marco,Zhang,guest003798@email.com,Business,China,Penthouse,True,2023-02-13,6,4.1
GUEST003799,John,Brown,guest003799@email.com,Couple,Spain,Suite,False,2022-05-01,4,4.6
GUEST003800,Francesca,Brown,guest003800@email.com,Solo Travel,Netherlands,Deluxe,False,2024-01-08,4,4.8
GUEST003801,Klaus,Martin,guest003801@email.com,Business,Greece,Standard,False,2022-11-27,11,4.3
GUEST003802,Lucia,Schmidt,guest003802@email.com,Leisure,Italy,Standard,False,2023-08-01,1,4.3
GUEST003803,Ahmed,Mueller,guest003803@email.com,Leisure,Belgium,Suite,True,2022-10-25,12,3.8
GUEST003804,Marco,Garcia,guest003804@email.com,Family,Spain,Deluxe,True,2024-04-02,5,4.8
GUEST003805,Lucia,Schmidt,guest003805@email.com,Couple,France,Suite,True,2023-06-16,1,4.2
GUEST003806,Lucia,Brown,guest003806@email.com,Family,USA,Family,True,2023-04-29,7,3.7
GUEST003807,Emma,Garcia,guest003807@email.com,Leisure,France,Penthouse,False,2024-08-16,7,3.9
GUEST003808,Yuki,Mueller,guest003808@email.com,Leisure,China,Deluxe,False,2022-06-18,3,4.1
GUEST003809,Marco,Rossi,guest003809@email.com,Solo Travel,Italy,Family,False,2022-01-11,8,4.5
GUEST003810,Yuki,Zhang,guest003810@email.com,Family,France,Standard,False,2022-07-03,13,3.8
GUEST003811,Ahmed,Rossi,guest003811@email.com,Business,Germany,Standard,True,2022-03-10,6,4.2
GUEST003812,John,Brown,guest003812@email.com,Leisure,France,Family,False,2023-12-20,5,3.9
GUEST003813,Sophie,Garcia,guest003813@email.com,Leisure,Germany,Standard,False,2023-12-12,1,4.2
GUEST003814,Maria,Martin,guest003814@email.com,Business,France,Suite,False,2023-04-15,3,3.0
GUEST003815,Yuki,Johnson,guest003815@email.com,Business,Germany,Suite,False,2022-03-04,2,5.0
GUEST003816,Lucia,Rossi,guest003816@email.com,Leisure,Netherlands,Standard,False,2023-09-01,6,3.9
GUEST003817,Ahmed,Johnson,guest003817@email.com,Leisure,China,Suite,True,2022-12-25,1,4.4
GUEST003818,Marco,Garcia,guest003818@email.com,Leisure,France,Suite,False,2022-12-20,2,4.6
GUEST003819,John,Garcia,guest003819@email.com,Family,Germany,Family,False,2022-10-09,1,4.4
GUEST003820,Klaus,Zhang,guest003820@email.com,Business,Belgium,Suite,False,2023-08-22,1,4.2
GUEST003821,Klaus,Schmidt,guest003821@email.com,Leisure,Netherlands,Standard,True,2023-10-02,1,3.5
GUEST003822,Francesca,Brown,guest003822@email.com,Couple,China,Deluxe,False,2023-07-29,2,3.5
GUEST003823,Marco,Garcia,guest003823@email.com,Leisure,USA,Penthouse,False,2022-03-21,2,5.0
GUEST003824,Lucia,Mueller,guest003824@email.com,Couple,Germany,Standard,False,2022-04-16,3,3.9
GUEST003825,Sophie,Brown,guest003825@email.com,Business,Germany,Penthouse,False,2022-07-02,2,3.8
GUEST003826,Klaus,Weber,guest003826@email.com,Leisure,Greece,Standard,False,2022-04-15,3,4.3
GUEST003827,Ahmed,Martin,guest003827@email.com,Leisure,Netherlands,Suite,True,2023-08-25,3,4.2
GUEST003828,Francesca,Schmidt,guest003828@email.com,Leisure,Netherlands,Standard,True,2023-08-13,1,4.2
GUEST003829,Lucia,Weber,guest003829@email.com,Couple,Belgium,Family,False,2022-10-11,4,3.9
GUEST003830,Lucia,Rossi,guest003830@email.com,Business,Italy,Penthouse,True,2022-08-03,2,3.9
GUEST003831,Ahmed,Smith,guest003831@email.com,Leisure,Greece,Standard,False,2024-03-13,2,4.1
GUEST003832,Sophie,Garcia,guest003832@email.com,Business,UK,Family,False,2022-04-04,4,4.5
GUEST003833,Lucia,Mueller,guest003833@email.com,Leisure,USA,Standard,False,2022-05-27,3,4.4
GUEST003834,Ahmed,Rossi,guest003834@email.com,Solo Travel,Greece,Penthouse,False,2024-06-14,3,4.4
GUEST003835,John,Schmidt,guest003835@email.com,Couple,USA,Family,False,2022-03-21,1,3.8
GUEST003836,John,Mueller,guest003836@email.com,Couple,Spain,Suite,False,2023-06-08,3,4.8
GUEST003837,Emma,Zhang,guest003837@email.com,Couple,USA,Standard,False,2023-11-12,5,3.0
GUEST003838,Emma,Schmidt,guest003838@email.com,Business,Belgium,Standard,False,2022-11-06,1,4.5
GUEST003839,Marco,Johnson,guest003839@email.com,Leisure,China,Suite,False,2022-09-04,10,3.8
GUEST003840,Marco,Zhang,guest003840@email.com,Family,France,Family,True,2023-01-22,2,3.5
GUEST003841,Francesca,Rossi,guest003841@email.com,Couple,Italy,Family,False,2022-12-30,6,4.5
GUEST003842,Klaus,Martin,guest003842@email.com,Couple,Belgium,Suite,False,2022-11-21,2,3.8
GUEST003843,Marco,Johnson,guest003843@email.com,Leisure,France,Family,False,2024-06-23,3,5.0
GUEST003844,Lucia,Garcia,guest003844@email.com,Business,Netherlands,Suite,False,2024-09-05,1,4.5
GUEST003845,Ahmed,Brown,guest003845@email.com,Family,USA,Standard,False,2023-12-30,2,4.1
GUEST003846,Ahmed,Zhang,guest003846@email.com,Family,Greece,Penthouse,False,2023-07-28,3,4.2
GUEST003847,Emma,Rossi,guest003847@email.com,Family,Italy,Suite,False,2023-12-13,1,3.9
GUEST003848,Klaus,Johnson,guest003848@email.com,Family,UK,Suite,False,2023-07-26,1,4.1
GUEST003849,Francesca,Schmidt,guest003849@email.com,Leisure,USA,Family,False,2022-07-02,1,4.3
GUEST003850,John,Schmidt,guest003850@email.com,Leisure,Belgium,Deluxe,False,2024-05-25,1,4.7
GUEST003851,Emma,Schmidt,guest003851@email.com,Couple,USA,Family,False,2024-01-16,4,3.9
GUEST003852,Francesca,Garcia,guest003852@email.com,Family,China,Suite,False,2023-09-24,2,2.9
GUEST003853,Marco,Garcia,guest003853@email.com,Leisure,Greece,Deluxe,False,2023-01-27,4,3.7
GUEST003854,Yuki,Mueller,guest003854@email.com,Business,Spain,Penthouse,False,2024-08-13,3,3.9
GUEST003855,John,Garcia,guest003855@email.com,Leisure,UK,Deluxe,False,2023-03-29,8,4.9
GUEST003856,Yuki,Martin,guest003856@email.com,Solo Travel,Germany,Standard,True,2022-07-19,1,3.9
GUEST003857,John,Weber,guest003857@email.com,Family,Spain,Penthouse,False,2022-11-14,1,3.7
GUEST003858,Yuki,Johnson,guest003858@email.com,Leisure,USA,Family,False,2024-07-21,5,4.9
GUEST003859,Yuki,Brown,guest003859@email.com,Couple,Belgium,Standard,False,2023-05-30,2,4.3
GUEST003860,John,Weber,guest003860@email.com,Business,Italy,Suite,True,2022-10-07,2,3.6
GUEST003861,John,Brown,guest003861@email.com,Leisure,France,Family,False,2023-10-20,5,4.8
GUEST003862,Emma,Zhang,guest003862@email.com,Business,Netherlands,Standard,True,2022-02-14,2,3.0
GUEST003863,Klaus,Brown,guest003863@email.com,Business,China,Family,False,2023-10-03,2,5.0
GUEST003864,John,Weber,guest003864@email.com,Couple,Italy,Penthouse,True,2024-04-23,1,4.5
GUEST003865,John,Rossi,guest003865@email.com,Couple,USA,Penthouse,False,2023-09-15,3,5.0
GUEST003866,Emma,Rossi,guest003866@email.com,Business,UK,Penthouse,False,2022-06-27,2,4.2
GUEST003867,Emma,Martin,guest003867@email.com,Couple,China,Penthouse,True,2024-04-06,1,3.7
GUEST003868,Maria,Smith,guest003868@email.com,Leisure,UK,Suite,True,2023-01-14,1,4.9
GUEST003869,John,Weber,guest003869@email.com,Family,USA,Standard,False,2024-07-04,3,4.0
GUEST003870,Ahmed,Mueller,guest003870@email.com,Leisure,Netherlands,Standard,True,2024-06-10,9,4.1
GUEST003871,Ahmed,Johnson,guest003871@email.com,Couple,Netherlands,Standard,True,2023-03-06,1,4.6
GUEST003872,Maria,Smith,guest003872@email.com,Business,Germany,Suite,True,2023-03-31,1,4.9
GUEST003873,John,Schmidt,guest003873@email.com,Leisure,Spain,Suite,False,2022-04-10,4,4.1
GUEST003874,Marco,Brown,guest003874@email.com,Leisure,Spain,Suite,False,2024-05-23,4,3.9
GUEST003875,Sophie,Weber,guest003875@email.com,Family,Italy,Standard,False,2024-01-26,4,4.7
GUEST003876,John,Schmidt,guest003876@email.com,Business,USA,Deluxe,False,2024-05-07,2,4.0
GUEST003877,Yuki,Mueller,guest003877@email.com,Family,Netherlands,Standard,False,2024-07-16,1,4.5
GUEST003878,Lucia,Schmidt,guest003878@email.com,Couple,China,Penthouse,False,2023-06-13,9,4.0
GUEST003879,John,Zhang,guest003879@email.com,Business,USA,Family,True,2023-03-03,3,5.0
GUEST003880,John,Johnson,guest003880@email.com,Family,Netherlands,Penthouse,True,2022-07-17,3,4.5
GUEST003881,Marco,Mueller,guest003881@email.com,Leisure,Greece,Suite,False,2024-01-17,1,4.5
GUEST003882,Klaus,Johnson,guest003882@email.com,Leisure,Germany,Penthouse,False,2022-06-26,4,3.9
GUEST003883,Emma,Smith,guest003883@email.com,Couple,USA,Suite,True,2022-10-10,1,4.7
GUEST003884,Lucia,Garcia,guest003884@email.com,Business,Germany,Penthouse,False,2023-12-07,2,4.0
GUEST003885,Marco,Zhang,guest003885@email.com,Leisure,China,Family,False,2022-06-27,11,4.0
GUEST003886,John,Brown,guest003886@email.com,Business,China,Suite,False,2022-10-08,5,4.1
GUEST003887,Marco,Schmidt,guest003887@email.com,Family,Greece,Suite,False,2022-05-01,2,4.2
GUEST003888,Yuki,Rossi,guest003888@email.com,Leisure,Netherlands,Penthouse,False,2023-08-05,2,3.2
GUEST003889,Maria,Weber,guest003889@email.com,Family,Netherlands,Penthouse,False,2024-08-10,2,4.9
GUEST003890,Emma,Johnson,guest003890@email.com,Leisure,France,Family,True,2022-04-30,14,4.1
GUEST003891,Maria,Mueller,guest003891@email.com,Leisure,Greece,Deluxe,False,2024-01-18,6,4.2
GUEST003892,Maria,Mueller,guest003892@email.com,Leisure,Netherlands,Family,False,2022-11-22,7,3.8
GUEST003893,Lucia,Smith,guest003893@email.com,Leisure,Greece,Deluxe,True,2024-02-25,3,4.6
GUEST003894,Ahmed,Smith,guest003894@email.com,Business,USA,Penthouse,False,2022-08-11,2,4.3
GUEST003895,Yuki,Rossi,guest003895@email.com,Business,USA,Suite,False,2022-03-25,5,4.6
GUEST003896,Sophie,Brown,guest003896@email.com,Business,Spain,Deluxe,False,2024-05-07,3,4.8
GUEST003897,Sophie,Mueller,guest003897@email.com,Leisure,Greece,Standard,False,2022-11-14,3,3.6
GUEST003898,John,Zhang,guest003898@email.com,Business,Germany,Family,True,2023-12-24,1,4.8
GUEST003899,Klaus,Mueller,guest003899@email.com,Business,Greece,Deluxe,False,2022-10-13,4,3.9
GUEST003900,Ahmed,Weber,guest003900@email.com,Business,Spain,Family,False,2022-11-20,1,3.3
GUEST003901,Francesca,Garcia,guest003901@email.com,Business,USA,Penthouse,False,2024-05-05,1,3.9
GUEST003902,Sophie,Brown,guest003902@email.com,Business,France,Standard,True,2024-06-23,6,4.3
GUEST003903,Sophie,Mueller,guest003903@email.com,Business,UK,Suite,True,2022-10-30,1,4.7
GUEST003904,Klaus,Rossi,guest003904@email.com,Solo Travel,Germany,Penthouse,False,2022-09-28,4,5.0
GUEST003905,Maria,Rossi,guest003905@email.com,Couple,UK,Penthouse,True,2022-12-30,1,4.6
GUEST003906,Lucia,Schmidt,guest003906@email.com,Leisure,Spain,Standard,True,2022-12-24,3,4.0
GUEST003907,Marco,Rossi,guest003907@email.com,Couple,Italy,Suite,True,2024-04-29,3,4.3
GUEST003908,Ahmed,Smith,guest003908@email.com,Business,USA,Deluxe,False,2024-08-30,2,5.0
GUEST003909,Lucia,Zhang,guest003909@email.com,Couple,Belgium,Suite,False,2022-06-09,7,3.9
GUEST003910,Marco,Weber,guest003910@email.com,Family,UK,Family,False,2022-08-04,3,4.3
GUEST003911,Francesca,Schmidt,guest003911@email.com,Couple,Spain,Penthouse,False,2023-10-24,2,4.3
GUEST003912,Klaus,Garcia,guest003912@email.com,Family,Greece,Standard,False,2022-12-17,3,4.4
GUEST003913,Marco,Martin,guest003913@email.com,Solo Travel,Italy,Penthouse,True,2024-04-29,3,4.9
GUEST003914,Klaus,Johnson,guest003914@email.com,Couple,Netherlands,Family,True,2023-06-10,4,3.9
GUEST003915,Sophie,Brown,guest003915@email.com,Family,Belgium,Penthouse,False,2022-08-12,2,3.9
GUEST003916,Emma,Brown,guest003916@email.com,Leisure,UK,Deluxe,True,2022-02-02,1,3.9
GUEST003917,Maria,Martin,guest003917@email.com,Couple,Spain,Penthouse,True,2023-11-06,4,4.0
GUEST003918,Ahmed,Rossi,guest003918@email.com,Leisure,Germany,Deluxe,False,2022-05-24,11,4.2
GUEST003919,Emma,Weber,guest003919@email.com,Business,UK,Suite,True,2022-11-27,1,5.0
GUEST003920,Yuki,Weber,guest003920@email.com,Couple,Belgium,Deluxe,True,2023-01-22,1,4.9
GUEST003921,Lucia,Smith,guest003921@email.com,Leisure,Belgium,Deluxe,False,2022-11-27,2,4.8
GUEST003922,Maria,Schmidt,guest003922@email.com,Family,USA,Penthouse,True,2024-06-09,1,4.2
GUEST003923,John,Mueller,guest003923@email.com,Business,Germany,Deluxe,False,2023-03-08,2,4.9
GUEST003924,Emma,Schmidt,guest003924@email.com,Business,USA,Penthouse,False,2022-12-11,1,4.3
GUEST003925,Maria,Mueller,guest003925@email.com,Couple,Greece,Family,False,2024-07-24,3,5.0
GUEST003926,Yuki,Brown,guest003926@email.com,Leisure,Germany,Suite,False,2022-06-16,3,5.0
GUEST003927,Emma,Martin,guest003927@email.com,Couple,Germany,Suite,False,2022-07-10,6,4.4
GUEST003928,John,Rossi,guest003928@email.com,Business,Belgium,Suite,True,2024-04-08,4,4.0
GUEST003929,Lucia,Rossi,guest003929@email.com,Couple,Spain,Deluxe,False,2023-08-31,4,3.8
GUEST003930,Lucia,Zhang,guest003930@email.com,Solo Travel,Germany,Suite,False,2024-01-19,3,4.1
GUEST003931,Francesca,Rossi,guest003931@email.com,Business,Spain,Suite,False,2024-05-04,4,4.3
GUEST003932,Sophie,Brown,guest003932@email.com,Family,Spain,Suite,False,2024-01-11,1,4.4
GUEST003933,Yuki,Weber,guest003933@email.com,Leisure,Netherlands,Standard,False,2022-12-12,1,4.2
GUEST003934,Emma,Zhang,guest003934@email.com,Business,USA,Penthouse,False,2022-11-04,2,4.6
GUEST003935,John,Garcia,guest003935@email.com,Leisure,France,Suite,False,2024-02-21,7,3.3
GUEST003936,Marco,Johnson,guest003936@email.com,Leisure,Germany,Standard,True,2023-03-08,1,3.7
GUEST003937,Francesca,Brown,guest003937@email.com,Couple,USA,Penthouse,False,2024-09-03,2,4.3
GUEST003938,Lucia,Zhang,guest003938@email.com,Leisure,UK,Family,True,2023-08-31,2,4.4
GUEST003939,John,Mueller,guest003939@email.com,Leisure,France,Family,False,2023-06-09,2,4.5
GUEST003940,Ahmed,Brown,guest003940@email.com,Solo Travel,Netherlands,Family,True,2024-06-26,1,5.0
GUEST003941,Lucia,Martin,guest003941@email.com,Leisure,UK,Family,False,2022-07-23,2,4.1
GUEST003942,Lucia,Mueller,guest003942@email.com,Business,Germany,Deluxe,False,2022-05-14,1,4.6
GUEST003943,Yuki,Smith,guest003943@email.com,Business,Germany,Family,False,2024-09-20,1,5.0
GUEST003944,Maria,Brown,guest003944@email.com,Leisure,Greece,Suite,False,2024-03-22,3,4.0
GUEST003945,Ahmed,Schmidt,guest003945@email.com,Business,Spain,Family,True,2023-04-15,2,3.3
GUEST003946,Francesca,Mueller,guest003946@email.com,Leisure,UK,Penthouse,False,2023-04-17,3,3.7
GUEST003947,John,Mueller,guest003947@email.com,Leisure,Spain,Penthouse,False,2022-07-25,3,5.0
GUEST003948,Ahmed,Brown,guest003948@email.com,Couple,Italy,Penthouse,True,2022-11-11,1,4.1
GUEST003949,Maria,Mueller,guest003949@email.com,Solo Travel,Germany,Penthouse,False,2022-08-30,1,4.0
GUEST003950,Sophie,Zhang,guest003950@email.com,Leisure,Netherlands,Family,True,2022-04-03,6,4.5
GUEST003951,Sophie,Mueller,guest003951@email.com,Family,UK,Penthouse,False,2023-12-03,5,5.0
GUEST003952,Marco,Schmidt,guest003952@email.com,Business,Belgium,Deluxe,False,2022-01-06,1,4.9
GUEST003953,Emma,Mueller,guest003953@email.com,Business,Germany,Family,False,2022-12-19,9,3.7
GUEST003954,Maria,Rossi,guest003954@email.com,Solo Travel,USA,Deluxe,True,2023-07-18,5,4.7
GUEST003955,Francesca,Garcia,guest003955@email.com,Business,USA,Penthouse,True,2024-07-23,1,4.5
GUEST003956,Emma,Zhang,guest003956@email.com,Leisure,China,Family,False,2024-05-01,1,4.6
GUEST003957,Emma,Garcia,guest003957@email.com,Leisure,Netherlands,Family,False,2024-02-21,7,4.5
GUEST003958,Maria,Zhang,guest003958@email.com,Leisure,Italy,Family,False,2022-05-12,5,4.5
GUEST003959,Yuki,Mueller,guest003959@email.com,Family,Spain,Suite,False,2023-02-14,2,4.5
GUEST003960,Yuki,Brown,guest003960@email.com,Leisure,China,Penthouse,True,2024-04-19,3,3.7
GUEST003961,Francesca,Weber,guest003961@email.com,Couple,USA,Deluxe,False,2023-02-08,1,4.5
GUEST003962,Marco,Johnson,guest003962@email.com,Leisure,Belgium,Suite,False,2022-12-22,4,4.0
GUEST003963,Emma,Weber,guest003963@email.com,Solo Travel,Greece,Penthouse,True,2022-01-28,4,4.3
GUEST003964,Sophie,Weber,guest003964@email.com,Business,UK,Penthouse,False,2022-07-02,3,4.7
GUEST003965,Sophie,Schmidt,guest003965@email.com,Leisure,Spain,Family,True,2023-01-06,1,3.7
GUEST003966,Yuki,Martin,guest003966@email.com,Leisure,Italy,Suite,False,2024-04-22,1,3.3
GUEST003967,John,Weber,guest003967@email.com,Couple,China,Suite,False,2023-09-06,3,3.9
GUEST003968,Francesca,Johnson,guest003968@email.com,Leisure,UK,Suite,False,2023-10-24,1,4.6
GUEST003969,Sophie,Mueller,guest003969@email.com,Solo Travel,Spain,Standard,False,2023-05-27,5,3.5
GUEST003970,Sophie,Smith,guest003970@email.com,Business,Belgium,Deluxe,False,2022-08-05,1,4.5
GUEST003971,Klaus,Zhang,guest003971@email.com,Family,France,Standard,True,2022-04-06,3,3.9
GUEST003972,Yuki,Zhang,guest003972@email.com,Leisure,Belgium,Penthouse,True,2023-11-01,2,4.1
GUEST003973,Ahmed,Zhang,guest003973@email.com,Leisure,Spain,Family,False,2022-06-04,8,4.1
GUEST003974,Klaus,Brown,guest003974@email.com,Couple,China,Deluxe,False,2023-02-01,6,3.8
GUEST003975,Emma,Smith,guest003975@email.com,Family,Belgium,Suite,False,2022-09-25,3,4.3
GUEST003976,Francesca,Mueller,guest003976@email.com,Leisure,Netherlands,Penthouse,False,2022-06-17,4,4.6
GUEST003977,Francesca,Martin,guest003977@email.com,Solo Travel,Netherlands,Standard,False,2024-05-04,5,3.7
GUEST003978,Maria,Rossi,guest003978@email.com,Leisure,Germany,Penthouse,False,2024-04-05,4,4.5
GUEST003979,Maria,Schmidt,guest003979@email.com,Leisure,Spain,Penthouse,False,2023-12-04,1,5.0
GUEST003980,Maria,Zhang,guest003980@email.com,Couple,UK,Standard,False,2024-04-02,6,5.0
GUEST003981,John,Mueller,guest003981@email.com,Solo Travel,Greece,Deluxe,False,2022-11-23,3,3.6
GUEST003982,Ahmed,Weber,guest003982@email.com,Family,China,Standard,False,2023-06-04,2,4.3
GUEST003983,Francesca,Rossi,guest003983@email.com,Business,UK,Standard,False,2022-01-12,4,4.4
GUEST003984,Emma,Zhang,guest003984@email.com,Leisure,UK,Family,False,2023-03-09,2,4.3
GUEST003985,John,Brown,guest003985@email.com,Solo Travel,Greece,Suite,False,2023-03-12,10,3.9
GUEST003986,Klaus,Johnson,guest003986@email.com,Couple,Germany,Standard,True,2023-09-11,1,4.8
GUEST003987,Emma,Martin,guest003987@email.com,Business,France,Suite,False,2023-01-17,2,4.7
GUEST003988,Emma,Schmidt,guest003988@email.com,Leisure,France,Standard,True,2024-05-14,5,4.8
GUEST003989,Marco,Schmidt,guest003989@email.com,Leisure,USA,Standard,True,2022-04-25,4,4.7
GUEST003990,Ahmed,Zhang,guest003990@email.com,Leisure,Italy,Standard,False,2023-06-29,4,3.9
GUEST003991,Francesca,Johnson,guest003991@email.com,Leisure,Germany,Suite,False,2022-06-03,1,4.3
GUEST003992,John,Schmidt,guest003992@email.com,Solo Travel,China,Family,False,2024-08-28,1,4.3
GUEST003993,Lucia,Brown,guest003993@email.com,Couple,Germany,Penthouse,False,2022-07-22,1,3.4
GUEST003994,Marco,Weber,guest003994@email.com,Couple,USA,Suite,True,2024-01-16,2,3.4
GUEST003995,Emma,Zhang,guest003995@email.com,Leisure,Germany,Penthouse,False,2022-02-19,1,4.4
GUEST003996,Emma,Brown,guest003996@email.com,Leisure,Netherlands,Standard,True,2022-02-10,4,4.1
GUEST003997,Maria,Rossi,guest003997@email.com,Leisure,USA,Family,True,2023-04-17,4,3.3
GUEST003998,Yuki,Smith,guest003998@email.com,Couple,France,Standard,False,2024-06-29,1,3.8
GUEST003999,Lucia,Schmidt,guest003999@email.com,Leisure,Spain,Standard,False,2022-09-16,2,4.1
GUEST004000,Francesca,Schmidt,guest004000@email.com,Business,France,Suite,False,2023-11-23,1,3.7
GUEST004001,Klaus,Smith,guest004001@email.com,Business,Germany,Penthouse,True,2023-07-10,2,3.9
GUEST004002,Klaus,Mueller,guest004002@email.com,Couple,Belgium,Standard,True,2022-10-28,1,4.1
GUEST004003,Yuki,Zhang,guest004003@email.com,Leisure,UK,Deluxe,False,2022-01-18,1,4.6
GUEST004004,Emma,Schmidt,guest004004@email.com,Leisure,UK,Standard,False,2022-11-01,3,4.1
GUEST004005,John,Weber,guest004005@email.com,Business,Netherlands,Standard,True,2022-04-25,1,4.5
GUEST004006,Yuki,Smith,guest004006@email.com,Leisure,Greece,Suite,False,2023-06-29,1,3.4
GUEST004007,Francesca,Garcia,guest004007@email.com,Leisure,Belgium,Standard,True,2022-06-29,3,3.6
GUEST004008,Maria,Martin,guest004008@email.com,Solo Travel,Italy,Deluxe,False,2022-04-07,12,4.3
GUEST004009,Ahmed,Mueller,guest004009@email.com,Leisure,China,Standard,True,2023-10-11,4,4.0
GUEST004010,Emma,Zhang,guest004010@email.com,Couple,Spain,Standard,True,2024-07-03,6,5.0
GUEST004011,Klaus,Schmidt,guest004011@email.com,Couple,Netherlands,Penthouse,False,2024-09-22,4,4.2
GUEST004012,Emma,Weber,guest004012@email.com,Business,UK,Standard,False,2022-09-07,10,4.4
GUEST004013,Marco,Weber,guest004013@email.com,Couple,Netherlands,Family,False,2023-04-15,3,3.9
GUEST004014,John,Johnson,guest004014@email.com,Solo Travel,Belgium,Deluxe,False,2022-12-01,3,4.3
GUEST004015,Yuki,Smith,guest004015@email.com,Couple,Germany,Deluxe,False,2022-05-31,2,4.1
GUEST004016,Lucia,Johnson,guest004016@email.com,Leisure,Spain,Deluxe,False,2023-01-27,5,5.0
GUEST004017,Marco,Johnson,guest004017@email.com,Couple,Italy,Standard,True,2022-12-12,2,4.2
GUEST004018,Klaus,Zhang,guest004018@email.com,Couple,USA,Suite,False,2023-02-15,2,4.1
GUEST004019,John,Mueller,guest004019@email.com,Leisure,UK,Penthouse,False,2024-08-31,3,3.8
GUEST004020,Klaus,Johnson,guest004020@email.com,Leisure,Italy,Standard,False,2024-05-06,1,4.6
GUEST004021,Francesca,Johnson,guest004021@email.com,Leisure,Germany,Standard,False,2024-03-23,1,3.1
GUEST004022,Sophie,Weber,guest004022@email.com,Business,Greece,Penthouse,True,2022-09-25,1,5.0
GUEST004023,Klaus,Weber,guest004023@email.com,Couple,Italy,Deluxe,False,2023-06-11,1,4.5
GUEST004024,Marco,Garcia,guest004024@email.com,Solo Travel,Italy,Penthouse,False,2023-12-12,4,4.8
GUEST004025,John,Schmidt,guest004025@email.com,Solo Travel,Belgium,Deluxe,True,2023-08-11,1,4.1
GUEST004026,Emma,Garcia,guest004026@email.com,Leisure,Belgium,Family,False,2024-02-18,5,4.3
GUEST004027,Francesca,Brown,guest004027@email.com,Leisure,China,Standard,False,2024-02-04,2,4.6
GUEST004028,Ahmed,Brown,guest004028@email.com,Couple,Spain,Deluxe,False,2023-05-29,1,3.7
GUEST004029,John,Weber,guest004029@email.com,Business,Spain,Family,False,2023-02-13,2,4.4
GUEST004030,Ahmed,Brown,guest004030@email.com,Family,Greece,Standard,True,2022-10-07,1,5.0
GUEST004031,John,Zhang,guest004031@email.com,Leisure,France,Standard,False,2022-08-01,1,4.0
GUEST004032,John,Zhang,guest004032@email.com,Couple,USA,Deluxe,True,2023-11-04,7,4.5
GUEST004033,Ahmed,Brown,guest004033@email.com,Business,China,Deluxe,False,2022-10-01,1,4.7
GUEST004034,Emma,Weber,guest004034@email.com,Leisure,Italy,Suite,False,2024-03-20,4,4.6
GUEST004035,Yuki,Johnson,guest004035@email.com,Business,Netherlands,Suite,False,2022-08-15,2,3.4
GUEST004036,Sophie,Smith,guest004036@email.com,Leisure,France,Standard,False,2023-12-28,8,4.5
GUEST004037,Yuki,Garcia,guest004037@email.com,Business,Greece,Standard,True,2022-03-07,2,5.0
GUEST004038,Lucia,Brown,guest004038@email.com,Leisure,UK,Standard,False,2024-01-16,1,4.0
GUEST004039,Lucia,Rossi,guest004039@email.com,Family,Spain,Standard,True,2023-08-26,1,4.3
GUEST004040,Francesca,Weber,guest004040@email.com,Leisure,Spain,Penthouse,False,2022-12-03,5,2.7
GUEST004041,Marco,Zhang,guest004041@email.com,Leisure,Netherlands,Penthouse,False,2023-05-03,3,3.6
GUEST004042,Marco,Smith,guest004042@email.com,Couple,Spain,Suite,False,2022-12-18,1,3.8
GUEST004043,Yuki,Schmidt,guest004043@email.com,Leisure,Belgium,Suite,True,2022-12-21,11,4.1
GUEST004044,Emma,Mueller,guest004044@email.com,Business,Spain,Penthouse,False,2023-04-19,2,4.0
GUEST004045,Emma,Garcia,guest004045@email.com,Business,Netherlands,Suite,False,2023-06-30,1,4.1
GUEST004046,Ahmed,Zhang,guest004046@email.com,Family,Italy,Standard,True,2022-09-19,2,4.2
GUEST004047,Francesca,Smith,guest004047@email.com,Couple,Italy,Standard,False,2023-11-08,2,3.9
GUEST004048,Lucia,Johnson,guest004048@email.com,Leisure,Spain,Suite,True,2023-10-09,2,4.3
GUEST004049,Emma,Martin,guest004049@email.com,Leisure,Netherlands,Standard,True,2022-12-20,1,4.5
GUEST004050,Maria,Garcia,guest004050@email.com,Business,France,Deluxe,False,2024-02-05,4,4.6
GUEST004051,Marco,Schmidt,guest004051@email.com,Family,Spain,Suite,True,2022-11-08,3,4.2
GUEST004052,Klaus,Schmidt,guest004052@email.com,Leisure,Italy,Penthouse,False,2023-04-08,2,4.5
GUEST004053,Emma,Smith,guest004053@email.com,Family,China,Family,False,2022-06-09,1,4.0
GUEST004054,Lucia,Weber,guest004054@email.com,Business,Greece,Family,True,2022-06-20,4,4.2
GUEST004055,Lucia,Schmidt,guest004055@email.com,Business,Belgium,Standard,False,2023-08-02,1,4.5
GUEST004056,Francesca,Zhang,guest004056@email.com,Couple,China,Deluxe,True,2024-02-23,1,4.6
GUEST004057,John,Brown,guest004057@email.com,Leisure,Netherlands,Suite,False,2023-07-24,1,3.7
GUEST004058,Emma,Garcia,guest004058@email.com,Solo Travel,France,Penthouse,False,2023-01-20,1,3.2
GUEST004059,Marco,Mueller,guest004059@email.com,Family,Netherlands,Deluxe,False,2023-01-23,4,4.3
GUEST004060,Lucia,Johnson,guest004060@email.com,Leisure,Belgium,Penthouse,False,2022-04-10,3,3.8
GUEST004061,Francesca,Garcia,guest004061@email.com,Business,UK,Family,True,2022-08-05,1,3.2
GUEST004062,Maria,Weber,guest004062@email.com,Leisure,France,Standard,False,2022-10-24,3,4.7
GUEST004063,Ahmed,Mueller,guest004063@email.com,Leisure,USA,Penthouse,True,2024-02-25,4,3.1
GUEST004064,Francesca,Martin,guest004064@email.com,Couple,USA,Standard,False,2023-02-23,8,4.2
GUEST004065,Yuki,Garcia,guest004065@email.com,Leisure,Greece,Family,False,2023-03-05,8,4.4
GUEST004066,Lucia,Brown,guest004066@email.com,Business,Greece,Suite,False,2022-11-24,3,4.3
GUEST004067,Yuki,Johnson,guest004067@email.com,Business,USA,Family,True,2023-11-12,2,5.0
GUEST004068,Yuki,Martin,guest004068@email.com,Business,Greece,Standard,False,2023-07-03,7,4.3
GUEST004069,Marco,Zhang,guest004069@email.com,Leisure,USA,Deluxe,False,2022-08-19,1,4.5
GUEST004070,Francesca,Rossi,guest004070@email.com,Leisure,Netherlands,Deluxe,False,2024-02-14,2,3.6
GUEST004071,Emma,Brown,guest004071@email.com,Solo Travel,France,Penthouse,True,2024-04-25,3,4.7
GUEST004072,Emma,Mueller,guest004072@email.com,Solo Travel,USA,Deluxe,True,2024-08-04,10,4.9
GUEST004073,Ahmed,Zhang,guest004073@email.com,Leisure,Italy,Standard,False,2022-10-23,3,3.4
GUEST004074,John,Martin,guest004074@email.com,Family,Netherlands,Standard,False,2024-04-29,2,3.7
GUEST004075,Yuki,Rossi,guest004075@email.com,Leisure,USA,Penthouse,True,2023-11-03,9,4.3
GUEST004076,Ahmed,Johnson,guest004076@email.com,Business,Greece,Family,False,2023-01-28,1,3.2
GUEST004077,Lucia,Zhang,guest004077@email.com,Leisure,Spain,Standard,False,2024-09-24,8,4.2
GUEST004078,Francesca,Zhang,guest004078@email.com,Business,China,Penthouse,True,2022-07-13,5,4.8
GUEST004079,John,Weber,guest004079@email.com,Leisure,Italy,Suite,False,2022-08-18,10,3.9
GUEST004080,Ahmed,Weber,guest004080@email.com,Business,Spain,Standard,True,2023-09-27,3,3.6
GUEST004081,Marco,Johnson,guest004081@email.com,Couple,UK,Suite,False,2023-09-06,1,3.9
GUEST004082,Lucia,Zhang,guest004082@email.com,Solo Travel,France,Penthouse,True,2024-08-26,3,4.6
GUEST004083,John,Schmidt,guest004083@email.com,Solo Travel,Belgium,Standard,True,2023-09-17,4,4.8
GUEST004084,Sophie,Mueller,guest004084@email.com,Couple,China,Deluxe,False,2023-08-06,1,4.7
GUEST004085,Emma,Johnson,guest004085@email.com,Leisure,USA,Deluxe,False,2024-09-01,14,4.1
GUEST004086,Yuki,Smith,guest004086@email.com,Business,France,Suite,True,2024-01-31,2,4.6
GUEST004087,Lucia,Zhang,guest004087@email.com,Couple,USA,Penthouse,False,2023-07-20,1,4.7
GUEST004088,Marco,Garcia,guest004088@email.com,Couple,Netherlands,Family,False,2024-05-20,1,4.2
GUEST004089,Ahmed,Rossi,guest004089@email.com,Family,Italy,Family,True,2023-01-13,3,3.6
GUEST004090,Sophie,Mueller,guest004090@email.com,Solo Travel,USA,Deluxe,False,2023-04-29,1,4.6
GUEST004091,Sophie,Schmidt,guest004091@email.com,Family,Spain,Suite,False,2022-05-16,6,4.9
GUEST004092,Klaus,Johnson,guest004092@email.com,Leisure,Spain,Suite,False,2024-07-04,3,3.6
GUEST004093,John,Garcia,guest004093@email.com,Solo Travel,France,Penthouse,True,2023-08-15,2,3.6
GUEST004094,Emma,Rossi,guest004094@email.com,Business,Greece,Standard,False,2022-09-08,8,4.6
GUEST004095,Lucia,Rossi,guest004095@email.com,Solo Travel,China,Standard,True,2022-09-05,1,4.3
GUEST004096,Ahmed,Rossi,guest004096@email.com,Family,China,Deluxe,True,2023-05-28,1,4.4
GUEST004097,Maria,Weber,guest004097@email.com,Business,UK,Suite,False,2024-05-07,5,4.5
GUEST004098,Yuki,Mueller,guest004098@email.com,Leisure,Spain,Suite,True,2022-09-08,3,3.8
GUEST004099,Emma,Johnson,guest004099@email.com,Business,Greece,Standard,True,2022-01-08,16,3.8
GUEST004100,John,Zhang,guest004100@email.com,Leisure,Belgium,Penthouse,False,2024-06-06,3,3.9
GUEST004101,Marco,Rossi,guest004101@email.com,Business,Greece,Standard,True,2024-06-01,2,4.8
GUEST004102,Francesca,Johnson,guest004102@email.com,Family,Netherlands,Family,False,2024-03-12,2,3.6
GUEST004103,Francesca,Brown,guest004103@email.com,Solo Travel,Belgium,Deluxe,False,2024-06-23,9,4.1
GUEST004104,Marco,Johnson,guest004104@email.com,Couple,Netherlands,Penthouse,True,2024-01-03,4,4.4
GUEST004105,Lucia,Martin,guest004105@email.com,Leisure,Italy,Penthouse,False,2024-01-02,5,4.4
GUEST004106,John,Rossi,guest004106@email.com,Family,Italy,Deluxe,False,2023-05-08,1,4.4
GUEST004107,John,Brown,guest004107@email.com,Couple,Netherlands,Penthouse,False,2024-04-11,1,3.9
GUEST004108,Francesca,Smith,guest004108@email.com,Leisure,France,Deluxe,False,2023-01-08,7,3.5
GUEST004109,Francesca,Martin,guest004109@email.com,Leisure,Italy,Standard,False,2023-10-07,4,4.5
GUEST004110,Emma,Zhang,guest004110@email.com,Leisure,Belgium,Family,False,2024-03-17,1,5.0
GUEST004111,Maria,Johnson,guest004111@email.com,Leisure,Spain,Penthouse,False,2022-05-30,11,4.0
GUEST004112,Klaus,Weber,guest004112@email.com,Leisure,Germany,Penthouse,False,2024-02-11,4,4.5
GUEST004113,Maria,Mueller,guest004113@email.com,Leisure,Germany,Suite,False,2023-01-11,1,4.3
GUEST004114,Francesca,Schmidt,guest004114@email.com,Family,China,Penthouse,True,2022-05-26,1,4.2
GUEST004115,Sophie,Rossi,guest004115@email.com,Family,Netherlands,Family,True,2022-08-04,1,4.5
GUEST004116,Klaus,Johnson,guest004116@email.com,Family,Spain,Family,False,2022-12-04,5,4.1
GUEST004117,Maria,Rossi,guest004117@email.com,Business,Greece,Suite,False,2024-07-09,1,3.9
GUEST004118,Emma,Garcia,guest004118@email.com,Family,USA,Suite,False,2024-02-15,4,4.4
GUEST004119,Klaus,Schmidt,guest004119@email.com,Couple,Netherlands,Suite,False,2022-10-30,3,4.1
GUEST004120,Emma,Schmidt,guest004120@email.com,Leisure,China,Deluxe,True,2024-03-17,1,4.1
GUEST004121,Emma,Brown,guest004121@email.com,Leisure,Italy,Penthouse,True,2023-08-05,1,4.2
GUEST004122,Klaus,Weber,guest004122@email.com,Family,France,Penthouse,False,2022-02-06,5,3.8
GUEST004123,Ahmed,Mueller,guest004123@email.com,Family,USA,Family,False,2023-06-19,2,4.0
GUEST004124,Klaus,Smith,guest004124@email.com,Couple,USA,Suite,False,2022-08-15,1,4.8
GUEST004125,Yuki,Weber,guest004125@email.com,Business,USA,Standard,False,2023-01-07,7,4.7
GUEST004126,Klaus,Brown,guest004126@email.com,Leisure,Spain,Suite,False,2024-08-25,1,4.5
GUEST004127,Ahmed,Weber,guest004127@email.com,Family,Belgium,Penthouse,False,2023-10-12,5,4.6
GUEST004128,Klaus,Rossi,guest004128@email.com,Solo Travel,Germany,Deluxe,False,2024-01-01,1,4.7
GUEST004129,Emma,Brown,guest004129@email.com,Couple,Spain,Family,False,2022-06-08,1,4.4
GUEST004130,Ahmed,Mueller,guest004130@email.com,Business,USA,Penthouse,False,2023-09-15,1,4.6
GUEST004131,Klaus,Zhang,guest004131@email.com,Leisure,China,Penthouse,False,2022-09-21,2,4.6
GUEST004132,Sophie,Smith,guest004132@email.com,Business,Germany,Deluxe,False,2024-05-21,1,4.4
GUEST004133,Sophie,Weber,guest004133@email.com,Leisure,France,Deluxe,False,2022-11-07,10,4.2
GUEST004134,Ahmed,Weber,guest004134@email.com,Family,Greece,Deluxe,False,2022-01-13,2,4.7
GUEST004135,Klaus,Schmidt,guest004135@email.com,Business,China,Family,False,2024-01-09,4,4.2
GUEST004136,Marco,Martin,guest004136@email.com,Couple,Belgium,Suite,False,2023-02-20,5,4.0
GUEST004137,Emma,Weber,guest004137@email.com,Business,Germany,Penthouse,True,2024-07-10,14,3.6
GUEST004138,Ahmed,Schmidt,guest004138@email.com,Family,Spain,Standard,True,2023-10-22,1,4.7
GUEST004139,Ahmed,Weber,guest004139@email.com,Leisure,Netherlands,Suite,False,2024-05-23,1,2.9
GUEST004140,Marco,Schmidt,guest004140@email.com,Couple,USA,Family,False,2023-06-20,2,3.7
GUEST004141,Yuki,Zhang,guest004141@email.com,Leisure,Greece,Suite,False,2024-06-05,1,4.5
GUEST004142,Emma,Mueller,guest004142@email.com,Business,France,Family,False,2024-06-10,10,4.6
GUEST004143,Marco,Rossi,guest004143@email.com,Leisure,China,Penthouse,True,2022-06-29,6,4.5
GUEST004144,Emma,Zhang,guest004144@email.com,Business,Germany,Penthouse,False,2022-01-15,6,4.6
GUEST004145,Maria,Schmidt,guest004145@email.com,Business,UK,Standard,False,2022-08-19,5,4.2
GUEST004146,Klaus,Garcia,guest004146@email.com,Couple,France,Standard,False,2022-08-18,5,3.6
GUEST004147,Ahmed,Brown,guest004147@email.com,Business,USA,Family,True,2023-09-16,1,3.7
GUEST004148,Maria,Garcia,guest004148@email.com,Solo Travel,Spain,Standard,False,2023-01-01,2,4.5
GUEST004149,Emma,Rossi,guest004149@email.com,Family,Spain,Standard,True,2023-08-07,7,3.8
GUEST004150,John,Martin,guest004150@email.com,Leisure,Belgium,Standard,True,2024-07-08,5,4.1
GUEST004151,Sophie,Garcia,guest004151@email.com,Family,Greece,Family,False,2023-01-08,10,4.5
GUEST004152,John,Zhang,guest004152@email.com,Leisure,Spain,Suite,True,2023-10-04,5,3.4
GUEST004153,Maria,Schmidt,guest004153@email.com,Leisure,Italy,Deluxe,False,2023-06-04,1,3.3
GUEST004154,Maria,Brown,guest004154@email.com,Couple,USA,Standard,True,2023-07-21,1,4.9
GUEST004155,Marco,Martin,guest004155@email.com,Family,Belgium,Standard,False,2024-06-12,1,5.0
GUEST004156,Maria,Smith,guest004156@email.com,Family,USA,Family,False,2023-04-03,4,3.9
GUEST004157,Lucia,Martin,guest004157@email.com,Family,Greece,Penthouse,False,2022-09-11,3,4.9
GUEST004158,Sophie,Brown,guest004158@email.com,Family,Spain,Suite,True,2024-03-27,1,4.7
GUEST004159,Ahmed,Garcia,guest004159@email.com,Leisure,Netherlands,Standard,False,2022-08-22,3,4.0
GUEST004160,Emma,Mueller,guest004160@email.com,Couple,Netherlands,Standard,False,2022-02-11,4,4.0
GUEST004161,Lucia,Brown,guest004161@email.com,Leisure,China,Suite,False,2023-07-20,5,4.1
GUEST004162,Klaus,Johnson,guest004162@email.com,Leisure,China,Standard,False,2024-01-31,3,3.9
GUEST004163,Sophie,Johnson,guest004163@email.com,Solo Travel,Germany,Suite,False,2024-07-16,1,4.0
GUEST004164,Ahmed,Martin,guest004164@email.com,Business,Greece,Deluxe,False,2022-11-07,1,3.9
GUEST004165,John,Garcia,guest004165@email.com,Couple,Germany,Family,False,2022-08-22,7,4.0
GUEST004166,Sophie,Weber,guest004166@email.com,Business,Italy,Penthouse,False,2024-02-19,1,3.8
GUEST004167,Lucia,Rossi,guest004167@email.com,Family,Italy,Penthouse,False,2023-04-21,1,4.1
GUEST004168,Maria,Martin,guest004168@email.com,Solo Travel,Germany,Suite,True,2024-06-21,1,3.9
GUEST004169,John,Schmidt,guest004169@email.com,Solo Travel,Germany,Suite,True,2024-03-19,1,4.2
GUEST004170,Maria,Garcia,guest004170@email.com,Leisure,USA,Family,False,2023-05-05,4,4.4
GUEST004171,Maria,Rossi,guest004171@email.com,Couple,Germany,Family,False,2022-03-27,1,4.4
GUEST004172,Emma,Garcia,guest004172@email.com,Leisure,Greece,Suite,False,2022-04-13,1,4.0
GUEST004173,Marco,Weber,guest004173@email.com,Leisure,Netherlands,Suite,False,2022-08-09,6,4.0
GUEST004174,Lucia,Rossi,guest004174@email.com,Family,UK,Family,True,2022-11-04,2,3.4
GUEST004175,Lucia,Smith,guest004175@email.com,Leisure,Germany,Family,False,2023-08-19,5,4.6
GUEST004176,Francesca,Johnson,guest004176@email.com,Solo Travel,China,Family,False,2024-01-08,3,4.4
GUEST004177,Emma,Garcia,guest004177@email.com,Leisure,UK,Deluxe,True,2023-08-27,12,3.8
GUEST004178,Lucia,Rossi,guest004178@email.com,Leisure,Netherlands,Family,False,2022-01-01,6,4.5
GUEST004179,Klaus,Zhang,guest004179@email.com,Leisure,Italy,Suite,True,2023-09-08,5,3.8
GUEST004180,Klaus,Rossi,guest004180@email.com,Couple,USA,Standard,False,2023-10-09,1,3.7
GUEST004181,Ahmed,Schmidt,guest004181@email.com,Business,Italy,Deluxe,False,2023-06-04,4,4.7
GUEST004182,Emma,Martin,guest004182@email.com,Leisure,Belgium,Penthouse,False,2022-10-18,2,4.0
GUEST004183,Klaus,Brown,guest004183@email.com,Leisure,Italy,Suite,False,2024-06-07,1,4.6
GUEST004184,Marco,Garcia,guest004184@email.com,Family,UK,Deluxe,False,2022-12-16,1,4.9
GUEST004185,Klaus,Martin,guest004185@email.com,Leisure,USA,Standard,False,2023-05-31,1,4.1
GUEST004186,Klaus,Rossi,guest004186@email.com,Leisure,Germany,Suite,True,2022-04-25,2,4.1
GUEST004187,Ahmed,Rossi,guest004187@email.com,Leisure,Italy,Family,True,2022-01-07,1,3.7
GUEST004188,Yuki,Martin,guest004188@email.com,Leisure,UK,Standard,True,2023-04-27,5,4.3
GUEST004189,Emma,Mueller,guest004189@email.com,Leisure,Spain,Suite,False,2022-07-03,3,3.8
GUEST004190,Maria,Zhang,guest004190@email.com,Family,Germany,Suite,False,2023-11-21,6,3.7
GUEST004191,Klaus,Johnson,guest004191@email.com,Business,Spain,Suite,True,2024-08-05,2,4.8
GUEST004192,Emma,Schmidt,guest004192@email.com,Business,UK,Family,False,2023-10-16,1,5.0
GUEST004193,Marco,Mueller,guest004193@email.com,Couple,China,Deluxe,True,2022-07-18,5,3.7
GUEST004194,Maria,Garcia,guest004194@email.com,Business,Belgium,Deluxe,False,2022-08-07,2,4.9
GUEST004195,Klaus,Martin,guest004195@email.com,Leisure,USA,Penthouse,False,2022-11-09,1,4.1
GUEST004196,Yuki,Martin,guest004196@email.com,Leisure,Greece,Penthouse,False,2023-04-29,4,4.6
GUEST004197,Maria,Brown,guest004197@email.com,Couple,Italy,Standard,True,2024-08-07,4,5.0
GUEST004198,Lucia,Garcia,guest004198@email.com,Leisure,Belgium,Standard,True,2023-08-08,9,4.1
GUEST004199,Ahmed,Schmidt,guest004199@email.com,Business,Spain,Penthouse,True,2022-06-10,2,4.0
GUEST004200,Sophie,Zhang,guest004200@email.com,Couple,Italy,Suite,False,2024-03-15,4,4.5
GUEST004201,Ahmed,Mueller,guest004201@email.com,Leisure,Italy,Penthouse,False,2023-09-17,2,4.8
GUEST004202,Ahmed,Schmidt,guest004202@email.com,Business,China,Standard,False,2024-09-06,1,3.5
GUEST004203,Marco,Rossi,guest004203@email.com,Couple,USA,Family,False,2023-11-01,2,4.7
GUEST004204,Lucia,Zhang,guest004204@email.com,Solo Travel,Netherlands,Family,False,2024-03-09,6,3.6
GUEST004205,Klaus,Garcia,guest004205@email.com,Business,UK,Penthouse,True,2024-08-13,5,4.7
GUEST004206,Klaus,Rossi,guest004206@email.com,Solo Travel,Netherlands,Family,False,2024-08-14,1,3.8
GUEST004207,Klaus,Schmidt,guest004207@email.com,Business,Greece,Deluxe,True,2022-05-29,2,4.0
GUEST004208,Klaus,Schmidt,guest004208@email.com,Leisure,USA,Family,False,2024-01-15,5,3.6
GUEST004209,Yuki,Schmidt,guest004209@email.com,Solo Travel,Germany,Deluxe,False,2023-04-06,6,3.8
GUEST004210,Klaus,Zhang,guest004210@email.com,Couple,Greece,Deluxe,False,2023-07-31,6,3.8
GUEST004211,Francesca,Zhang,guest004211@email.com,Business,Netherlands,Suite,False,2022-01-06,12,4.1
GUEST004212,Francesca,Smith,guest004212@email.com,Couple,Greece,Suite,True,2024-09-18,19,3.9
GUEST004213,Francesca,Schmidt,guest004213@email.com,Couple,China,Family,False,2023-10-24,12,4.5
GUEST004214,Ahmed,Rossi,guest004214@email.com,Business,China,Family,False,2024-02-25,3,4.6
GUEST004215,Klaus,Smith,guest004215@email.com,Family,Spain,Family,True,2024-04-18,4,4.9
GUEST004216,Sophie,Garcia,guest004216@email.com,Leisure,Netherlands,Standard,False,2023-11-09,2,3.2
GUEST004217,Klaus,Brown,guest004217@email.com,Leisure,Italy,Family,True,2024-05-02,7,3.7
GUEST004218,Yuki,Smith,guest004218@email.com,Leisure,USA,Penthouse,False,2022-11-26,2,4.3
GUEST004219,Francesca,Zhang,guest004219@email.com,Leisure,UK,Penthouse,True,2022-11-30,6,4.6
GUEST004220,Marco,Martin,guest004220@email.com,Leisure,Spain,Suite,False,2024-01-27,2,3.9
GUEST004221,Sophie,Garcia,guest004221@email.com,Family,Spain,Family,False,2023-09-25,1,4.2
GUEST004222,Marco,Rossi,guest004222@email.com,Leisure,China,Suite,False,2024-05-26,1,4.1
GUEST004223,Klaus,Johnson,guest004223@email.com,Business,China,Deluxe,True,2022-03-18,6,3.6
GUEST004224,Sophie,Mueller,guest004224@email.com,Business,France,Family,True,2022-11-30,3,3.5
GUEST004225,Emma,Weber,guest004225@email.com,Family,Spain,Family,False,2023-04-27,6,4.6
GUEST004226,John,Zhang,guest004226@email.com,Solo Travel,Italy,Family,False,2023-12-06,6,4.4
GUEST004227,Emma,Garcia,guest004227@email.com,Family,UK,Suite,True,2022-10-14,2,4.9
GUEST004228,Lucia,Weber,guest004228@email.com,Leisure,Greece,Family,False,2023-01-20,3,5.0
GUEST004229,John,Johnson,guest004229@email.com,Couple,Italy,Family,False,2022-02-27,1,4.7
GUEST004230,Yuki,Brown,guest004230@email.com,Leisure,Netherlands,Deluxe,False,2023-07-05,1,4.8
GUEST004231,Yuki,Rossi,guest004231@email.com,Leisure,Germany,Family,False,2024-08-03,1,4.6
GUEST004232,Klaus,Johnson,guest004232@email.com,Solo Travel,USA,Suite,False,2023-04-29,5,3.4
GUEST004233,Ahmed,Johnson,guest004233@email.com,Couple,France,Suite,False,2022-11-29,1,3.8
GUEST004234,Francesca,Mueller,guest004234@email.com,Business,Greece,Suite,True,2024-06-13,6,4.7
GUEST004235,Ahmed,Weber,guest004235@email.com,Leisure,Spain,Family,False,2022-11-03,10,3.9
GUEST004236,Lucia,Garcia,guest004236@email.com,Leisure,Spain,Suite,False,2023-07-30,1,5.0
GUEST004237,Maria,Rossi,guest004237@email.com,Couple,Belgium,Deluxe,True,2022-09-09,4,4.8
GUEST004238,Yuki,Weber,guest004238@email.com,Business,France,Standard,True,2023-07-14,3,4.0
GUEST004239,Klaus,Martin,guest004239@email.com,Solo Travel,USA,Penthouse,True,2023-06-28,3,4.0
GUEST004240,Klaus,Smith,guest004240@email.com,Business,Greece,Penthouse,False,2022-05-24,1,4.2
GUEST004241,Maria,Schmidt,guest004241@email.com,Couple,Netherlands,Deluxe,False,2024-09-07,1,4.8
GUEST004242,Yuki,Rossi,guest004242@email.com,Couple,Spain,Standard,True,2024-02-05,1,4.0
GUEST004243,Sophie,Mueller,guest004243@email.com,Leisure,Germany,Standard,False,2022-11-25,2,4.5
GUEST004244,Emma,Garcia,guest004244@email.com,Leisure,Spain,Standard,False,2023-04-17,7,5.0
GUEST004245,Yuki,Schmidt,guest004245@email.com,Business,USA,Standard,False,2022-07-23,5,4.0
GUEST004246,Klaus,Brown,guest004246@email.com,Leisure,Italy,Penthouse,True,2023-09-11,5,5.0
GUEST004247,John,Mueller,guest004247@email.com,Business,Spain,Suite,True,2022-05-03,5,4.1
GUEST004248,Francesca,Zhang,guest004248@email.com,Leisure,Belgium,Standard,False,2023-02-10,12,4.0
GUEST004249,Emma,Smith,guest004249@email.com,Leisure,Greece,Family,False,2024-05-01,6,3.8
GUEST004250,Marco,Smith,guest004250@email.com,Couple,China,Deluxe,False,2024-07-23,2,4.3
GUEST004251,Marco,Schmidt,guest004251@email.com,Business,Spain,Standard,True,2022-01-17,3,3.6
GUEST004252,Lucia,Zhang,guest004252@email.com,Leisure,Italy,Penthouse,True,2022-02-02,2,4.3
GUEST004253,Marco,Schmidt,guest004253@email.com,Business,USA,Suite,False,2024-03-20,1,3.5
GUEST004254,Marco,Rossi,guest004254@email.com,Family,UK,Deluxe,False,2022-10-17,4,5.0
GUEST004255,Lucia,Schmidt,guest004255@email.com,Couple,Belgium,Suite,False,2023-10-12,6,4.7
GUEST004256,Maria,Johnson,guest004256@email.com,Leisure,Germany,Family,False,2023-08-02,9,4.3
GUEST004257,Maria,Martin,guest004257@email.com,Business,USA,Penthouse,False,2024-03-10,2,3.2
GUEST004258,Maria,Martin,guest004258@email.com,Business,USA,Family,True,2022-06-12,1,4.9
GUEST004259,Marco,Johnson,guest004259@email.com,Family,France,Suite,True,2023-08-11,2,4.1
GUEST004260,Emma,Weber,guest004260@email.com,Business,Italy,Family,False,2023-10-28,1,4.0
GUEST004261,Sophie,Johnson,guest004261@email.com,Leisure,Greece,Deluxe,False,2024-02-25,9,3.8
GUEST004262,Francesca,Brown,guest004262@email.com,Business,China,Family,False,2023-04-22,3,3.7
GUEST004263,Emma,Mueller,guest004263@email.com,Business,Greece,Suite,True,2023-10-29,1,4.2
GUEST004264,Yuki,Johnson,guest004264@email.com,Leisure,Netherlands,Family,True,2022-07-06,8,4.3
GUEST004265,Lucia,Schmidt,guest004265@email.com,Business,USA,Penthouse,True,2023-04-10,2,3.9
GUEST004266,Marco,Zhang,guest004266@email.com,Business,Spain,Suite,False,2024-06-29,1,4.1
GUEST004267,John,Zhang,guest004267@email.com,Leisure,Italy,Suite,False,2023-08-12,2,4.6
GUEST004268,Klaus,Smith,guest004268@email.com,Family,Belgium,Deluxe,False,2023-10-01,4,4.4
GUEST004269,Francesca,Smith,guest004269@email.com,Business,France,Penthouse,False,2022-01-09,8,3.8
GUEST004270,Sophie,Schmidt,guest004270@email.com,Leisure,Netherlands,Deluxe,False,2023-03-14,4,3.8
GUEST004271,Ahmed,Brown,guest004271@email.com,Leisure,Greece,Deluxe,True,2024-05-26,1,4.3
GUEST004272,Sophie,Weber,guest004272@email.com,Leisure,Italy,Family,False,2023-11-22,2,4.4
GUEST004273,Yuki,Martin,guest004273@email.com,Leisure,Spain,Deluxe,False,2023-04-14,4,3.9
GUEST004274,Sophie,Weber,guest004274@email.com,Family,Italy,Deluxe,False,2024-08-05,1,4.9
GUEST004275,Yuki,Weber,guest004275@email.com,Leisure,Greece,Deluxe,True,2022-06-06,6,4.8
GUEST004276,Sophie,Mueller,guest004276@email.com,Solo Travel,USA,Family,False,2022-07-31,1,4.3
GUEST004277,Klaus,Mueller,guest004277@email.com,Couple,Germany,Standard,False,2022-04-14,1,4.0
GUEST004278,John,Martin,guest004278@email.com,Couple,Italy,Suite,True,2023-09-09,2,4.3
GUEST004279,John,Mueller,guest004279@email.com,Business,Germany,Standard,True,2023-07-08,1,4.2
GUEST004280,Yuki,Johnson,guest004280@email.com,Family,Spain,Deluxe,False,2022-12-02,2,4.6
GUEST004281,Yuki,Garcia,guest004281@email.com,Family,Netherlands,Suite,False,2023-11-05,3,4.8
GUEST004282,Sophie,Garcia,guest004282@email.com,Family,USA,Family,True,2022-11-07,5,4.2
GUEST004283,Ahmed,Zhang,guest004283@email.com,Family,Greece,Suite,False,2022-10-05,1,3.6
GUEST004284,Sophie,Garcia,guest004284@email.com,Couple,China,Standard,False,2024-03-01,5,4.2
GUEST004285,Yuki,Smith,guest004285@email.com,Business,Germany,Penthouse,False,2022-05-21,1,4.5
GUEST004286,Emma,Johnson,guest004286@email.com,Leisure,Belgium,Standard,False,2024-05-04,3,4.5
GUEST004287,Francesca,Smith,guest004287@email.com,Family,Greece,Standard,True,2023-03-31,4,2.9
GUEST004288,Sophie,Zhang,guest004288@email.com,Couple,France,Standard,True,2022-02-20,1,3.6
GUEST004289,Emma,Rossi,guest004289@email.com,Leisure,Belgium,Family,True,2023-02-13,4,4.3
GUEST004290,Sophie,Garcia,guest004290@email.com,Solo Travel,USA,Family,False,2024-02-29,1,3.7
GUEST004291,Francesca,Weber,guest004291@email.com,Leisure,Italy,Family,False,2024-04-14,2,3.7
GUEST004292,Maria,Johnson,guest004292@email.com,Couple,UK,Penthouse,False,2024-09-19,1,4.6
GUEST004293,Ahmed,Martin,guest004293@email.com,Family,Germany,Standard,False,2024-07-24,2,3.9
GUEST004294,Lucia,Martin,guest004294@email.com,Leisure,Greece,Deluxe,True,2022-05-05,1,4.8
GUEST004295,Ahmed,Garcia,guest004295@email.com,Business,Greece,Deluxe,False,2022-05-04,9,4.2
GUEST004296,Emma,Weber,guest004296@email.com,Leisure,Belgium,Penthouse,False,2023-01-02,9,4.3
GUEST004297,Yuki,Zhang,guest004297@email.com,Business,Spain,Standard,False,2022-07-15,2,4.5
GUEST004298,Sophie,Johnson,guest004298@email.com,Business,USA,Family,False,2024-03-29,1,4.3
GUEST004299,Marco,Schmidt,guest004299@email.com,Family,USA,Suite,False,2023-05-05,2,4.4
GUEST004300,Klaus,Martin,guest004300@email.com,Business,Belgium,Suite,True,2022-04-25,2,4.3
GUEST004301,Emma,Smith,guest004301@email.com,Leisure,Netherlands,Family,False,2022-01-08,5,4.3
GUEST004302,Francesca,Zhang,guest004302@email.com,Leisure,USA,Suite,False,2023-02-14,1,5.0
GUEST004303,Maria,Schmidt,guest004303@email.com,Solo Travel,Netherlands,Suite,True,2023-01-05,4,3.2
GUEST004304,Klaus,Johnson,guest004304@email.com,Leisure,Greece,Suite,False,2023-03-21,9,4.4
GUEST004305,Klaus,Garcia,guest004305@email.com,Leisure,Italy,Penthouse,False,2023-12-20,3,4.3
GUEST004306,Maria,Zhang,guest004306@email.com,Family,Netherlands,Penthouse,False,2024-06-15,10,4.6
GUEST004307,Emma,Smith,guest004307@email.com,Leisure,Germany,Standard,False,2024-09-01,2,3.8
GUEST004308,Klaus,Schmidt,guest004308@email.com,Business,Spain,Penthouse,False,2022-02-16,1,3.6
GUEST004309,Ahmed,Garcia,guest004309@email.com,Leisure,USA,Standard,True,2022-07-01,6,4.6
GUEST004310,Lucia,Smith,guest004310@email.com,Business,USA,Suite,True,2022-05-12,4,3.8
GUEST004311,Marco,Mueller,guest004311@email.com,Family,France,Suite,False,2022-05-24,1,3.8
GUEST004312,Emma,Smith,guest004312@email.com,Couple,USA,Penthouse,False,2022-03-04,1,4.4
GUEST004313,Lucia,Garcia,guest004313@email.com,Solo Travel,Italy,Deluxe,False,2024-06-06,1,3.7
GUEST004314,Klaus,Schmidt,guest004314@email.com,Family,Germany,Family,True,2023-09-25,12,4.0
GUEST004315,Francesca,Mueller,guest004315@email.com,Leisure,France,Standard,True,2023-03-06,1,4.7
GUEST004316,Ahmed,Mueller,guest004316@email.com,Family,France,Family,False,2024-08-16,1,4.1
GUEST004317,Marco,Mueller,guest004317@email.com,Leisure,Spain,Suite,True,2024-01-30,9,4.0
GUEST004318,Ahmed,Schmidt,guest004318@email.com,Business,Belgium,Deluxe,False,2024-06-19,2,3.7
GUEST004319,Maria,Mueller,guest004319@email.com,Business,Spain,Deluxe,True,2022-01-31,9,4.1
GUEST004320,Emma,Garcia,guest004320@email.com,Leisure,China,Penthouse,False,2022-11-10,2,4.8
GUEST004321,Francesca,Schmidt,guest004321@email.com,Business,China,Deluxe,False,2024-07-19,4,4.4
GUEST004322,Klaus,Weber,guest004322@email.com,Leisure,USA,Penthouse,False,2022-11-25,3,3.7
GUEST004323,John,Smith,guest004323@email.com,Family,France,Family,True,2022-12-06,3,4.7
GUEST004324,John,Rossi,guest004324@email.com,Business,Netherlands,Deluxe,True,2022-02-05,1,3.6
GUEST004325,Ahmed,Zhang,guest004325@email.com,Business,China,Standard,False,2022-02-17,1,4.0
GUEST004326,Marco,Zhang,guest004326@email.com,Business,Greece,Suite,False,2024-02-20,3,4.2
GUEST004327,Lucia,Martin,guest004327@email.com,Couple,Italy,Deluxe,True,2022-06-23,10,5.0
GUEST004328,Ahmed,Johnson,guest004328@email.com,Solo Travel,Netherlands,Standard,False,2022-01-16,5,5.0
GUEST004329,Yuki,Garcia,guest004329@email.com,Family,China,Penthouse,False,2022-04-05,3,4.3
GUEST004330,Francesca,Johnson,guest004330@email.com,Family,Spain,Family,False,2022-04-26,2,3.4
GUEST004331,Emma,Rossi,guest004331@email.com,Business,Belgium,Penthouse,False,2023-03-02,2,4.4
GUEST004332,Marco,Rossi,guest004332@email.com,Business,USA,Suite,True,2022-05-18,2,4.5
GUEST004333,Lucia,Smith,guest004333@email.com,Family,Netherlands,Deluxe,False,2022-11-15,7,3.5
GUEST004334,Emma,Rossi,guest004334@email.com,Leisure,Italy,Family,True,2024-07-10,7,3.5
GUEST004335,Klaus,Mueller,guest004335@email.com,Solo Travel,Italy,Family,False,2022-11-27,2,4.1
GUEST004336,Marco,Schmidt,guest004336@email.com,Family,USA,Deluxe,True,2024-09-06,1,5.0
GUEST004337,Lucia,Johnson,guest004337@email.com,Couple,UK,Family,False,2023-05-05,3,3.6
GUEST004338,Emma,Weber,guest004338@email.com,Leisure,Italy,Suite,False,2022-07-20,2,4.7
GUEST004339,Ahmed,Garcia,guest004339@email.com,Leisure,Netherlands,Suite,False,2023-06-12,1,3.5
GUEST004340,Ahmed,Mueller,guest004340@email.com,Couple,Spain,Penthouse,True,2022-08-19,3,3.8
GUEST004341,Maria,Johnson,guest004341@email.com,Business,France,Family,False,2024-01-05,4,4.2
GUEST004342,Francesca,Brown,guest004342@email.com,Leisure,Belgium,Deluxe,False,2024-06-27,1,3.9
GUEST004343,Lucia,Johnson,guest004343@email.com,Family,France,Family,False,2022-09-13,1,3.6
GUEST004344,Sophie,Brown,guest004344@email.com,Couple,Germany,Standard,True,2022-07-09,1,4.0
GUEST004345,Klaus,Schmidt,guest004345@email.com,Leisure,Germany,Deluxe,False,2023-12-29,2,4.4
GUEST004346,Emma,Weber,guest004346@email.com,Couple,Italy,Standard,False,2023-06-17,1,3.7
GUEST004347,Marco,Weber,guest004347@email.com,Couple,France,Standard,False,2024-06-23,10,4.4
GUEST004348,Klaus,Mueller,guest004348@email.com,Business,Greece,Deluxe,False,2022-12-02,3,4.4
GUEST004349,Francesca,Schmidt,guest004349@email.com,Business,Netherlands,Standard,False,2023-11-09,4,4.5
GUEST004350,Ahmed,Weber,guest004350@email.com,Family,France,Penthouse,False,2024-01-25,3,3.8
GUEST004351,John,Zhang,guest004351@email.com,Family,France,Standard,False,2023-10-10,5,4.2
GUEST004352,John,Garcia,guest004352@email.com,Family,China,Deluxe,False,2022-07-06,5,3.9
GUEST004353,John,Mueller,guest004353@email.com,Solo Travel,France,Standard,True,2023-10-12,2,5.0
GUEST004354,John,Garcia,guest004354@email.com,Business,Netherlands,Family,False,2022-06-15,8,3.8
GUEST004355,Francesca,Schmidt,guest004355@email.com,Couple,Spain,Family,False,2022-01-12,1,4.0
GUEST004356,Lucia,Rossi,guest004356@email.com,Leisure,Greece,Standard,False,2023-05-11,1,4.9
GUEST004357,Yuki,Garcia,guest004357@email.com,Family,Germany,Deluxe,True,2023-10-06,1,4.5
GUEST004358,Lucia,Zhang,guest004358@email.com,Leisure,Netherlands,Family,False,2023-04-08,2,4.1
GUEST004359,Sophie,Rossi,guest004359@email.com,Family,UK,Family,False,2023-09-29,4,5.0
GUEST004360,Klaus,Martin,guest004360@email.com,Leisure,Netherlands,Deluxe,False,2023-03-27,1,4.9
GUEST004361,Maria,Brown,guest004361@email.com,Business,Belgium,Standard,False,2023-11-03,2,4.4
GUEST004362,Marco,Schmidt,guest004362@email.com,Business,Greece,Family,False,2022-12-12,3,3.6
GUEST004363,Ahmed,Brown,guest004363@email.com,Solo Travel,Italy,Penthouse,True,2022-12-16,1,4.4
GUEST004364,Emma,Martin,guest004364@email.com,Leisure,UK,Deluxe,False,2023-04-13,1,3.9
GUEST004365,Maria,Schmidt,guest004365@email.com,Leisure,UK,Family,False,2024-02-21,5,4.4
GUEST004366,Marco,Brown,guest004366@email.com,Leisure,Netherlands,Penthouse,False,2022-03-06,3,4.2
GUEST004367,Yuki,Zhang,guest004367@email.com,Leisure,France,Standard,False,2023-10-20,2,4.8
GUEST004368,John,Martin,guest004368@email.com,Couple,Belgium,Suite,True,2022-05-10,1,4.5
GUEST004369,Maria,Garcia,guest004369@email.com,Leisure,USA,Family,True,2024-09-25,6,4.1
GUEST004370,Emma,Johnson,guest004370@email.com,Solo Travel,USA,Standard,False,2022-05-04,1,4.5
GUEST004371,Marco,Brown,guest004371@email.com,Leisure,China,Suite,False,2022-05-10,2,5.0
GUEST004372,Yuki,Brown,guest004372@email.com,Leisure,Germany,Suite,False,2023-04-09,5,3.5
GUEST004373,Francesca,Martin,guest004373@email.com,Business,France,Standard,False,2024-08-20,2,5.0
GUEST004374,Maria,Martin,guest004374@email.com,Leisure,France,Penthouse,False,2022-07-06,1,4.6
GUEST004375,Francesca,Martin,guest004375@email.com,Leisure,Belgium,Deluxe,False,2022-07-19,1,4.4
GUEST004376,Ahmed,Garcia,guest004376@email.com,Leisure,Greece,Penthouse,False,2024-03-05,3,4.2
GUEST004377,John,Garcia,guest004377@email.com,Business,France,Penthouse,True,2024-01-22,4,4.8
GUEST004378,Yuki,Martin,guest004378@email.com,Business,Netherlands,Standard,True,2023-09-08,3,4.1
GUEST004379,Ahmed,Weber,guest004379@email.com,Leisure,USA,Family,False,2024-05-30,8,4.8
GUEST004380,Marco,Martin,guest004380@email.com,Leisure,Netherlands,Standard,False,2022-02-18,5,3.2
GUEST004381,Marco,Schmidt,guest004381@email.com,Leisure,China,Suite,True,2023-07-07,4,4.1
GUEST004382,Sophie,Martin,guest004382@email.com,Business,Belgium,Deluxe,True,2022-06-20,2,4.5
GUEST004383,Yuki,Mueller,guest004383@email.com,Family,Netherlands,Standard,False,2022-04-13,2,4.8
GUEST004384,Ahmed,Weber,guest004384@email.com,Leisure,Belgium,Deluxe,False,2022-08-20,6,4.6
GUEST004385,Ahmed,Martin,guest004385@email.com,Family,Italy,Deluxe,False,2024-08-22,6,3.6
GUEST004386,Lucia,Zhang,guest004386@email.com,Leisure,Belgium,Deluxe,True,2024-05-28,3,4.0
GUEST004387,Sophie,Brown,guest004387@email.com,Family,USA,Family,True,2022-02-20,2,4.1
GUEST004388,Francesca,Brown,guest004388@email.com,Business,Germany,Deluxe,False,2023-02-04,1,3.6
GUEST004389,Marco,Zhang,guest004389@email.com,Leisure,Germany,Family,True,2024-07-04,2,4.1
GUEST004390,Emma,Rossi,guest004390@email.com,Family,Greece,Penthouse,False,2022-11-26,1,4.6
GUEST004391,Ahmed,Brown,guest004391@email.com,Family,France,Penthouse,False,2022-01-01,2,3.7
GUEST004392,Maria,Brown,guest004392@email.com,Leisure,Germany,Family,False,2023-12-27,1,4.6
GUEST004393,Marco,Brown,guest004393@email.com,Business,France,Standard,False,2022-08-02,4,4.9
GUEST004394,Lucia,Weber,guest004394@email.com,Leisure,Belgium,Penthouse,False,2024-09-09,6,4.3
GUEST004395,Maria,Smith,guest004395@email.com,Business,Greece,Family,False,2024-02-13,1,4.1
GUEST004396,Francesca,Mueller,guest004396@email.com,Leisure,Greece,Suite,False,2022-05-28,4,3.9
GUEST004397,Emma,Mueller,guest004397@email.com,Leisure,Belgium,Suite,True,2024-02-22,5,3.5
GUEST004398,Sophie,Zhang,guest004398@email.com,Couple,Greece,Deluxe,True,2024-03-16,5,4.4
GUEST004399,Ahmed,Zhang,guest004399@email.com,Business,Italy,Suite,False,2023-02-05,1,3.5
GUEST004400,Lucia,Garcia,guest004400@email.com,Business,USA,Deluxe,False,2022-09-12,4,4.4
GUEST004401,Yuki,Johnson,guest004401@email.com,Leisure,USA,Standard,False,2022-08-20,3,4.1
GUEST004402,Klaus,Mueller,guest004402@email.com,Leisure,Germany,Family,False,2024-07-03,7,3.7
GUEST004403,Francesca,Johnson,guest004403@email.com,Business,USA,Standard,False,2024-01-14,1,5.0
GUEST004404,Lucia,Mueller,guest004404@email.com,Family,Germany,Penthouse,False,2022-07-30,11,4.6
GUEST004405,Emma,Mueller,guest004405@email.com,Leisure,Italy,Suite,False,2023-11-20,9,4.4
GUEST004406,Klaus,Schmidt,guest004406@email.com,Leisure,USA,Family,True,2022-01-12,3,4.2
GUEST004407,Maria,Martin,guest004407@email.com,Solo Travel,USA,Deluxe,True,2022-11-15,2,4.9
GUEST004408,Marco,Johnson,guest004408@email.com,Solo Travel,Netherlands,Penthouse,False,2024-03-01,2,5.0
GUEST004409,Lucia,Rossi,guest004409@email.com,Leisure,Belgium,Deluxe,False,2022-08-26,5,4.3
GUEST004410,Emma,Brown,guest004410@email.com,Business,France,Standard,False,2024-04-21,3,4.5
GUEST004411,Maria,Martin,guest004411@email.com,Solo Travel,Spain,Penthouse,False,2024-01-31,10,5.0
GUEST004412,Lucia,Rossi,guest004412@email.com,Leisure,Spain,Family,False,2022-06-07,2,3.9
GUEST004413,Maria,Schmidt,guest004413@email.com,Leisure,Netherlands,Deluxe,False,2024-06-15,6,4.1
GUEST004414,Klaus,Smith,guest004414@email.com,Family,Italy,Standard,False,2023-01-26,2,3.9
GUEST004415,Klaus,Johnson,guest004415@email.com,Business,Italy,Penthouse,True,2023-10-04,3,4.8
GUEST004416,Emma,Zhang,guest004416@email.com,Couple,USA,Family,False,2023-08-23,3,4.7
GUEST004417,Ahmed,Rossi,guest004417@email.com,Business,Italy,Penthouse,True,2024-02-16,5,3.7
GUEST004418,Klaus,Garcia,guest004418@email.com,Leisure,Belgium,Family,False,2023-06-20,2,3.0
GUEST004419,Maria,Johnson,guest004419@email.com,Leisure,Italy,Suite,False,2024-01-20,4,4.6
GUEST004420,Lucia,Weber,guest004420@email.com,Family,China,Suite,False,2024-06-04,6,4.6
GUEST004421,Yuki,Garcia,guest004421@email.com,Leisure,Greece,Deluxe,True,2024-06-09,1,4.3
GUEST004422,Emma,Zhang,guest004422@email.com,Business,China,Standard,False,2023-03-08,4,4.6
GUEST004423,John,Johnson,guest004423@email.com,Family,Italy,Suite,True,2024-06-04,3,3.3
GUEST004424,Klaus,Brown,guest004424@email.com,Couple,Italy,Standard,True,2024-07-15,1,3.9
GUEST004425,Klaus,Martin,guest004425@email.com,Business,USA,Family,False,2022-12-03,3,5.0
GUEST004426,Francesca,Brown,guest004426@email.com,Couple,UK,Suite,False,2023-01-01,12,4.2
GUEST004427,Maria,Smith,guest004427@email.com,Solo Travel,Italy,Family,False,2022-04-14,2,3.6
GUEST004428,Emma,Garcia,guest004428@email.com,Leisure,Germany,Deluxe,True,2023-08-23,8,4.0
GUEST004429,Emma,Garcia,guest004429@email.com,Family,Germany,Penthouse,False,2023-08-29,6,3.7
GUEST004430,Francesca,Brown,guest004430@email.com,Business,China,Standard,False,2022-04-17,1,4.2
GUEST004431,Emma,Martin,guest004431@email.com,Business,France,Deluxe,False,2023-09-14,3,4.4
GUEST004432,Lucia,Zhang,guest004432@email.com,Family,China,Suite,False,2023-09-14,7,4.6
GUEST004433,Marco,Zhang,guest004433@email.com,Leisure,France,Family,True,2022-02-13,3,4.8
GUEST004434,Lucia,Johnson,guest004434@email.com,Leisure,Netherlands,Deluxe,True,2023-08-28,5,4.0
GUEST004435,Maria,Weber,guest004435@email.com,Leisure,Belgium,Suite,False,2022-04-08,5,3.6
GUEST004436,Maria,Garcia,guest004436@email.com,Solo Travel,China,Penthouse,True,2023-01-05,1,4.2
GUEST004437,Lucia,Weber,guest004437@email.com,Family,Belgium,Penthouse,False,2023-03-08,1,5.0
GUEST004438,Francesca,Smith,guest004438@email.com,Leisure,Greece,Deluxe,False,2022-12-22,1,3.9
GUEST004439,Emma,Rossi,guest004439@email.com,Solo Travel,Belgium,Penthouse,False,2023-08-11,5,4.3
GUEST004440,Marco,Smith,guest004440@email.com,Business,China,Suite,False,2024-08-20,1,4.6
GUEST004441,Francesca,Zhang,guest004441@email.com,Couple,Spain,Penthouse,False,2023-11-17,1,3.7
GUEST004442,John,Garcia,guest004442@email.com,Business,USA,Standard,True,2023-08-04,3,4.7
GUEST004443,Ahmed,Smith,guest004443@email.com,Family,USA,Penthouse,False,2023-10-08,3,3.8
GUEST004444,Yuki,Johnson,guest004444@email.com,Couple,China,Standard,False,2022-10-27,11,4.3
GUEST004445,Francesca,Smith,guest004445@email.com,Business,Netherlands,Family,False,2024-01-17,1,3.9
GUEST004446,Emma,Brown,guest004446@email.com,Couple,Italy,Standard,False,2023-01-03,3,4.1
GUEST004447,Yuki,Schmidt,guest004447@email.com,Business,UK,Family,False,2024-09-23,9,4.2
GUEST004448,Sophie,Brown,guest004448@email.com,Business,USA,Deluxe,False,2023-04-02,1,2.9
GUEST004449,John,Schmidt,guest004449@email.com,Solo Travel,Italy,Suite,False,2023-04-15,2,5.0
GUEST004450,Klaus,Mueller,guest004450@email.com,Family,Netherlands,Penthouse,False,2022-08-03,5,4.2
GUEST004451,Marco,Martin,guest004451@email.com,Business,USA,Suite,False,2023-10-26,3,3.7
GUEST004452,Yuki,Zhang,guest004452@email.com,Leisure,Greece,Deluxe,False,2024-02-11,3,2.9
GUEST004453,Yuki,Mueller,guest004453@email.com,Leisure,Netherlands,Standard,True,2024-05-14,7,4.5
GUEST004454,Emma,Johnson,guest004454@email.com,Family,Greece,Penthouse,False,2022-12-08,2,4.3
GUEST004455,Yuki,Weber,guest004455@email.com,Leisure,UK,Deluxe,False,2023-07-06,8,4.8
GUEST004456,Sophie,Schmidt,guest004456@email.com,Leisure,Greece,Deluxe,False,2024-04-28,1,4.0
GUEST004457,Klaus,Johnson,guest004457@email.com,Leisure,UK,Suite,False,2024-07-25,4,4.7
GUEST004458,Maria,Zhang,guest004458@email.com,Family,Italy,Penthouse,False,2022-11-17,1,3.7
GUEST004459,Lucia,Rossi,guest004459@email.com,Business,Germany,Penthouse,False,2023-10-17,9,4.3
GUEST004460,Ahmed,Zhang,guest004460@email.com,Leisure,France,Suite,False,2022-07-27,1,4.5
GUEST004461,Klaus,Rossi,guest004461@email.com,Couple,Italy,Family,True,2022-12-26,15,4.1
GUEST004462,Yuki,Rossi,guest004462@email.com,Business,USA,Penthouse,False,2024-07-06,3,3.8
GUEST004463,Yuki,Mueller,guest004463@email.com,Solo Travel,France,Standard,True,2024-09-09,4,4.2
GUEST004464,Ahmed,Schmidt,guest004464@email.com,Couple,China,Standard,False,2022-01-17,2,3.9
GUEST004465,Maria,Garcia,guest004465@email.com,Leisure,USA,Suite,False,2023-08-19,1,3.7
GUEST004466,Klaus,Martin,guest004466@email.com,Leisure,Belgium,Deluxe,False,2023-12-19,1,3.8
GUEST004467,Marco,Brown,guest004467@email.com,Couple,USA,Standard,True,2024-02-14,1,3.6
GUEST004468,Marco,Martin,guest004468@email.com,Business,UK,Deluxe,True,2022-07-02,10,5.0
GUEST004469,Francesca,Weber,guest004469@email.com,Family,Netherlands,Penthouse,False,2023-12-14,3,3.7
GUEST004470,Maria,Garcia,guest004470@email.com,Leisure,China,Family,True,2022-04-06,1,4.7
GUEST004471,Maria,Weber,guest004471@email.com,Business,Greece,Suite,False,2024-07-25,2,4.4
GUEST004472,Francesca,Brown,guest004472@email.com,Leisure,UK,Deluxe,False,2022-05-30,2,4.7
GUEST004473,Yuki,Martin,guest004473@email.com,Business,Italy,Deluxe,True,2022-12-29,3,4.0
GUEST004474,Francesca,Mueller,guest004474@email.com,Business,Greece,Deluxe,True,2024-08-01,9,3.9
GUEST004475,Francesca,Johnson,guest004475@email.com,Leisure,France,Penthouse,False,2024-05-15,3,4.2
GUEST004476,Klaus,Weber,guest004476@email.com,Solo Travel,Greece,Family,False,2023-08-07,5,3.5
GUEST004477,Maria,Schmidt,guest004477@email.com,Solo Travel,Netherlands,Penthouse,False,2022-08-19,3,4.3
GUEST004478,Emma,Smith,guest004478@email.com,Leisure,USA,Penthouse,False,2022-09-09,2,5.0
GUEST004479,Marco,Mueller,guest004479@email.com,Leisure,Germany,Standard,True,2023-11-15,4,4.8
GUEST004480,Klaus,Smith,guest004480@email.com,Business,Germany,Deluxe,True,2023-05-22,4,4.5
GUEST004481,Sophie,Garcia,guest004481@email.com,Business,USA,Deluxe,False,2022-09-09,5,4.6
GUEST004482,Sophie,Rossi,guest004482@email.com,Family,USA,Standard,False,2023-10-26,1,4.4
GUEST004483,Sophie,Mueller,guest004483@email.com,Family,Germany,Deluxe,False,2022-01-13,14,5.0
GUEST004484,Klaus,Garcia,guest004484@email.com,Business,Belgium,Deluxe,True,2024-09-14,6,4.7
GUEST004485,John,Weber,guest004485@email.com,Solo Travel,Italy,Suite,False,2023-05-10,1,4.7
GUEST004486,Emma,Zhang,guest004486@email.com,Family,UK,Standard,True,2023-07-24,4,3.7
GUEST004487,Marco,Weber,guest004487@email.com,Family,USA,Family,False,2022-07-16,11,4.5
GUEST004488,Francesca,Mueller,guest004488@email.com,Business,USA,Suite,True,2024-05-18,3,4.3
GUEST004489,Marco,Weber,guest004489@email.com,Leisure,Spain,Penthouse,True,2023-02-14,1,3.9
GUEST004490,Lucia,Zhang,guest004490@email.com,Leisure,USA,Standard,True,2024-02-04,1,4.1
GUEST004491,Klaus,Schmidt,guest004491@email.com,Business,USA,Family,False,2024-04-02,4,3.7
GUEST004492,Klaus,Zhang,guest004492@email.com,Family,France,Standard,False,2023-01-15,1,4.1
GUEST004493,Yuki,Garcia,guest004493@email.com,Business,Germany,Penthouse,False,2022-11-24,3,3.5
GUEST004494,Marco,Schmidt,guest004494@email.com,Business,Italy,Suite,False,2022-03-20,6,4.9
GUEST004495,Ahmed,Schmidt,guest004495@email.com,Leisure,Greece,Standard,True,2024-05-30,7,4.1
GUEST004496,Sophie,Martin,guest004496@email.com,Leisure,Germany,Penthouse,False,2023-08-16,5,3.8
GUEST004497,Ahmed,Johnson,guest004497@email.com,Solo Travel,Germany,Family,False,2024-07-28,2,3.6
GUEST004498,Marco,Rossi,guest004498@email.com,Family,Greece,Family,False,2023-07-03,7,3.9
GUEST004499,Yuki,Johnson,guest004499@email.com,Business,China,Penthouse,False,2024-04-06,3,3.9
GUEST004500,Lucia,Garcia,guest004500@email.com,Leisure,Greece,Suite,False,2024-01-08,3,4.5
GUEST004501,Yuki,Martin,guest004501@email.com,Leisure,USA,Standard,False,2024-04-20,1,3.2
GUEST004502,Sophie,Rossi,guest004502@email.com,Business,China,Standard,False,2022-10-03,3,4.6
GUEST004503,Lucia,Smith,guest004503@email.com,Family,Greece,Family,False,2023-04-17,2,4.3
GUEST004504,Lucia,Rossi,guest004504@email.com,Family,Germany,Deluxe,False,2023-05-25,1,3.4
GUEST004505,Lucia,Zhang,guest004505@email.com,Business,Spain,Family,False,2022-03-08,3,4.6
GUEST004506,Ahmed,Smith,guest004506@email.com,Business,China,Standard,False,2023-07-28,2,5.0
GUEST004507,Emma,Martin,guest004507@email.com,Family,USA,Deluxe,False,2023-10-28,4,4.5
GUEST004508,John,Schmidt,guest004508@email.com,Leisure,Belgium,Family,False,2023-05-04,1,4.3
GUEST004509,Ahmed,Johnson,guest004509@email.com,Couple,Spain,Suite,True,2023-11-30,4,5.0
GUEST004510,Yuki,Johnson,guest004510@email.com,Leisure,UK,Penthouse,False,2024-09-04,2,4.4
GUEST004511,Klaus,Weber,guest004511@email.com,Family,Greece,Family,True,2022-09-16,2,4.8
GUEST004512,John,Weber,guest004512@email.com,Business,Italy,Suite,False,2023-05-18,2,4.9
GUEST004513,Francesca,Mueller,guest004513@email.com,Leisure,Spain,Penthouse,True,2023-02-10,1,4.1
GUEST004514,Sophie,Rossi,guest004514@email.com,Leisure,Germany,Deluxe,True,2022-11-14,1,4.4
GUEST004515,Marco,Brown,guest004515@email.com,Couple,UK,Family,False,2022-12-05,2,3.8
GUEST004516,Sophie,Weber,guest004516@email.com,Business,Greece,Suite,False,2024-03-28,1,4.7
GUEST004517,Marco,Zhang,guest004517@email.com,Leisure,Spain,Family,False,2022-05-28,1,5.0
GUEST004518,Marco,Weber,guest004518@email.com,Business,Netherlands,Family,False,2022-11-19,2,3.9
GUEST004519,John,Weber,guest004519@email.com,Solo Travel,UK,Standard,False,2022-02-24,2,5.0
GUEST004520,Yuki,Weber,guest004520@email.com,Couple,Netherlands,Penthouse,True,2022-05-03,2,3.7
GUEST004521,Maria,Weber,guest004521@email.com,Business,Italy,Deluxe,False,2022-03-07,4,4.8
GUEST004522,Marco,Zhang,guest004522@email.com,Family,Germany,Deluxe,False,2024-01-18,2,3.5
GUEST004523,Ahmed,Garcia,guest004523@email.com,Business,Belgium,Deluxe,True,2022-09-12,4,4.1
GUEST004524,Lucia,Mueller,guest004524@email.com,Business,Germany,Suite,True,2024-05-05,1,4.6
GUEST004525,Ahmed,Smith,guest004525@email.com,Family,Italy,Standard,True,2023-10-27,1,4.4
GUEST004526,Emma,Johnson,guest004526@email.com,Family,Netherlands,Standard,False,2022-12-06,1,3.6
GUEST004527,Maria,Johnson,guest004527@email.com,Leisure,Spain,Suite,False,2024-08-26,6,4.3
GUEST004528,Francesca,Weber,guest004528@email.com,Solo Travel,China,Family,False,2023-12-19,1,5.0
GUEST004529,Francesca,Zhang,guest004529@email.com,Business,USA,Suite,False,2023-01-26,3,3.4
GUEST004530,Emma,Mueller,guest004530@email.com,Couple,Greece,Penthouse,False,2024-05-17,1,3.8
GUEST004531,Yuki,Mueller,guest004531@email.com,Leisure,Netherlands,Family,False,2022-04-09,2,3.7
GUEST004532,Klaus,Schmidt,guest004532@email.com,Couple,Belgium,Deluxe,False,2022-07-01,3,3.8
GUEST004533,Francesca,Brown,guest004533@email.com,Couple,UK,Suite,False,2023-05-27,1,4.0
GUEST004534,Maria,Mueller,guest004534@email.com,Couple,France,Suite,False,2022-09-24,1,4.0
GUEST004535,Francesca,Garcia,guest004535@email.com,Business,France,Suite,False,2022-08-21,1,5.0
GUEST004536,Yuki,Johnson,guest004536@email.com,Leisure,France,Standard,True,2022-12-14,5,4.1
GUEST004537,Emma,Johnson,guest004537@email.com,Family,China,Deluxe,False,2023-06-21,3,3.8
GUEST004538,Klaus,Smith,guest004538@email.com,Solo Travel,Germany,Suite,False,2024-06-19,4,4.4
GUEST004539,Lucia,Smith,guest004539@email.com,Family,UK,Standard,True,2023-07-25,2,3.9
GUEST004540,John,Schmidt,guest004540@email.com,Leisure,Belgium,Family,False,2022-04-08,3,4.2
GUEST004541,Ahmed,Smith,guest004541@email.com,Couple,Netherlands,Deluxe,False,2024-09-13,1,4.3
GUEST004542,Marco,Smith,guest004542@email.com,Solo Travel,China,Deluxe,False,2022-01-05,1,3.0
GUEST004543,Yuki,Zhang,guest004543@email.com,Business,Italy,Penthouse,True,2022-11-10,7,4.3
GUEST004544,John,Weber,guest004544@email.com,Couple,Netherlands,Penthouse,False,2023-07-31,2,4.1
GUEST004545,Yuki,Johnson,guest004545@email.com,Business,USA,Standard,True,2024-09-05,6,4.8
GUEST004546,Ahmed,Garcia,guest004546@email.com,Couple,China,Standard,True,2023-10-14,1,4.4
GUEST004547,Lucia,Rossi,guest004547@email.com,Business,Spain,Family,False,2022-07-06,1,4.3
GUEST004548,Marco,Garcia,guest004548@email.com,Business,China,Standard,True,2024-09-26,5,3.5
GUEST004549,Yuki,Johnson,guest004549@email.com,Solo Travel,China,Deluxe,False,2024-06-12,1,4.4
GUEST004550,Ahmed,Weber,guest004550@email.com,Family,Spain,Penthouse,False,2023-01-19,1,3.8
GUEST004551,Lucia,Mueller,guest004551@email.com,Leisure,Italy,Deluxe,False,2024-07-01,3,4.4
GUEST004552,Emma,Mueller,guest004552@email.com,Family,China,Penthouse,True,2023-06-04,2,4.5
GUEST004553,Ahmed,Rossi,guest004553@email.com,Leisure,Greece,Penthouse,False,2022-02-01,1,3.1
GUEST004554,Lucia,Smith,guest004554@email.com,Solo Travel,Italy,Penthouse,False,2024-08-15,2,4.4
GUEST004555,Marco,Johnson,guest004555@email.com,Solo Travel,USA,Deluxe,True,2024-04-06,9,3.8
GUEST004556,Klaus,Brown,guest004556@email.com,Family,Germany,Standard,True,2022-04-21,2,5.0
GUEST004557,Yuki,Mueller,guest004557@email.com,Business,Spain,Suite,False,2023-08-28,1,3.6
GUEST004558,Marco,Mueller,guest004558@email.com,Business,China,Deluxe,True,2024-07-10,4,3.7
GUEST004559,Maria,Rossi,guest004559@email.com,Couple,Germany,Deluxe,True,2022-07-17,5,4.3
GUEST004560,Lucia,Mueller,guest004560@email.com,Couple,Germany,Family,False,2023-09-20,4,3.7
GUEST004561,Yuki,Rossi,guest004561@email.com,Family,China,Family,True,2024-08-08,4,4.1
GUEST004562,Marco,Zhang,guest004562@email.com,Solo Travel,China,Standard,False,2024-03-13,8,4.8
GUEST004563,Emma,Johnson,guest004563@email.com,Leisure,Spain,Suite,True,2023-11-16,3,4.0
GUEST004564,Marco,Johnson,guest004564@email.com,Couple,Germany,Standard,True,2022-12-13,5,4.6
GUEST004565,Sophie,Schmidt,guest004565@email.com,Leisure,France,Family,True,2022-05-25,3,4.2
GUEST004566,Sophie,Rossi,guest004566@email.com,Solo Travel,USA,Standard,True,2022-07-12,2,4.3
GUEST004567,Francesca,Smith,guest004567@email.com,Leisure,Germany,Family,True,2023-01-02,5,4.5
GUEST004568,John,Rossi,guest004568@email.com,Leisure,China,Deluxe,False,2024-04-10,7,3.4
GUEST004569,Lucia,Johnson,guest004569@email.com,Solo Travel,Greece,Suite,True,2024-05-18,3,5.0
GUEST004570,Marco,Johnson,guest004570@email.com,Solo Travel,France,Deluxe,False,2023-11-11,4,3.7
GUEST004571,Yuki,Martin,guest004571@email.com,Couple,Netherlands,Penthouse,False,2023-07-31,10,3.5
GUEST004572,Lucia,Martin,guest004572@email.com,Couple,Italy,Deluxe,False,2023-06-19,3,4.9
GUEST004573,Francesca,Martin,guest004573@email.com,Business,Italy,Deluxe,False,2023-10-21,2,3.5
GUEST004574,Sophie,Brown,guest004574@email.com,Leisure,France,Penthouse,True,2022-11-25,5,4.4
GUEST004575,Ahmed,Rossi,guest004575@email.com,Leisure,Italy,Suite,True,2024-02-21,5,4.6
GUEST004576,Sophie,Brown,guest004576@email.com,Family,USA,Standard,False,2024-08-24,9,3.6
GUEST004577,Francesca,Zhang,guest004577@email.com,Leisure,Italy,Deluxe,False,2023-03-22,1,4.1
GUEST004578,Francesca,Johnson,guest004578@email.com,Family,Spain,Penthouse,True,2023-05-18,5,4.7
GUEST004579,John,Rossi,guest004579@email.com,Leisure,UK,Standard,False,2022-04-17,2,4.7
GUEST004580,Yuki,Martin,guest004580@email.com,Couple,France,Penthouse,False,2023-05-11,2,4.2
GUEST004581,Lucia,Zhang,guest004581@email.com,Solo Travel,Spain,Family,False,2022-11-10,1,3.8
GUEST004582,Emma,Brown,guest004582@email.com,Family,Netherlands,Suite,False,2024-02-29,9,5.0
GUEST004583,John,Martin,guest004583@email.com,Business,Germany,Penthouse,False,2024-05-01,3,4.2
GUEST004584,John,Garcia,guest004584@email.com,Leisure,USA,Penthouse,False,2024-08-27,6,4.3
GUEST004585,Maria,Brown,guest004585@email.com,Business,Germany,Deluxe,False,2024-07-02,2,4.8
GUEST004586,Lucia,Weber,guest004586@email.com,Business,China,Family,True,2023-07-10,3,4.4
GUEST004587,Ahmed,Schmidt,guest004587@email.com,Business,Germany,Suite,False,2024-01-27,3,3.7
GUEST004588,John,Martin,guest004588@email.com,Couple,UK,Family,False,2022-01-29,5,3.9
GUEST004589,John,Brown,guest004589@email.com,Leisure,China,Standard,False,2023-01-30,1,3.5
GUEST004590,Sophie,Schmidt,guest004590@email.com,Family,Italy,Family,False,2024-09-14,1,4.6
GUEST004591,Marco,Smith,guest004591@email.com,Couple,France,Suite,False,2024-04-23,1,4.4
GUEST004592,Francesca,Martin,guest004592@email.com,Business,Germany,Deluxe,True,2023-06-21,1,4.0
GUEST004593,Ahmed,Martin,guest004593@email.com,Leisure,Italy,Deluxe,True,2023-01-15,3,4.9
GUEST004594,John,Garcia,guest004594@email.com,Business,Spain,Suite,False,2022-04-12,2,3.8
GUEST004595,Emma,Mueller,guest004595@email.com,Business,Netherlands,Suite,False,2024-07-02,2,4.4
GUEST004596,Sophie,Schmidt,guest004596@email.com,Leisure,Italy,Deluxe,True,2022-03-16,9,4.3
GUEST004597,Sophie,Rossi,guest004597@email.com,Family,Netherlands,Deluxe,False,2022-07-31,6,3.7
GUEST004598,Lucia,Weber,guest004598@email.com,Leisure,China,Penthouse,True,2022-01-16,3,4.7
GUEST004599,John,Zhang,guest004599@email.com,Leisure,USA,Family,True,2022-07-30,5,3.3
GUEST004600,Maria,Brown,guest004600@email.com,Leisure,France,Standard,False,2022-01-05,4,4.6
GUEST004601,Sophie,Schmidt,guest004601@email.com,Business,Spain,Standard,False,2022-07-01,3,4.0
GUEST004602,Francesca,Garcia,guest004602@email.com,Leisure,USA,Suite,False,2023-01-16,1,3.3
GUEST004603,Francesca,Smith,guest004603@email.com,Business,Spain,Suite,True,2022-06-09,3,3.9
GUEST004604,Ahmed,Weber,guest004604@email.com,Leisure,USA,Family,True,2022-09-10,3,4.6
GUEST004605,Lucia,Brown,guest004605@email.com,Solo Travel,Netherlands,Standard,True,2024-06-22,2,3.7
GUEST004606,Francesca,Weber,guest004606@email.com,Couple,Germany,Family,False,2023-12-29,1,3.8
GUEST004607,Klaus,Garcia,guest004607@email.com,Solo Travel,UK,Deluxe,False,2024-08-20,2,4.9
GUEST004608,Klaus,Zhang,guest004608@email.com,Couple,Spain,Deluxe,False,2023-12-08,2,4.8
GUEST004609,John,Zhang,guest004609@email.com,Couple,Italy,Family,False,2024-04-23,2,3.8
GUEST004610,Francesca,Zhang,guest004610@email.com,Solo Travel,Netherlands,Standard,False,2022-10-12,7,3.5
GUEST004611,Sophie,Rossi,guest004611@email.com,Couple,USA,Standard,True,2022-09-17,1,3.8
GUEST004612,Lucia,Smith,guest004612@email.com,Business,Netherlands,Penthouse,False,2023-10-04,1,4.0
GUEST004613,Francesca,Smith,guest004613@email.com,Leisure,China,Suite,False,2023-12-14,3,4.1
GUEST004614,Emma,Mueller,guest004614@email.com,Leisure,Greece,Standard,False,2023-11-10,3,3.9
GUEST004615,Sophie,Johnson,guest004615@email.com,Family,China,Deluxe,True,2023-10-15,1,3.2
GUEST004616,Maria,Johnson,guest004616@email.com,Leisure,China,Suite,False,2022-06-12,1,5.0
GUEST004617,Emma,Johnson,guest004617@email.com,Couple,Belgium,Suite,False,2022-07-07,1,3.5
GUEST004618,Marco,Schmidt,guest004618@email.com,Solo Travel,China,Family,True,2022-06-21,6,3.6
GUEST004619,Klaus,Zhang,guest004619@email.com,Couple,Belgium,Deluxe,False,2022-10-19,1,4.1
GUEST004620,Marco,Brown,guest004620@email.com,Leisure,UK,Penthouse,True,2022-10-19,7,4.5
GUEST004621,Lucia,Brown,guest004621@email.com,Business,Netherlands,Suite,False,2022-04-22,2,4.9
GUEST004622,Maria,Zhang,guest004622@email.com,Couple,Netherlands,Family,False,2024-04-22,1,4.4
GUEST004623,Sophie,Johnson,guest004623@email.com,Family,Netherlands,Family,False,2023-07-23,2,3.9
GUEST004624,Emma,Garcia,guest004624@email.com,Leisure,Germany,Standard,False,2022-05-11,4,3.6
GUEST004625,Marco,Smith,guest004625@email.com,Business,UK,Suite,False,2023-04-26,7,5.0
GUEST004626,Emma,Johnson,guest004626@email.com,Solo Travel,France,Deluxe,False,2022-04-25,4,4.4
GUEST004627,Sophie,Smith,guest004627@email.com,Family,Belgium,Standard,False,2024-05-03,5,4.9
GUEST004628,Francesca,Mueller,guest004628@email.com,Business,Italy,Penthouse,True,2022-03-27,2,3.9
GUEST004629,Maria,Garcia,guest004629@email.com,Couple,Spain,Deluxe,False,2023-03-23,2,4.0
GUEST004630,Lucia,Schmidt,guest004630@email.com,Family,Italy,Penthouse,True,2023-03-25,3,5.0
GUEST004631,Ahmed,Rossi,guest004631@email.com,Family,USA,Family,True,2023-09-04,14,4.5
GUEST004632,John,Martin,guest004632@email.com,Business,Greece,Suite,False,2024-02-25,7,4.3
GUEST004633,Sophie,Garcia,guest004633@email.com,Leisure,Germany,Standard,True,2024-01-13,3,5.0
GUEST004634,Yuki,Smith,guest004634@email.com,Leisure,Belgium,Standard,True,2023-08-06,3,4.2
GUEST004635,John,Mueller,guest004635@email.com,Leisure,France,Standard,False,2022-12-16,5,4.6
GUEST004636,Klaus,Mueller,guest004636@email.com,Couple,France,Family,True,2022-12-25,6,3.4
GUEST004637,Emma,Garcia,guest004637@email.com,Business,France,Suite,True,2024-07-12,1,4.3
GUEST004638,John,Zhang,guest004638@email.com,Family,China,Family,True,2023-01-25,1,4.5
GUEST004639,Ahmed,Brown,guest004639@email.com,Leisure,Italy,Deluxe,True,2023-06-02,2,3.7
GUEST004640,Maria,Garcia,guest004640@email.com,Business,Belgium,Standard,False,2022-07-08,12,3.7
GUEST004641,Sophie,Schmidt,guest004641@email.com,Solo Travel,Greece,Suite,False,2023-11-05,15,3.8
GUEST004642,Emma,Smith,guest004642@email.com,Solo Travel,France,Deluxe,False,2024-06-11,1,3.2
GUEST004643,Emma,Johnson,guest004643@email.com,Business,USA,Deluxe,False,2024-05-13,5,3.9
GUEST004644,Sophie,Weber,guest004644@email.com,Business,UK,Deluxe,True,2023-06-26,1,4.8
GUEST004645,Klaus,Martin,guest004645@email.com,Solo Travel,Spain,Deluxe,False,2022-06-14,1,4.5
GUEST004646,Ahmed,Martin,guest004646@email.com,Couple,France,Deluxe,False,2024-09-14,4,3.9
GUEST004647,Yuki,Smith,guest004647@email.com,Leisure,USA,Deluxe,False,2022-04-25,3,4.5
GUEST004648,Maria,Zhang,guest004648@email.com,Couple,France,Penthouse,False,2023-06-15,1,4.0
GUEST004649,Marco,Smith,guest004649@email.com,Business,Spain,Penthouse,True,2023-09-26,3,4.6
GUEST004650,Ahmed,Schmidt,guest004650@email.com,Family,Italy,Deluxe,False,2023-01-15,6,3.7
GUEST004651,John,Mueller,guest004651@email.com,Family,France,Deluxe,True,2024-07-12,2,3.7
GUEST004652,Maria,Garcia,guest004652@email.com,Solo Travel,France,Family,False,2022-01-07,3,4.6
GUEST004653,Francesca,Smith,guest004653@email.com,Family,France,Penthouse,False,2023-07-31,1,4.7
GUEST004654,John,Zhang,guest004654@email.com,Business,UK,Standard,True,2024-02-27,2,4.1
GUEST004655,Lucia,Johnson,guest004655@email.com,Leisure,Germany,Penthouse,False,2024-05-27,1,4.4
GUEST004656,Sophie,Smith,guest004656@email.com,Couple,Spain,Standard,False,2023-08-01,4,4.2
GUEST004657,Marco,Johnson,guest004657@email.com,Couple,Spain,Penthouse,False,2022-01-21,1,3.7
GUEST004658,Emma,Weber,guest004658@email.com,Couple,Belgium,Family,True,2023-10-23,1,4.3
GUEST004659,Francesca,Brown,guest004659@email.com,Solo Travel,Netherlands,Family,False,2023-12-04,2,4.0
GUEST004660,Lucia,Zhang,guest004660@email.com,Family,Netherlands,Family,False,2023-04-06,1,4.9
GUEST004661,Sophie,Rossi,guest004661@email.com,Leisure,USA,Family,False,2023-09-20,2,4.7
GUEST004662,Klaus,Schmidt,guest004662@email.com,Leisure,Netherlands,Family,False,2023-10-14,1,4.6
GUEST004663,Emma,Rossi,guest004663@email.com,Leisure,China,Penthouse,False,2024-07-30,3,3.4
GUEST004664,Ahmed,Rossi,guest004664@email.com,Leisure,Netherlands,Standard,True,2023-07-04,1,3.9
GUEST004665,Yuki,Garcia,guest004665@email.com,Leisure,Belgium,Suite,False,2022-05-28,17,3.8
GUEST004666,Klaus,Mueller,guest004666@email.com,Business,Germany,Suite,False,2024-09-13,5,4.5
GUEST004667,Francesca,Brown,guest004667@email.com,Leisure,France,Family,True,2024-06-22,2,4.2
GUEST004668,Ahmed,Schmidt,guest004668@email.com,Business,China,Family,True,2024-01-28,1,3.0
GUEST004669,John,Zhang,guest004669@email.com,Couple,France,Family,False,2024-04-04,5,4.3
GUEST004670,Klaus,Mueller,guest004670@email.com,Business,Netherlands,Deluxe,False,2022-02-13,6,4.8
GUEST004671,Emma,Zhang,guest004671@email.com,Business,USA,Family,True,2023-12-29,3,3.6
GUEST004672,Marco,Garcia,guest004672@email.com,Couple,France,Penthouse,False,2023-02-16,2,4.9
GUEST004673,Ahmed,Schmidt,guest004673@email.com,Business,Italy,Suite,True,2022-08-02,2,4.6
GUEST004674,Francesca,Zhang,guest004674@email.com,Leisure,Spain,Suite,False,2024-06-23,1,4.9
GUEST004675,Francesca,Rossi,guest004675@email.com,Business,Italy,Suite,True,2024-01-22,1,3.6
GUEST004676,Emma,Rossi,guest004676@email.com,Family,China,Suite,False,2024-09-02,2,5.0
GUEST004677,Francesca,Rossi,guest004677@email.com,Couple,Greece,Penthouse,True,2023-01-08,4,4.6
GUEST004678,Yuki,Schmidt,guest004678@email.com,Business,USA,Deluxe,False,2023-11-13,1,3.6
GUEST004679,Francesca,Mueller,guest004679@email.com,Family,France,Standard,False,2024-01-11,6,4.4
GUEST004680,Marco,Garcia,guest004680@email.com,Business,Spain,Family,True,2022-09-09,1,5.0
GUEST004681,Sophie,Garcia,guest004681@email.com,Couple,Italy,Suite,False,2023-08-06,7,4.2
GUEST004682,Sophie,Weber,guest004682@email.com,Couple,Spain,Suite,False,2023-01-08,2,4.5
GUEST004683,Emma,Martin,guest004683@email.com,Business,Greece,Penthouse,False,2024-06-02,5,4.8
GUEST004684,Francesca,Schmidt,guest004684@email.com,Business,Greece,Penthouse,True,2023-10-22,1,4.0
GUEST004685,Klaus,Garcia,guest004685@email.com,Business,Germany,Suite,False,2023-02-07,1,4.8
GUEST004686,Ahmed,Rossi,guest004686@email.com,Family,France,Deluxe,True,2022-04-22,9,5.0
GUEST004687,Marco,Rossi,guest004687@email.com,Business,UK,Suite,False,2022-11-04,3,3.1
GUEST004688,Lucia,Zhang,guest004688@email.com,Leisure,Greece,Family,False,2022-02-22,2,4.4
GUEST004689,Sophie,Garcia,guest004689@email.com,Solo Travel,Greece,Deluxe,False,2022-12-12,1,4.2
GUEST004690,Marco,Mueller,guest004690@email.com,Family,Germany,Penthouse,False,2023-11-07,5,4.2
GUEST004691,Francesca,Martin,guest004691@email.com,Business,Spain,Family,True,2023-03-19,2,4.3
GUEST004692,Ahmed,Rossi,guest004692@email.com,Leisure,Belgium,Standard,False,2022-01-25,1,3.1
GUEST004693,Sophie,Zhang,guest004693@email.com,Business,UK,Deluxe,False,2023-08-05,2,4.0
GUEST004694,Ahmed,Brown,guest004694@email.com,Couple,France,Deluxe,True,2024-02-03,4,4.0
GUEST004695,Lucia,Mueller,guest004695@email.com,Leisure,Italy,Family,False,2023-10-19,1,4.4
GUEST004696,Francesca,Weber,guest004696@email.com,Couple,France,Standard,True,2024-03-11,4,4.5
GUEST004697,Sophie,Mueller,guest004697@email.com,Leisure,Belgium,Family,True,2023-02-26,4,3.3
GUEST004698,Yuki,Rossi,guest004698@email.com,Couple,Italy,Standard,True,2022-09-09,6,3.9
GUEST004699,Ahmed,Rossi,guest004699@email.com,Leisure,France,Suite,True,2022-11-20,1,3.9
GUEST004700,Lucia,Weber,guest004700@email.com,Leisure,Germany,Deluxe,False,2023-06-28,2,3.6
GUEST004701,John,Johnson,guest004701@email.com,Family,USA,Penthouse,True,2024-03-16,1,4.3
GUEST004702,Maria,Johnson,guest004702@email.com,Leisure,Greece,Deluxe,False,2022-01-22,18,4.2
GUEST004703,John,Smith,guest004703@email.com,Leisure,UK,Penthouse,True,2022-12-06,3,2.8
GUEST004704,Maria,Schmidt,guest004704@email.com,Couple,China,Penthouse,False,2024-08-11,5,3.7
GUEST004705,Yuki,Garcia,guest004705@email.com,Leisure,Italy,Suite,False,2024-02-01,3,4.2
GUEST004706,Ahmed,Garcia,guest004706@email.com,Family,Spain,Standard,False,2022-11-11,1,3.8
GUEST004707,Maria,Schmidt,guest004707@email.com,Couple,Germany,Suite,False,2023-10-01,10,3.5
GUEST004708,Yuki,Weber,guest004708@email.com,Family,Germany,Suite,True,2024-07-15,4,4.0
GUEST004709,Emma,Rossi,guest004709@email.com,Business,Belgium,Standard,False,2022-12-13,4,4.8
GUEST004710,Ahmed,Brown,guest004710@email.com,Business,Belgium,Standard,True,2022-11-07,2,4.9
GUEST004711,Maria,Martin,guest004711@email.com,Leisure,China,Standard,False,2022-06-13,8,4.8
GUEST004712,Ahmed,Mueller,guest004712@email.com,Couple,China,Standard,True,2023-03-02,2,3.2
GUEST004713,Maria,Martin,guest004713@email.com,Leisure,USA,Penthouse,False,2024-07-21,8,3.5
GUEST004714,Lucia,Zhang,guest004714@email.com,Leisure,Netherlands,Penthouse,False,2022-06-12,8,3.7
GUEST004715,Marco,Martin,guest004715@email.com,Business,France,Family,False,2023-10-06,1,4.0
GUEST004716,Emma,Brown,guest004716@email.com,Leisure,Greece,Suite,False,2023-12-08,4,4.0
GUEST004717,Sophie,Johnson,guest004717@email.com,Business,Germany,Deluxe,True,2023-11-11,1,3.6
GUEST004718,Ahmed,Rossi,guest004718@email.com,Couple,China,Family,False,2022-04-10,2,4.5
GUEST004719,John,Mueller,guest004719@email.com,Business,Netherlands,Penthouse,False,2024-06-20,3,4.6
GUEST004720,Francesca,Rossi,guest004720@email.com,Business,Belgium,Deluxe,True,2023-01-24,1,4.3
GUEST004721,Emma,Mueller,guest004721@email.com,Family,Belgium,Penthouse,True,2024-02-25,1,4.5
GUEST004722,John,Weber,guest004722@email.com,Couple,Spain,Deluxe,False,2023-12-06,2,3.2
GUEST004723,Yuki,Rossi,guest004723@email.com,Leisure,Belgium,Deluxe,False,2023-08-22,1,4.7
GUEST004724,Lucia,Mueller,guest004724@email.com,Couple,France,Family,False,2023-04-04,2,4.1
GUEST004725,John,Rossi,guest004725@email.com,Family,Netherlands,Standard,False,2024-08-27,5,4.5
GUEST004726,Lucia,Schmidt,guest004726@email.com,Business,UK,Suite,False,2024-06-25,2,4.0
GUEST004727,Yuki,Johnson,guest004727@email.com,Family,Germany,Family,False,2024-06-26,1,3.1
GUEST004728,Yuki,Johnson,guest004728@email.com,Leisure,Greece,Standard,False,2022-07-01,6,4.7
GUEST004729,Ahmed,Weber,guest004729@email.com,Family,Italy,Standard,False,2022-11-04,2,4.4
GUEST004730,Francesca,Mueller,guest004730@email.com,Business,Germany,Standard,False,2022-04-24,1,4.4
GUEST004731,Sophie,Schmidt,guest004731@email.com,Couple,China,Family,False,2022-10-27,5,3.1
GUEST004732,Maria,Schmidt,guest004732@email.com,Solo Travel,Germany,Standard,False,2023-09-10,1,4.2
GUEST004733,Emma,Smith,guest004733@email.com,Family,Germany,Standard,True,2023-09-29,1,4.7
GUEST004734,Lucia,Zhang,guest004734@email.com,Leisure,Netherlands,Standard,True,2022-06-23,3,4.9
GUEST004735,Yuki,Brown,guest004735@email.com,Leisure,USA,Penthouse,False,2022-07-16,6,4.2
GUEST004736,Marco,Brown,guest004736@email.com,Business,France,Deluxe,False,2023-06-17,2,4.1
GUEST004737,John,Rossi,guest004737@email.com,Couple,Greece,Penthouse,False,2022-11-23,4,4.5
GUEST004738,Ahmed,Smith,guest004738@email.com,Leisure,France,Family,False,2023-10-27,7,4.3
GUEST004739,Sophie,Brown,guest004739@email.com,Leisure,UK,Standard,True,2022-09-27,8,4.3
GUEST004740,Emma,Zhang,guest004740@email.com,Leisure,USA,Deluxe,False,2022-12-12,7,3.7
GUEST004741,John,Brown,guest004741@email.com,Leisure,Belgium,Deluxe,True,2024-02-07,2,4.2
GUEST004742,Emma,Johnson,guest004742@email.com,Couple,China,Family,False,2022-12-07,1,4.1
GUEST004743,Marco,Smith,guest004743@email.com,Couple,Germany,Standard,True,2022-05-14,9,4.0
GUEST004744,Lucia,Smith,guest004744@email.com,Solo Travel,France,Standard,False,2024-01-23,4,4.3
GUEST004745,Lucia,Smith,guest004745@email.com,Leisure,UK,Standard,False,2022-11-06,7,3.9
GUEST004746,Francesca,Garcia,guest004746@email.com,Couple,Greece,Standard,True,2024-07-15,1,4.8
GUEST004747,Emma,Zhang,guest004747@email.com,Leisure,France,Standard,False,2023-02-02,15,4.2
GUEST004748,John,Brown,guest004748@email.com,Leisure,Netherlands,Deluxe,False,2023-12-15,2,3.9
GUEST004749,Francesca,Schmidt,guest004749@email.com,Family,UK,Family,False,2023-01-11,4,5.0
GUEST004750,Marco,Zhang,guest004750@email.com,Leisure,Spain,Penthouse,False,2023-02-21,3,4.6
GUEST004751,Yuki,Mueller,guest004751@email.com,Solo Travel,Netherlands,Standard,False,2024-08-23,1,3.9
GUEST004752,Yuki,Brown,guest004752@email.com,Business,Greece,Penthouse,True,2023-07-20,1,3.6
GUEST004753,Sophie,Rossi,guest004753@email.com,Leisure,USA,Deluxe,False,2022-10-16,5,4.3
GUEST004754,Klaus,Johnson,guest004754@email.com,Business,Belgium,Suite,False,2024-07-24,2,3.6
GUEST004755,Emma,Johnson,guest004755@email.com,Business,Greece,Penthouse,False,2024-04-04,1,4.9
GUEST004756,Yuki,Martin,guest004756@email.com,Family,France,Suite,False,2024-07-06,4,3.6
GUEST004757,Maria,Smith,guest004757@email.com,Leisure,UK,Standard,False,2024-04-10,3,4.6
GUEST004758,Ahmed,Johnson,guest004758@email.com,Family,USA,Deluxe,False,2022-09-06,6,4.2
GUEST004759,Maria,Mueller,guest004759@email.com,Leisure,UK,Penthouse,False,2023-01-18,2,4.3
GUEST004760,Maria,Mueller,guest004760@email.com,Couple,France,Suite,False,2023-08-09,9,4.3
GUEST004761,Sophie,Johnson,guest004761@email.com,Business,Italy,Family,True,2024-06-03,3,4.5
GUEST004762,Maria,Smith,guest004762@email.com,Couple,Belgium,Family,False,2024-01-11,3,4.4
GUEST004763,John,Schmidt,guest004763@email.com,Couple,France,Deluxe,True,2024-06-10,2,3.6
GUEST004764,Lucia,Johnson,guest004764@email.com,Business,Italy,Penthouse,False,2022-06-09,2,4.4
GUEST004765,Lucia,Rossi,guest004765@email.com,Leisure,Belgium,Deluxe,False,2023-10-09,1,4.5
GUEST004766,Yuki,Johnson,guest004766@email.com,Leisure,USA,Deluxe,False,2023-09-20,1,4.1
GUEST004767,Maria,Smith,guest004767@email.com,Business,Belgium,Suite,False,2023-12-23,1,4.1
GUEST004768,Ahmed,Garcia,guest004768@email.com,Leisure,Greece,Penthouse,False,2024-07-29,7,4.8
GUEST004769,Maria,Mueller,guest004769@email.com,Family,France,Suite,False,2022-04-04,12,5.0
GUEST004770,Maria,Smith,guest004770@email.com,Couple,Italy,Deluxe,True,2023-03-20,3,4.4
GUEST004771,Sophie,Garcia,guest004771@email.com,Leisure,Belgium,Deluxe,False,2022-02-21,6,4.0
GUEST004772,Maria,Zhang,guest004772@email.com,Leisure,Belgium,Suite,False,2022-11-25,1,4.1
GUEST004773,Marco,Garcia,guest004773@email.com,Couple,Greece,Suite,False,2023-05-03,2,5.0
GUEST004774,Sophie,Rossi,guest004774@email.com,Couple,Spain,Deluxe,False,2023-09-12,1,3.4
GUEST004775,Ahmed,Rossi,guest004775@email.com,Business,France,Family,False,2022-10-22,1,3.7
GUEST004776,Lucia,Smith,guest004776@email.com,Leisure,China,Penthouse,False,2023-03-30,6,4.1
GUEST004777,Ahmed,Martin,guest004777@email.com,Business,Spain,Family,False,2022-01-07,1,4.1
GUEST004778,Maria,Mueller,guest004778@email.com,Leisure,China,Standard,False,2024-09-24,1,4.4
GUEST004779,Sophie,Brown,guest004779@email.com,Leisure,Italy,Family,True,2022-05-28,1,3.3
GUEST004780,Marco,Weber,guest004780@email.com,Leisure,Greece,Deluxe,False,2024-09-23,1,4.1
GUEST004781,Sophie,Johnson,guest004781@email.com,Leisure,Netherlands,Family,False,2023-12-21,4,4.0
GUEST004782,Maria,Garcia,guest004782@email.com,Business,Spain,Deluxe,True,2022-07-11,1,3.8
GUEST004783,Yuki,Garcia,guest004783@email.com,Leisure,France,Suite,False,2022-06-16,5,4.3
GUEST004784,Francesca,Weber,guest004784@email.com,Business,France,Family,False,2022-10-31,3,4.1
GUEST004785,Lucia,Zhang,guest004785@email.com,Family,Greece,Penthouse,True,2023-06-03,1,4.2
GUEST004786,Klaus,Garcia,guest004786@email.com,Family,France,Deluxe,False,2023-03-13,3,3.5
GUEST004787,Klaus,Schmidt,guest004787@email.com,Leisure,Belgium,Standard,False,2024-01-24,2,4.2
GUEST004788,Sophie,Martin,guest004788@email.com,Business,UK,Suite,False,2022-01-08,4,4.6
GUEST004789,Klaus,Brown,guest004789@email.com,Solo Travel,Italy,Standard,True,2024-02-12,1,4.2
GUEST004790,Ahmed,Johnson,guest004790@email.com,Couple,Italy,Suite,False,2022-03-05,2,3.2
GUEST004791,Maria,Rossi,guest004791@email.com,Leisure,France,Penthouse,False,2022-12-19,3,3.6
GUEST004792,John,Weber,guest004792@email.com,Solo Travel,France,Standard,False,2024-02-13,1,4.8
GUEST004793,Francesca,Johnson,guest004793@email.com,Leisure,China,Penthouse,False,2023-11-22,1,4.9
GUEST004794,Emma,Smith,guest004794@email.com,Business,France,Suite,False,2024-09-27,1,3.9
GUEST004795,Maria,Schmidt,guest004795@email.com,Leisure,Germany,Penthouse,True,2023-08-26,6,3.2
GUEST004796,Yuki,Weber,guest004796@email.com,Leisure,Spain,Suite,False,2023-11-26,1,4.4
GUEST004797,Maria,Weber,guest004797@email.com,Family,USA,Standard,False,2022-09-26,1,4.2
GUEST004798,Yuki,Rossi,guest004798@email.com,Solo Travel,Spain,Family,False,2023-01-02,3,3.8
GUEST004799,Emma,Schmidt,guest004799@email.com,Business,Italy,Penthouse,True,2023-05-27,1,4.5
GUEST004800,Klaus,Rossi,guest004800@email.com,Family,UK,Standard,False,2022-11-17,1,4.3
GUEST004801,Marco,Garcia,guest004801@email.com,Business,USA,Deluxe,False,2022-08-22,2,4.7
GUEST004802,Lucia,Mueller,guest004802@email.com,Leisure,USA,Family,False,2022-02-13,2,3.7
GUEST004803,Yuki,Zhang,guest004803@email.com,Solo Travel,Netherlands,Penthouse,False,2023-04-22,2,3.8
GUEST004804,Emma,Schmidt,guest004804@email.com,Couple,Netherlands,Deluxe,False,2024-08-03,5,4.5
GUEST004805,Francesca,Rossi,guest004805@email.com,Business,France,Deluxe,False,2024-06-08,9,4.8
GUEST004806,Emma,Rossi,guest004806@email.com,Leisure,Greece,Standard,False,2022-06-06,1,4.6
GUEST004807,Ahmed,Zhang,guest004807@email.com,Business,USA,Suite,False,2023-03-06,1,4.3
GUEST004808,John,Mueller,guest004808@email.com,Couple,Germany,Family,False,2024-03-18,4,3.9
GUEST004809,Yuki,Zhang,guest004809@email.com,Solo Travel,Belgium,Suite,False,2024-06-10,7,5.0
GUEST004810,Ahmed,Zhang,guest004810@email.com,Leisure,Italy,Family,False,2023-01-10,4,4.9
GUEST004811,John,Zhang,guest004811@email.com,Family,Italy,Standard,False,2024-03-21,2,4.7
GUEST004812,Ahmed,Mueller,guest004812@email.com,Business,USA,Suite,False,2023-08-31,3,3.9
GUEST004813,Ahmed,Garcia,guest004813@email.com,Solo Travel,Italy,Deluxe,True,2022-04-08,2,3.6
GUEST004814,John,Zhang,guest004814@email.com,Leisure,Germany,Suite,False,2023-04-29,1,4.1
GUEST004815,Ahmed,Brown,guest004815@email.com,Family,Germany,Penthouse,False,2022-12-12,6,3.7
GUEST004816,Sophie,Smith,guest004816@email.com,Leisure,Germany,Penthouse,True,2023-05-25,3,4.4
GUEST004817,Francesca,Mueller,guest004817@email.com,Leisure,Italy,Family,True,2022-11-07,2,3.8
GUEST004818,Marco,Brown,guest004818@email.com,Leisure,Germany,Deluxe,True,2022-08-22,7,4.4
GUEST004819,Sophie,Rossi,guest004819@email.com,Business,Spain,Penthouse,False,2023-09-14,8,4.2
GUEST004820,Emma,Zhang,guest004820@email.com,Leisure,Netherlands,Penthouse,True,2023-03-22,4,4.1
GUEST004821,Ahmed,Rossi,guest004821@email.com,Family,UK,Suite,True,2024-09-19,2,3.7
GUEST004822,John,Schmidt,guest004822@email.com,Business,Spain,Deluxe,False,2024-09-11,2,4.9
GUEST004823,Maria,Johnson,guest004823@email.com,Business,France,Deluxe,True,2024-09-02,3,3.6
GUEST004824,Yuki,Rossi,guest004824@email.com,Family,UK,Suite,False,2023-09-15,3,4.8
GUEST004825,Klaus,Mueller,guest004825@email.com,Couple,China,Deluxe,True,2022-08-29,1,5.0
GUEST004826,Marco,Rossi,guest004826@email.com,Business,Greece,Penthouse,False,2024-04-02,1,4.5
GUEST004827,Sophie,Zhang,guest004827@email.com,Leisure,China,Penthouse,True,2023-05-18,2,3.3
GUEST004828,John,Brown,guest004828@email.com,Business,China,Suite,False,2023-10-09,1,3.8
GUEST004829,Ahmed,Schmidt,guest004829@email.com,Couple,China,Standard,False,2023-10-08,5,3.1
GUEST004830,Klaus,Weber,guest004830@email.com,Leisure,France,Standard,True,2023-03-16,2,4.1
GUEST004831,Lucia,Johnson,guest004831@email.com,Family,France,Standard,True,2023-09-06,9,4.9
GUEST004832,Ahmed,Martin,guest004832@email.com,Leisure,USA,Penthouse,False,2022-10-16,1,4.1
GUEST004833,Yuki,Schmidt,guest004833@email.com,Leisure,Spain,Family,False,2024-04-06,7,4.3
GUEST004834,Ahmed,Schmidt,guest004834@email.com,Leisure,Italy,Standard,False,2023-08-02,2,4.0
GUEST004835,Emma,Johnson,guest004835@email.com,Couple,Belgium,Suite,False,2022-01-19,4,4.1
GUEST004836,Emma,Schmidt,guest004836@email.com,Couple,USA,Deluxe,True,2023-03-04,2,4.4
GUEST004837,Sophie,Garcia,guest004837@email.com,Business,UK,Suite,False,2024-08-25,1,3.7
GUEST004838,Yuki,Garcia,guest004838@email.com,Solo Travel,Italy,Suite,False,2024-07-20,4,4.3
GUEST004839,Yuki,Rossi,guest004839@email.com,Couple,Spain,Penthouse,False,2024-03-16,1,3.5
GUEST004840,Klaus,Martin,guest004840@email.com,Business,Italy,Suite,False,2022-12-15,3,3.5
GUEST004841,Lucia,Schmidt,guest004841@email.com,Family,USA,Family,False,2023-12-17,10,3.9
GUEST004842,Sophie,Mueller,guest004842@email.com,Leisure,France,Suite,False,2024-09-15,3,4.3
GUEST004843,Yuki,Weber,guest004843@email.com,Business,USA,Penthouse,False,2024-09-21,3,4.3
GUEST004844,Sophie,Weber,guest004844@email.com,Family,Germany,Standard,True,2023-09-17,2,4.6
GUEST004845,Sophie,Garcia,guest004845@email.com,Business,Greece,Penthouse,False,2023-05-16,1,3.8
GUEST004846,Lucia,Rossi,guest004846@email.com,Leisure,Netherlands,Standard,False,2024-06-30,6,3.9
GUEST004847,John,Schmidt,guest004847@email.com,Leisure,USA,Suite,False,2023-06-08,8,5.0
GUEST004848,Maria,Zhang,guest004848@email.com,Family,France,Family,False,2024-02-08,2,5.0
GUEST004849,Ahmed,Weber,guest004849@email.com,Leisure,Belgium,Family,False,2022-11-26,1,4.8
GUEST004850,Maria,Martin,guest004850@email.com,Solo Travel,USA,Suite,False,2023-05-18,4,4.4
GUEST004851,Emma,Weber,guest004851@email.com,Business,Belgium,Penthouse,False,2024-07-11,1,4.0
GUEST004852,Klaus,Johnson,guest004852@email.com,Family,Germany,Deluxe,False,2023-04-06,6,3.8
GUEST004853,Francesca,Garcia,guest004853@email.com,Business,Spain,Penthouse,True,2024-03-21,3,4.1
GUEST004854,Klaus,Mueller,guest004854@email.com,Family,Italy,Family,True,2023-01-08,3,4.5
GUEST004855,John,Rossi,guest004855@email.com,Business,China,Deluxe,False,2022-09-10,4,4.4
GUEST004856,Sophie,Smith,guest004856@email.com,Couple,China,Deluxe,True,2022-12-02,1,3.9
GUEST004857,Yuki,Weber,guest004857@email.com,Leisure,Italy,Suite,False,2023-05-10,3,4.1
GUEST004858,Marco,Mueller,guest004858@email.com,Family,USA,Suite,False,2024-03-13,3,3.9
GUEST004859,Klaus,Schmidt,guest004859@email.com,Business,Spain,Suite,False,2023-05-12,1,4.7
GUEST004860,Yuki,Weber,guest004860@email.com,Couple,Belgium,Deluxe,False,2024-06-23,4,3.5
GUEST004861,Marco,Garcia,guest004861@email.com,Business,Spain,Standard,True,2024-04-23,3,4.0
GUEST004862,Sophie,Weber,guest004862@email.com,Couple,China,Deluxe,False,2023-09-12,3,4.6
GUEST004863,Maria,Brown,guest004863@email.com,Leisure,Belgium,Penthouse,False,2024-01-22,7,5.0
GUEST004864,John,Garcia,guest004864@email.com,Solo Travel,USA,Standard,True,2023-06-21,6,4.3
GUEST004865,Marco,Brown,guest004865@email.com,Leisure,Belgium,Standard,False,2022-09-12,1,4.3
GUEST004866,Francesca,Zhang,guest004866@email.com,Leisure,USA,Family,True,2023-12-19,3,3.7
GUEST004867,John,Brown,guest004867@email.com,Business,Greece,Deluxe,False,2022-09-25,1,3.8
GUEST004868,Sophie,Mueller,guest004868@email.com,Family,Spain,Suite,False,2022-10-31,4,4.5
GUEST004869,John,Smith,guest004869@email.com,Leisure,China,Family,False,2023-10-30,1,4.5
GUEST004870,Francesca,Johnson,guest004870@email.com,Couple,Spain,Suite,False,2023-01-13,8,5.0
GUEST004871,Emma,Mueller,guest004871@email.com,Leisure,Spain,Deluxe,True,2023-04-03,2,4.7
GUEST004872,Francesca,Martin,guest004872@email.com,Business,UK,Standard,False,2022-06-10,4,3.9
GUEST004873,Lucia,Rossi,guest004873@email.com,Leisure,USA,Penthouse,True,2024-02-16,9,5.0
GUEST004874,Yuki,Johnson,guest004874@email.com,Family,Italy,Suite,False,2024-08-17,2,4.0
GUEST004875,Klaus,Rossi,guest004875@email.com,Leisure,USA,Deluxe,False,2022-10-10,1,4.5
GUEST004876,Sophie,Weber,guest004876@email.com,Leisure,Spain,Deluxe,False,2023-04-10,11,5.0
GUEST004877,Klaus,Mueller,guest004877@email.com,Business,USA,Deluxe,True,2023-08-24,6,3.9
GUEST004878,Ahmed,Schmidt,guest004878@email.com,Leisure,Belgium,Family,False,2024-09-06,5,4.1
GUEST004879,John,Johnson,guest004879@email.com,Leisure,UK,Penthouse,False,2022-02-23,5,4.5
GUEST004880,Yuki,Martin,guest004880@email.com,Couple,Greece,Suite,True,2023-05-04,1,4.2
GUEST004881,Yuki,Mueller,guest004881@email.com,Leisure,UK,Standard,False,2022-11-19,4,4.0
GUEST004882,Francesca,Martin,guest004882@email.com,Business,Spain,Family,False,2022-01-27,1,4.1
GUEST004883,Francesca,Schmidt,guest004883@email.com,Family,Italy,Standard,False,2023-02-10,1,4.4
GUEST004884,Ahmed,Schmidt,guest004884@email.com,Leisure,USA,Standard,False,2023-09-20,2,3.1
GUEST004885,John,Brown,guest004885@email.com,Family,France,Suite,False,2022-11-28,8,4.1
GUEST004886,Lucia,Weber,guest004886@email.com,Leisure,China,Family,False,2022-02-10,1,4.1
GUEST004887,Marco,Smith,guest004887@email.com,Business,Italy,Suite,False,2024-01-11,1,4.1
GUEST004888,Ahmed,Rossi,guest004888@email.com,Leisure,Spain,Standard,True,2022-03-07,1,4.0
GUEST004889,Maria,Mueller,guest004889@email.com,Leisure,Germany,Suite,True,2022-06-05,4,3.4
GUEST004890,Maria,Martin,guest004890@email.com,Business,China,Penthouse,False,2022-06-17,2,3.7
GUEST004891,Sophie,Johnson,guest004891@email.com,Couple,China,Standard,True,2024-02-12,1,3.8
GUEST004892,Yuki,Schmidt,guest004892@email.com,Leisure,USA,Standard,False,2022-12-13,5,4.4
GUEST004893,Maria,Zhang,guest004893@email.com,Couple,Netherlands,Family,False,2022-12-18,2,4.2
GUEST004894,Maria,Rossi,guest004894@email.com,Couple,Netherlands,Deluxe,False,2023-02-15,5,4.3
GUEST004895,Marco,Smith,guest004895@email.com,Leisure,Spain,Penthouse,False,2023-06-22,5,4.3
GUEST004896,Francesca,Zhang,guest004896@email.com,Business,France,Standard,False,2023-12-13,2,4.0
GUEST004897,Ahmed,Martin,guest004897@email.com,Family,Spain,Suite,True,2024-04-22,6,3.6
GUEST004898,Maria,Garcia,guest004898@email.com,Leisure,China,Family,False,2023-04-05,3,4.0
GUEST004899,Ahmed,Johnson,guest004899@email.com,Couple,Belgium,Standard,False,2024-02-21,2,4.0
GUEST004900,Klaus,Garcia,guest004900@email.com,Leisure,Italy,Suite,False,2022-09-03,1,4.4
GUEST004901,John,Martin,guest004901@email.com,Business,USA,Standard,True,2022-01-25,8,4.5
GUEST004902,John,Garcia,guest004902@email.com,Leisure,USA,Penthouse,False,2023-05-06,2,4.2
GUEST004903,John,Smith,guest004903@email.com,Leisure,UK,Penthouse,False,2022-08-13,1,4.5
GUEST004904,Sophie,Mueller,guest004904@email.com,Business,Greece,Suite,True,2024-09-04,2,4.8
GUEST004905,Ahmed,Martin,guest004905@email.com,Business,Netherlands,Standard,True,2022-11-24,9,3.8
GUEST004906,Yuki,Zhang,guest004906@email.com,Leisure,UK,Suite,False,2024-02-14,4,4.2
GUEST004907,Francesca,Smith,guest004907@email.com,Business,Spain,Suite,True,2023-06-07,3,4.9
GUEST004908,Klaus,Rossi,guest004908@email.com,Solo Travel,Spain,Penthouse,False,2022-01-25,4,4.2
GUEST004909,Francesca,Martin,guest004909@email.com,Leisure,China,Family,False,2022-03-11,2,4.3
GUEST004910,John,Garcia,guest004910@email.com,Leisure,Belgium,Standard,False,2023-08-27,4,4.0
GUEST004911,John,Garcia,guest004911@email.com,Couple,Italy,Standard,False,2022-08-24,5,4.4
GUEST004912,Lucia,Rossi,guest004912@email.com,Family,France,Standard,False,2022-01-08,6,3.7
GUEST004913,Yuki,Johnson,guest004913@email.com,Leisure,UK,Penthouse,False,2023-08-19,2,4.1
GUEST004914,Yuki,Martin,guest004914@email.com,Leisure,USA,Penthouse,False,2024-07-09,9,3.8
GUEST004915,Ahmed,Zhang,guest004915@email.com,Business,Greece,Penthouse,True,2022-08-06,3,4.6
GUEST004916,Ahmed,Martin,guest004916@email.com,Leisure,France,Deluxe,False,2022-01-08,4,4.5
GUEST004917,Lucia,Brown,guest004917@email.com,Family,China,Deluxe,False,2022-09-30,6,3.6
GUEST004918,Marco,Schmidt,guest004918@email.com,Solo Travel,Italy,Standard,False,2023-06-08,1,4.7
GUEST004919,Francesca,Mueller,guest004919@email.com,Leisure,Greece,Penthouse,False,2024-05-04,1,3.8
GUEST004920,Sophie,Weber,guest004920@email.com,Solo Travel,Germany,Standard,False,2022-09-20,1,4.3
GUEST004921,Yuki,Garcia,guest004921@email.com,Business,Netherlands,Deluxe,False,2022-12-01,1,3.2
GUEST004922,Klaus,Zhang,guest004922@email.com,Leisure,UK,Family,True,2022-05-03,5,4.3
GUEST004923,Klaus,Rossi,guest004923@email.com,Leisure,Spain,Standard,False,2022-01-30,3,4.6
GUEST004924,Emma,Weber,guest004924@email.com,Business,Italy,Suite,False,2024-09-17,3,4.5
GUEST004925,Marco,Zhang,guest004925@email.com,Business,USA,Suite,False,2022-07-29,2,4.7
GUEST004926,Ahmed,Johnson,guest004926@email.com,Leisure,Italy,Suite,False,2022-02-12,1,3.8
GUEST004927,Francesca,Johnson,guest004927@email.com,Leisure,Belgium,Penthouse,False,2024-01-31,1,4.7
GUEST004928,Sophie,Garcia,guest004928@email.com,Leisure,Belgium,Family,False,2024-02-17,5,3.5
GUEST004929,Lucia,Brown,guest004929@email.com,Leisure,Italy,Family,True,2024-05-02,4,4.6
GUEST004930,Sophie,Weber,guest004930@email.com,Solo Travel,Netherlands,Family,True,2024-04-17,4,4.2
GUEST004931,Klaus,Schmidt,guest004931@email.com,Solo Travel,Spain,Deluxe,False,2023-04-20,1,4.4
GUEST004932,John,Garcia,guest004932@email.com,Leisure,Netherlands,Penthouse,False,2023-08-04,2,4.6
GUEST004933,Klaus,Garcia,guest004933@email.com,Family,Spain,Deluxe,False,2023-06-08,2,5.0
GUEST004934,John,Brown,guest004934@email.com,Couple,Netherlands,Suite,True,2022-01-13,1,4.8
GUEST004935,Sophie,Mueller,guest004935@email.com,Leisure,Greece,Deluxe,False,2024-05-31,2,4.1
GUEST004936,Yuki,Garcia,guest004936@email.com,Couple,Spain,Suite,False,2023-05-27,6,4.3
GUEST004937,Francesca,Schmidt,guest004937@email.com,Business,USA,Penthouse,False,2023-04-14,5,3.8
GUEST004938,Francesca,Weber,guest004938@email.com,Leisure,Belgium,Penthouse,False,2024-02-11,1,4.5
GUEST004939,Ahmed,Rossi,guest004939@email.com,Couple,Netherlands,Standard,False,2023-05-07,6,5.0
GUEST004940,Marco,Weber,guest004940@email.com,Couple,USA,Standard,True,2022-10-20,5,5.0
GUEST004941,Sophie,Johnson,guest004941@email.com,Leisure,France,Standard,True,2023-09-24,6,3.9
GUEST004942,Maria,Smith,guest004942@email.com,Family,Netherlands,Suite,False,2024-05-23,6,3.9
GUEST004943,John,Weber,guest004943@email.com,Leisure,China,Suite,False,2022-02-21,3,3.7
GUEST004944,John,Brown,guest004944@email.com,Leisure,UK,Family,False,2024-08-10,3,3.3
GUEST004945,John,Brown,guest004945@email.com,Leisure,France,Suite,False,2023-04-01,1,4.3
GUEST004946,Francesca,Weber,guest004946@email.com,Leisure,Greece,Standard,False,2024-09-11,5,3.8
GUEST004947,Ahmed,Johnson,guest004947@email.com,Family,China,Penthouse,True,2022-02-24,3,4.4
GUEST004948,Yuki,Garcia,guest004948@email.com,Couple,Netherlands,Penthouse,False,2023-10-24,2,4.6
GUEST004949,Sophie,Zhang,guest004949@email.com,Couple,Netherlands,Standard,True,2024-01-30,4,3.9
GUEST004950,Yuki,Johnson,guest004950@email.com,Leisure,Italy,Suite,False,2022-10-14,2,4.2
GUEST004951,Francesca,Smith,guest004951@email.com,Leisure,Spain,Standard,True,2022-11-01,1,4.1
GUEST004952,John,Johnson,guest004952@email.com,Business,Netherlands,Standard,False,2022-11-06,1,4.0
GUEST004953,Ahmed,Brown,guest004953@email.com,Leisure,USA,Penthouse,False,2023-04-13,4,4.4
GUEST004954,Sophie,Johnson,guest004954@email.com,Couple,Italy,Deluxe,False,2024-07-30,1,5.0
GUEST004955,John,Rossi,guest004955@email.com,Family,China,Family,True,2022-06-28,1,4.1
GUEST004956,John,Johnson,guest004956@email.com,Couple,Greece,Penthouse,False,2022-03-30,7,4.4
GUEST004957,Sophie,Rossi,guest004957@email.com,Couple,China,Suite,False,2024-06-09,3,5.0
GUEST004958,Lucia,Martin,guest004958@email.com,Solo Travel,China,Suite,False,2022-10-07,1,3.6
GUEST004959,Klaus,Smith,guest004959@email.com,Leisure,Greece,Deluxe,False,2023-12-21,1,3.7
GUEST004960,Lucia,Rossi,guest004960@email.com,Leisure,Italy,Suite,True,2022-03-06,1,3.8
GUEST004961,Ahmed,Garcia,guest004961@email.com,Leisure,UK,Penthouse,False,2022-03-08,1,3.1
GUEST004962,Francesca,Zhang,guest004962@email.com,Business,Italy,Penthouse,False,2022-01-31,1,5.0
GUEST004963,John,Rossi,guest004963@email.com,Leisure,Belgium,Penthouse,True,2023-03-19,2,4.2
GUEST004964,Emma,Zhang,guest004964@email.com,Couple,China,Standard,True,2022-06-29,8,4.8
GUEST004965,John,Weber,guest004965@email.com,Couple,China,Suite,True,2024-07-07,1,4.1
GUEST004966,John,Johnson,guest004966@email.com,Solo Travel,Germany,Standard,False,2024-09-09,2,3.9
GUEST004967,Klaus,Brown,guest004967@email.com,Business,Belgium,Deluxe,False,2024-01-07,1,4.0
GUEST004968,Emma,Garcia,guest004968@email.com,Leisure,USA,Standard,True,2024-04-01,15,4.3
GUEST004969,Klaus,Smith,guest004969@email.com,Leisure,USA,Deluxe,True,2023-11-19,1,4.3
GUEST004970,Klaus,Garcia,guest004970@email.com,Solo Travel,Germany,Penthouse,False,2022-08-29,10,4.6
GUEST004971,Emma,Smith,guest004971@email.com,Leisure,Belgium,Standard,True,2023-10-28,4,5.0
GUEST004972,John,Weber,guest004972@email.com,Leisure,France,Penthouse,False,2024-05-05,8,3.4
GUEST004973,Francesca,Martin,guest004973@email.com,Leisure,China,Deluxe,False,2024-09-01,3,5.0
GUEST004974,Emma,Garcia,guest004974@email.com,Business,Greece,Penthouse,False,2024-01-03,1,4.4
GUEST004975,John,Brown,guest004975@email.com,Couple,France,Family,False,2023-01-08,1,3.8
GUEST004976,Maria,Weber,guest004976@email.com,Business,Netherlands,Family,False,2023-01-12,7,4.5
GUEST004977,Emma,Rossi,guest004977@email.com,Leisure,France,Penthouse,False,2023-07-12,2,4.2
GUEST004978,Ahmed,Schmidt,guest004978@email.com,Leisure,France,Penthouse,True,2023-11-06,5,4.8
GUEST004979,Yuki,Martin,guest004979@email.com,Leisure,Greece,Penthouse,False,2023-07-08,3,3.9
GUEST004980,Ahmed,Schmidt,guest004980@email.com,Couple,China,Deluxe,False,2024-01-23,4,4.1
GUEST004981,Yuki,Zhang,guest004981@email.com,Family,USA,Standard,False,2022-06-28,6,5.0
GUEST004982,Lucia,Zhang,guest004982@email.com,Solo Travel,Italy,Standard,False,2023-01-17,3,4.8
GUEST004983,Emma,Schmidt,guest004983@email.com,Business,Italy,Suite,True,2024-02-25,2,3.9
GUEST004984,Klaus,Mueller,guest004984@email.com,Business,Netherlands,Penthouse,False,2024-04-13,1,4.3
GUEST004985,Emma,Martin,guest004985@email.com,Couple,Italy,Family,True,2023-02-22,3,4.2
GUEST004986,Yuki,Zhang,guest004986@email.com,Family,UK,Standard,True,2022-03-30,3,4.5
GUEST004987,Lucia,Brown,guest004987@email.com,Couple,Germany,Penthouse,False,2024-06-25,5,4.0
GUEST004988,Ahmed,Schmidt,guest004988@email.com,Business,UK,Penthouse,True,2024-08-04,1,4.3
GUEST004989,Yuki,Rossi,guest004989@email.com,Solo Travel,Belgium,Suite,False,2023-04-07,2,4.3
GUEST004990,Marco,Mueller,guest004990@email.com,Leisure,UK,Standard,False,2024-06-30,1,3.8
GUEST004991,John,Schmidt,guest004991@email.com,Couple,Spain,Suite,False,2023-06-03,5,5.0
GUEST004992,Ahmed,Weber,guest004992@email.com,Leisure,USA,Suite,True,2022-12-16,2,4.1
GUEST004993,Marco,Mueller,guest004993@email.com,Leisure,Netherlands,Suite,False,2024-05-21,1,4.2
GUEST004994,Lucia,Mueller,guest004994@email.com,Family,Spain,Deluxe,True,2024-09-27,1,3.6
GUEST004995,Sophie,Zhang,guest004995@email.com,Leisure,Belgium,Suite,False,2022-03-25,2,3.8
GUEST004996,Francesca,Johnson,guest004996@email.com,Leisure,Netherlands,Standard,True,2023-05-29,4,4.0
GUEST004997,Marco,Smith,guest004997@email.com,Couple,China,Family,False,2023-06-17,11,3.7
GUEST004998,Maria,Weber,guest004998@email.com,Leisure,Spain,Deluxe,False,2022-01-05,2,4.4
GUEST004999,Klaus,Martin,guest004999@email.com,Leisure,China,Family,False,2023-11-12,2,3.4
GUEST005000,Ahmed,Garcia,guest005000@email.com,Solo Travel,France,Deluxe,True,2023-12-02,2,3.6
