date,property_id,occupancy_rate,available_rooms,occupied_rooms,average_nightly_rate,day_of_week,season,is_holiday
2022-01-01,PROP001,0.491,15,14,238.8,Saturday,Winter,True
2022-01-01,PROP002,0.494,15,14,246.09,Saturday,Winter,True
2022-01-01,PROP003,0.584,12,17,231.06,Saturday,Winter,True
2022-01-01,PROP004,0.502,14,15,252.99,Saturday,Winter,True
2022-01-01,PROP005,0.745,7,22,253.26,Saturday,Winter,True
2022-01-01,PROP006,0.73,8,21,230.97,Saturday,Winter,True
2022-01-01,PROP007,0.527,14,15,240.63,Saturday,Winter,True
2022-01-01,PROP008,0.555,13,16,264.78,Saturday,Winter,True
2022-01-01,PROP009,0.362,19,10,246.69,Saturday,Winter,True
2022-01-01,PROP010,0.458,16,13,237.39,Saturday,Winter,True
2022-01-02,PROP001,0.615,11,18,238.8,Sunday,Winter,True
2022-01-02,PROP002,0.599,12,17,246.09,Sunday,Winter,True
2022-01-02,PROP003,0.465,16,13,231.06,Sunday,Winter,True
2022-01-02,PROP004,0.522,14,15,252.99,Sunday,Winter,True
2022-01-02,PROP005,0.512,14,15,253.26,Sunday,Winter,True
2022-01-02,PROP006,0.655,10,19,230.97,Sunday,Winter,True
2022-01-02,PROP007,0.573,12,17,240.63,Sunday,Winter,True
2022-01-02,PROP008,0.607,11,18,264.78,Sunday,Winter,True
2022-01-02,PROP009,0.462,16,13,246.69,Sunday,Winter,True
2022-01-02,PROP010,0.579,12,17,237.39,Sunday,Winter,True
2022-01-03,PROP001,0.408,17,12,238.8,Monday,Winter,False
2022-01-03,PROP002,0.566,13,16,246.09,Monday,Winter,False
2022-01-03,PROP003,0.432,17,12,231.06,Monday,Winter,False
2022-01-03,PROP004,0.485,15,14,252.99,Monday,Winter,False
2022-01-03,PROP005,0.529,14,15,253.26,Monday,Winter,False
2022-01-03,PROP006,0.306,20,9,230.97,Monday,Winter,False
2022-01-03,PROP007,0.431,17,12,240.63,Monday,Winter,False
2022-01-03,PROP008,0.533,14,15,264.78,Monday,Winter,False
2022-01-03,PROP009,0.581,12,17,246.69,Monday,Winter,False
2022-01-03,PROP010,0.339,19,10,237.39,Monday,Winter,False
2022-01-04,PROP001,0.605,11,18,238.8,Tuesday,Winter,False
2022-01-04,PROP002,0.447,16,13,246.09,Tuesday,Winter,False
2022-01-04,PROP003,0.635,10,19,231.06,Tuesday,Winter,False
2022-01-04,PROP004,0.468,15,14,252.99,Tuesday,Winter,False
2022-01-04,PROP005,0.473,15,14,253.26,Tuesday,Winter,False
2022-01-04,PROP006,0.388,18,11,230.97,Tuesday,Winter,False
2022-01-04,PROP007,0.466,16,13,240.63,Tuesday,Winter,False
2022-01-04,PROP008,0.391,18,11,264.78,Tuesday,Winter,False
2022-01-04,PROP009,0.542,13,16,246.69,Tuesday,Winter,False
2022-01-04,PROP010,0.556,13,16,237.39,Tuesday,Winter,False
2022-01-05,PROP001,0.464,16,13,238.8,Wednesday,Winter,False
2022-01-05,PROP002,0.4,18,11,246.09,Wednesday,Winter,False
2022-01-05,PROP003,0.377,18,11,231.06,Wednesday,Winter,False
2022-01-05,PROP004,0.637,10,19,252.99,Wednesday,Winter,False
2022-01-05,PROP005,0.608,11,18,253.26,Wednesday,Winter,False
2022-01-05,PROP006,0.515,14,15,230.97,Wednesday,Winter,False
2022-01-05,PROP007,0.391,18,11,240.63,Wednesday,Winter,False
2022-01-05,PROP008,0.404,17,12,264.78,Wednesday,Winter,False
2022-01-05,PROP009,0.509,14,15,246.69,Wednesday,Winter,False
2022-01-05,PROP010,0.246,22,7,237.39,Wednesday,Winter,False
2022-01-06,PROP001,0.372,18,11,238.8,Thursday,Winter,False
2022-01-06,PROP002,0.403,17,12,246.09,Thursday,Winter,False
2022-01-06,PROP003,0.497,15,14,231.06,Thursday,Winter,False
2022-01-06,PROP004,0.348,19,10,252.99,Thursday,Winter,False
2022-01-06,PROP005,0.342,19,10,253.26,Thursday,Winter,False
2022-01-06,PROP006,0.555,13,16,230.97,Thursday,Winter,False
2022-01-06,PROP007,0.273,21,8,240.63,Thursday,Winter,False
2022-01-06,PROP008,0.509,14,15,264.78,Thursday,Winter,False
2022-01-06,PROP009,0.421,17,12,246.69,Thursday,Winter,False
2022-01-06,PROP010,0.637,10,19,237.39,Thursday,Winter,False
2022-01-07,PROP001,0.578,12,17,238.8,Friday,Winter,False
2022-01-07,PROP002,0.635,10,19,246.09,Friday,Winter,False
2022-01-07,PROP003,0.54,13,16,231.06,Friday,Winter,False
2022-01-07,PROP004,0.523,14,15,252.99,Friday,Winter,False
2022-01-07,PROP005,0.642,10,19,253.26,Friday,Winter,False
2022-01-07,PROP006,0.462,16,13,230.97,Friday,Winter,False
2022-01-07,PROP007,0.366,19,10,240.63,Friday,Winter,False
2022-01-07,PROP008,0.495,15,14,264.78,Friday,Winter,False
2022-01-07,PROP009,0.629,11,18,246.69,Friday,Winter,False
2022-01-07,PROP010,0.442,16,13,237.39,Friday,Winter,False
2022-01-08,PROP001,0.457,16,13,238.8,Saturday,Winter,True
2022-01-08,PROP002,0.629,11,18,246.09,Saturday,Winter,True
2022-01-08,PROP003,0.56,13,16,231.06,Saturday,Winter,True
2022-01-08,PROP004,0.229,23,6,252.99,Saturday,Winter,True
2022-01-08,PROP005,0.63,11,18,253.26,Saturday,Winter,True
2022-01-08,PROP006,0.588,12,17,230.97,Saturday,Winter,True
2022-01-08,PROP007,0.618,11,18,240.63,Saturday,Winter,True
2022-01-08,PROP008,0.58,12,17,264.78,Saturday,Winter,True
2022-01-08,PROP009,0.637,10,19,246.69,Saturday,Winter,True
2022-01-08,PROP010,0.508,14,15,237.39,Saturday,Winter,True
2022-01-09,PROP001,0.64,10,19,238.8,Sunday,Winter,True
2022-01-09,PROP002,0.625,11,18,246.09,Sunday,Winter,True
2022-01-09,PROP003,0.666,10,19,231.06,Sunday,Winter,True
2022-01-09,PROP004,0.453,16,13,252.99,Sunday,Winter,True
2022-01-09,PROP005,0.618,11,18,253.26,Sunday,Winter,True
2022-01-09,PROP006,0.521,14,15,230.97,Sunday,Winter,True
2022-01-09,PROP007,0.636,10,19,240.63,Sunday,Winter,True
2022-01-09,PROP008,0.506,14,15,264.78,Sunday,Winter,True
2022-01-09,PROP009,0.645,10,19,246.69,Sunday,Winter,True
2022-01-09,PROP010,0.714,8,21,237.39,Sunday,Winter,True
2022-01-10,PROP001,0.489,15,14,238.8,Monday,Winter,False
2022-01-10,PROP002,0.391,18,11,246.09,Monday,Winter,False
2022-01-10,PROP003,0.562,13,16,231.06,Monday,Winter,False
2022-01-10,PROP004,0.335,19,10,252.99,Monday,Winter,False
2022-01-10,PROP005,0.573,12,17,253.26,Monday,Winter,False
2022-01-10,PROP006,0.629,11,18,230.97,Monday,Winter,False
2022-01-10,PROP007,0.618,11,18,240.63,Monday,Winter,False
2022-01-10,PROP008,0.561,13,16,264.78,Monday,Winter,False
2022-01-10,PROP009,0.592,12,17,246.69,Monday,Winter,False
2022-01-10,PROP010,0.473,15,14,237.39,Monday,Winter,False
2022-01-11,PROP001,0.598,12,17,238.8,Tuesday,Winter,False
2022-01-11,PROP002,0.542,13,16,246.09,Tuesday,Winter,False
2022-01-11,PROP003,0.601,11,18,231.06,Tuesday,Winter,False
2022-01-11,PROP004,0.436,16,13,252.99,Tuesday,Winter,False
2022-01-11,PROP005,0.537,13,16,253.26,Tuesday,Winter,False
2022-01-11,PROP006,0.594,12,17,230.97,Tuesday,Winter,False
2022-01-11,PROP007,0.576,12,17,240.63,Tuesday,Winter,False
2022-01-11,PROP008,0.413,17,12,264.78,Tuesday,Winter,False
2022-01-11,PROP009,0.566,13,16,246.69,Tuesday,Winter,False
2022-01-11,PROP010,0.508,14,15,237.39,Tuesday,Winter,False
2022-01-12,PROP001,0.618,11,18,238.8,Wednesday,Winter,False
2022-01-12,PROP002,0.434,16,13,246.09,Wednesday,Winter,False
2022-01-12,PROP003,0.43,17,12,231.06,Wednesday,Winter,False
2022-01-12,PROP004,0.56,13,16,252.99,Wednesday,Winter,False
2022-01-12,PROP005,0.562,13,16,253.26,Wednesday,Winter,False
2022-01-12,PROP006,0.446,16,13,230.97,Wednesday,Winter,False
2022-01-12,PROP007,0.392,18,11,240.63,Wednesday,Winter,False
2022-01-12,PROP008,0.385,18,11,264.78,Wednesday,Winter,False
2022-01-12,PROP009,0.623,11,18,246.69,Wednesday,Winter,False
2022-01-12,PROP010,0.646,10,19,237.39,Wednesday,Winter,False
2022-01-13,PROP001,0.58,12,17,238.8,Thursday,Winter,False
2022-01-13,PROP002,0.403,17,12,246.09,Thursday,Winter,False
2022-01-13,PROP003,0.533,14,15,231.06,Thursday,Winter,False
2022-01-13,PROP004,0.497,15,14,252.99,Thursday,Winter,False
2022-01-13,PROP005,0.575,12,17,253.26,Thursday,Winter,False
2022-01-13,PROP006,0.506,14,15,230.97,Thursday,Winter,False
2022-01-13,PROP007,0.559,13,16,240.63,Thursday,Winter,False
2022-01-13,PROP008,0.615,11,18,264.78,Thursday,Winter,False
2022-01-13,PROP009,0.555,13,16,246.69,Thursday,Winter,False
2022-01-13,PROP010,0.432,17,12,237.39,Thursday,Winter,False
2022-01-14,PROP001,0.697,9,20,238.8,Friday,Winter,False
2022-01-14,PROP002,0.313,20,9,246.09,Friday,Winter,False
2022-01-14,PROP003,0.618,11,18,231.06,Friday,Winter,False
2022-01-14,PROP004,0.438,16,13,252.99,Friday,Winter,False
2022-01-14,PROP005,0.341,19,10,253.26,Friday,Winter,False
2022-01-14,PROP006,0.423,17,12,230.97,Friday,Winter,False
2022-01-14,PROP007,0.559,13,16,240.63,Friday,Winter,False
2022-01-14,PROP008,0.611,11,18,264.78,Friday,Winter,False
2022-01-14,PROP009,0.387,18,11,246.69,Friday,Winter,False
2022-01-14,PROP010,0.541,13,16,237.39,Friday,Winter,False
2022-01-15,PROP001,0.603,11,18,238.8,Saturday,Winter,True
2022-01-15,PROP002,0.382,18,11,246.09,Saturday,Winter,True
2022-01-15,PROP003,0.715,8,21,231.06,Saturday,Winter,True
2022-01-15,PROP004,0.686,9,20,252.99,Saturday,Winter,True
2022-01-15,PROP005,0.605,11,18,253.26,Saturday,Winter,True
2022-01-15,PROP006,0.659,10,19,230.97,Saturday,Winter,True
2022-01-15,PROP007,0.551,13,16,240.63,Saturday,Winter,True
2022-01-15,PROP008,0.615,11,18,264.78,Saturday,Winter,True
2022-01-15,PROP009,0.645,10,19,246.69,Saturday,Winter,True
2022-01-15,PROP010,0.615,11,18,237.39,Saturday,Winter,True
2022-01-16,PROP001,0.624,11,18,238.8,Sunday,Winter,True
2022-01-16,PROP002,0.417,17,12,246.09,Sunday,Winter,True
2022-01-16,PROP003,0.391,18,11,231.06,Sunday,Winter,True
2022-01-16,PROP004,0.612,11,18,252.99,Sunday,Winter,True
2022-01-16,PROP005,0.642,10,19,253.26,Sunday,Winter,True
2022-01-16,PROP006,0.685,9,20,230.97,Sunday,Winter,True
2022-01-16,PROP007,0.451,16,13,240.63,Sunday,Winter,True
2022-01-16,PROP008,0.628,11,18,264.78,Sunday,Winter,True
2022-01-16,PROP009,0.441,16,13,246.69,Sunday,Winter,True
2022-01-16,PROP010,0.55,13,16,237.39,Sunday,Winter,True
2022-01-17,PROP001,0.527,14,15,238.8,Monday,Winter,False
2022-01-17,PROP002,0.655,10,19,246.09,Monday,Winter,False
2022-01-17,PROP003,0.59,12,17,231.06,Monday,Winter,False
2022-01-17,PROP004,0.513,14,15,252.99,Monday,Winter,False
2022-01-17,PROP005,0.494,15,14,253.26,Monday,Winter,False
2022-01-17,PROP006,0.558,13,16,230.97,Monday,Winter,False
2022-01-17,PROP007,0.219,23,6,240.63,Monday,Winter,False
2022-01-17,PROP008,0.324,20,9,264.78,Monday,Winter,False
2022-01-17,PROP009,0.601,11,18,246.69,Monday,Winter,False
2022-01-17,PROP010,0.477,15,14,237.39,Monday,Winter,False
2022-01-18,PROP001,0.638,10,19,238.8,Tuesday,Winter,False
2022-01-18,PROP002,0.529,14,15,246.09,Tuesday,Winter,False
2022-01-18,PROP003,0.424,17,12,231.06,Tuesday,Winter,False
2022-01-18,PROP004,0.439,16,13,252.99,Tuesday,Winter,False
2022-01-18,PROP005,0.458,16,13,253.26,Tuesday,Winter,False
2022-01-18,PROP006,0.571,12,17,230.97,Tuesday,Winter,False
2022-01-18,PROP007,0.356,19,10,240.63,Tuesday,Winter,False
2022-01-18,PROP008,0.594,12,17,264.78,Tuesday,Winter,False
2022-01-18,PROP009,0.287,21,8,246.69,Tuesday,Winter,False
2022-01-18,PROP010,0.385,18,11,237.39,Tuesday,Winter,False
2022-01-19,PROP001,0.604,11,18,238.8,Wednesday,Winter,False
2022-01-19,PROP002,0.301,20,9,246.09,Wednesday,Winter,False
2022-01-19,PROP003,0.622,11,18,231.06,Wednesday,Winter,False
2022-01-19,PROP004,0.466,16,13,252.99,Wednesday,Winter,False
2022-01-19,PROP005,0.283,21,8,253.26,Wednesday,Winter,False
2022-01-19,PROP006,0.448,16,13,230.97,Wednesday,Winter,False
2022-01-19,PROP007,0.49,15,14,240.63,Wednesday,Winter,False
2022-01-19,PROP008,0.342,19,10,264.78,Wednesday,Winter,False
2022-01-19,PROP009,0.483,15,14,246.69,Wednesday,Winter,False
2022-01-19,PROP010,0.637,10,19,237.39,Wednesday,Winter,False
2022-01-20,PROP001,0.621,11,18,238.8,Thursday,Winter,False
2022-01-20,PROP002,0.504,14,15,246.09,Thursday,Winter,False
2022-01-20,PROP003,0.641,10,19,231.06,Thursday,Winter,False
2022-01-20,PROP004,0.48,15,14,252.99,Thursday,Winter,False
2022-01-20,PROP005,0.165,25,4,253.26,Thursday,Winter,False
2022-01-20,PROP006,0.481,15,14,230.97,Thursday,Winter,False
2022-01-20,PROP007,0.311,20,9,240.63,Thursday,Winter,False
2022-01-20,PROP008,0.506,14,15,264.78,Thursday,Winter,False
2022-01-20,PROP009,0.621,11,18,246.69,Thursday,Winter,False
2022-01-20,PROP010,0.44,16,13,237.39,Thursday,Winter,False
2022-01-21,PROP001,0.464,16,13,238.8,Friday,Winter,False
2022-01-21,PROP002,0.496,15,14,246.09,Friday,Winter,False
2022-01-21,PROP003,0.535,13,16,231.06,Friday,Winter,False
2022-01-21,PROP004,0.636,10,19,252.99,Friday,Winter,False
2022-01-21,PROP005,0.367,18,11,253.26,Friday,Winter,False
2022-01-21,PROP006,0.721,8,21,230.97,Friday,Winter,False
2022-01-21,PROP007,0.633,11,18,240.63,Friday,Winter,False
2022-01-21,PROP008,0.593,12,17,264.78,Friday,Winter,False
2022-01-21,PROP009,0.517,14,15,246.69,Friday,Winter,False
2022-01-21,PROP010,0.626,11,18,237.39,Friday,Winter,False
2022-01-22,PROP001,0.558,13,16,238.8,Saturday,Winter,True
2022-01-22,PROP002,0.54,13,16,246.09,Saturday,Winter,True
2022-01-22,PROP003,0.655,10,19,231.06,Saturday,Winter,True
2022-01-22,PROP004,0.735,7,22,252.99,Saturday,Winter,True
2022-01-22,PROP005,0.524,14,15,253.26,Saturday,Winter,True
2022-01-22,PROP006,0.673,9,20,230.97,Saturday,Winter,True
2022-01-22,PROP007,0.478,15,14,240.63,Saturday,Winter,True
2022-01-22,PROP008,0.669,9,20,264.78,Saturday,Winter,True
2022-01-22,PROP009,0.65,10,19,246.69,Saturday,Winter,True
2022-01-22,PROP010,0.654,10,19,237.39,Saturday,Winter,True
2022-01-23,PROP001,0.492,15,14,238.8,Sunday,Winter,True
2022-01-23,PROP002,0.611,11,18,246.09,Sunday,Winter,True
2022-01-23,PROP003,0.533,14,15,231.06,Sunday,Winter,True
2022-01-23,PROP004,0.623,11,18,252.99,Sunday,Winter,True
2022-01-23,PROP005,0.511,14,15,253.26,Sunday,Winter,True
2022-01-23,PROP006,0.596,12,17,230.97,Sunday,Winter,True
2022-01-23,PROP007,0.671,9,20,240.63,Sunday,Winter,True
2022-01-23,PROP008,0.653,10,19,264.78,Sunday,Winter,True
2022-01-23,PROP009,0.44,16,13,246.69,Sunday,Winter,True
2022-01-23,PROP010,0.655,10,19,237.39,Sunday,Winter,True
2022-01-24,PROP001,0.489,15,14,238.8,Monday,Winter,False
2022-01-24,PROP002,0.432,17,12,246.09,Monday,Winter,False
2022-01-24,PROP003,0.447,16,13,231.06,Monday,Winter,False
2022-01-24,PROP004,0.616,11,18,252.99,Monday,Winter,False
2022-01-24,PROP005,0.533,14,15,253.26,Monday,Winter,False
2022-01-24,PROP006,0.58,12,17,230.97,Monday,Winter,False
2022-01-24,PROP007,0.616,11,18,240.63,Monday,Winter,False
2022-01-24,PROP008,0.557,13,16,264.78,Monday,Winter,False
2022-01-24,PROP009,0.576,12,17,246.69,Monday,Winter,False
2022-01-24,PROP010,0.491,15,14,237.39,Monday,Winter,False
2022-01-25,PROP001,0.511,14,15,238.8,Tuesday,Winter,False
2022-01-25,PROP002,0.406,17,12,246.09,Tuesday,Winter,False
2022-01-25,PROP003,0.579,12,17,231.06,Tuesday,Winter,False
2022-01-25,PROP004,0.487,15,14,252.99,Tuesday,Winter,False
2022-01-25,PROP005,0.562,13,16,253.26,Tuesday,Winter,False
2022-01-25,PROP006,0.44,16,13,230.97,Tuesday,Winter,False
2022-01-25,PROP007,0.458,16,13,240.63,Tuesday,Winter,False
2022-01-25,PROP008,0.491,15,14,264.78,Tuesday,Winter,False
2022-01-25,PROP009,0.464,16,13,246.69,Tuesday,Winter,False
2022-01-25,PROP010,0.659,10,19,237.39,Tuesday,Winter,False
2022-01-26,PROP001,0.543,13,16,238.8,Wednesday,Winter,False
2022-01-26,PROP002,0.604,11,18,246.09,Wednesday,Winter,False
2022-01-26,PROP003,0.418,17,12,231.06,Wednesday,Winter,False
2022-01-26,PROP004,0.502,14,15,252.99,Wednesday,Winter,False
2022-01-26,PROP005,0.586,12,17,253.26,Wednesday,Winter,False
2022-01-26,PROP006,0.46,16,13,230.97,Wednesday,Winter,False
2022-01-26,PROP007,0.481,15,14,240.63,Wednesday,Winter,False
2022-01-26,PROP008,0.556,13,16,264.78,Wednesday,Winter,False
2022-01-26,PROP009,0.46,16,13,246.69,Wednesday,Winter,False
2022-01-26,PROP010,0.42,17,12,237.39,Wednesday,Winter,False
2022-01-27,PROP001,0.624,11,18,238.8,Thursday,Winter,False
2022-01-27,PROP002,0.556,13,16,246.09,Thursday,Winter,False
2022-01-27,PROP003,0.537,13,16,231.06,Thursday,Winter,False
2022-01-27,PROP004,0.5,14,15,252.99,Thursday,Winter,False
2022-01-27,PROP005,0.5,15,14,253.26,Thursday,Winter,False
2022-01-27,PROP006,0.537,13,16,230.97,Thursday,Winter,False
2022-01-27,PROP007,0.656,10,19,240.63,Thursday,Winter,False
2022-01-27,PROP008,0.341,19,10,264.78,Thursday,Winter,False
2022-01-27,PROP009,0.322,20,9,246.69,Thursday,Winter,False
2022-01-27,PROP010,0.414,17,12,237.39,Thursday,Winter,False
2022-01-28,PROP001,0.587,12,17,238.8,Friday,Winter,False
2022-01-28,PROP002,0.264,22,7,246.09,Friday,Winter,False
2022-01-28,PROP003,0.604,11,18,231.06,Friday,Winter,False
2022-01-28,PROP004,0.63,11,18,252.99,Friday,Winter,False
2022-01-28,PROP005,0.371,18,11,253.26,Friday,Winter,False
2022-01-28,PROP006,0.602,11,18,230.97,Friday,Winter,False
2022-01-28,PROP007,0.581,12,17,240.63,Friday,Winter,False
2022-01-28,PROP008,0.61,11,18,264.78,Friday,Winter,False
2022-01-28,PROP009,0.696,9,20,246.69,Friday,Winter,False
2022-01-28,PROP010,0.624,11,18,237.39,Friday,Winter,False
2022-01-29,PROP001,0.531,14,15,238.8,Saturday,Winter,True
2022-01-29,PROP002,0.63,11,18,246.09,Saturday,Winter,True
2022-01-29,PROP003,0.718,8,21,231.06,Saturday,Winter,True
2022-01-29,PROP004,0.721,8,21,252.99,Saturday,Winter,True
2022-01-29,PROP005,0.549,13,16,253.26,Saturday,Winter,True
2022-01-29,PROP006,0.404,17,12,230.97,Saturday,Winter,True
2022-01-29,PROP007,0.593,12,17,240.63,Saturday,Winter,True
2022-01-29,PROP008,0.65,10,19,264.78,Saturday,Winter,True
2022-01-29,PROP009,0.336,19,10,246.69,Saturday,Winter,True
2022-01-29,PROP010,0.444,16,13,237.39,Saturday,Winter,True
2022-01-30,PROP001,0.633,11,18,238.8,Sunday,Winter,True
2022-01-30,PROP002,0.551,13,16,246.09,Sunday,Winter,True
2022-01-30,PROP003,0.646,10,19,231.06,Sunday,Winter,True
2022-01-30,PROP004,0.459,16,13,252.99,Sunday,Winter,True
2022-01-30,PROP005,0.46,16,13,253.26,Sunday,Winter,True
2022-01-30,PROP006,0.603,11,18,230.97,Sunday,Winter,True
2022-01-30,PROP007,0.718,8,21,240.63,Sunday,Winter,True
2022-01-30,PROP008,0.446,16,13,264.78,Sunday,Winter,True
2022-01-30,PROP009,0.614,11,18,246.69,Sunday,Winter,True
2022-01-30,PROP010,0.581,12,17,237.39,Sunday,Winter,True
2022-01-31,PROP001,0.659,10,19,238.8,Monday,Winter,False
2022-01-31,PROP002,0.38,18,11,246.09,Monday,Winter,False
2022-01-31,PROP003,0.481,15,14,231.06,Monday,Winter,False
2022-01-31,PROP004,0.519,14,15,252.99,Monday,Winter,False
2022-01-31,PROP005,0.581,12,17,253.26,Monday,Winter,False
2022-01-31,PROP006,0.508,14,15,230.97,Monday,Winter,False
2022-01-31,PROP007,0.41,17,12,240.63,Monday,Winter,False
2022-01-31,PROP008,0.631,11,18,264.78,Monday,Winter,False
2022-01-31,PROP009,0.608,11,18,246.69,Monday,Winter,False
2022-01-31,PROP010,0.337,19,10,237.39,Monday,Winter,False
2022-02-01,PROP001,0.511,14,15,238.8,Tuesday,Winter,False
2022-02-01,PROP002,0.435,16,13,246.09,Tuesday,Winter,False
2022-02-01,PROP003,0.252,22,7,231.06,Tuesday,Winter,False
2022-02-01,PROP004,0.541,13,16,252.99,Tuesday,Winter,False
2022-02-01,PROP005,0.511,14,15,253.26,Tuesday,Winter,False
2022-02-01,PROP006,0.509,14,15,230.97,Tuesday,Winter,False
2022-02-01,PROP007,0.564,13,16,240.63,Tuesday,Winter,False
2022-02-01,PROP008,0.498,15,14,264.78,Tuesday,Winter,False
2022-02-01,PROP009,0.465,16,13,246.69,Tuesday,Winter,False
2022-02-01,PROP010,0.584,12,17,237.39,Tuesday,Winter,False
2022-02-02,PROP001,0.503,14,15,238.8,Wednesday,Winter,False
2022-02-02,PROP002,0.333,19,10,246.09,Wednesday,Winter,False
2022-02-02,PROP003,0.321,20,9,231.06,Wednesday,Winter,False
2022-02-02,PROP004,0.291,21,8,252.99,Wednesday,Winter,False
2022-02-02,PROP005,0.605,11,18,253.26,Wednesday,Winter,False
2022-02-02,PROP006,0.531,14,15,230.97,Wednesday,Winter,False
2022-02-02,PROP007,0.619,11,18,240.63,Wednesday,Winter,False
2022-02-02,PROP008,0.466,16,13,264.78,Wednesday,Winter,False
2022-02-02,PROP009,0.571,12,17,246.69,Wednesday,Winter,False
2022-02-02,PROP010,0.511,14,15,237.39,Wednesday,Winter,False
2022-02-03,PROP001,0.451,16,13,238.8,Thursday,Winter,False
2022-02-03,PROP002,0.532,14,15,246.09,Thursday,Winter,False
2022-02-03,PROP003,0.444,16,13,231.06,Thursday,Winter,False
2022-02-03,PROP004,0.479,15,14,252.99,Thursday,Winter,False
2022-02-03,PROP005,0.411,17,12,253.26,Thursday,Winter,False
2022-02-03,PROP006,0.619,11,18,230.97,Thursday,Winter,False
2022-02-03,PROP007,0.6,12,17,240.63,Thursday,Winter,False
2022-02-03,PROP008,0.656,10,19,264.78,Thursday,Winter,False
2022-02-03,PROP009,0.487,15,14,246.69,Thursday,Winter,False
2022-02-03,PROP010,0.321,20,9,237.39,Thursday,Winter,False
2022-02-04,PROP001,0.598,12,17,238.8,Friday,Winter,False
2022-02-04,PROP002,0.708,8,21,246.09,Friday,Winter,False
2022-02-04,PROP003,0.389,18,11,231.06,Friday,Winter,False
2022-02-04,PROP004,0.443,16,13,252.99,Friday,Winter,False
2022-02-04,PROP005,0.641,10,19,253.26,Friday,Winter,False
2022-02-04,PROP006,0.379,18,11,230.97,Friday,Winter,False
2022-02-04,PROP007,0.449,16,13,240.63,Friday,Winter,False
2022-02-04,PROP008,0.498,15,14,264.78,Friday,Winter,False
2022-02-04,PROP009,0.694,9,20,246.69,Friday,Winter,False
2022-02-04,PROP010,0.545,13,16,237.39,Friday,Winter,False
2022-02-05,PROP001,0.55,13,16,238.8,Saturday,Winter,True
2022-02-05,PROP002,0.67,9,20,246.09,Saturday,Winter,True
2022-02-05,PROP003,0.577,12,17,231.06,Saturday,Winter,True
2022-02-05,PROP004,0.714,8,21,252.99,Saturday,Winter,True
2022-02-05,PROP005,0.393,18,11,253.26,Saturday,Winter,True
2022-02-05,PROP006,0.61,11,18,230.97,Saturday,Winter,True
2022-02-05,PROP007,0.674,9,20,240.63,Saturday,Winter,True
2022-02-05,PROP008,0.503,14,15,264.78,Saturday,Winter,True
2022-02-05,PROP009,0.693,9,20,246.69,Saturday,Winter,True
2022-02-05,PROP010,0.544,13,16,237.39,Saturday,Winter,True
2022-02-06,PROP001,0.735,7,22,238.8,Sunday,Winter,True
2022-02-06,PROP002,0.547,13,16,246.09,Sunday,Winter,True
2022-02-06,PROP003,0.708,8,21,231.06,Sunday,Winter,True
2022-02-06,PROP004,0.69,9,20,252.99,Sunday,Winter,True
2022-02-06,PROP005,0.483,15,14,253.26,Sunday,Winter,True
2022-02-06,PROP006,0.718,8,21,230.97,Sunday,Winter,True
2022-02-06,PROP007,0.402,17,12,240.63,Sunday,Winter,True
2022-02-06,PROP008,0.655,10,19,264.78,Sunday,Winter,True
2022-02-06,PROP009,0.588,12,17,246.69,Sunday,Winter,True
2022-02-06,PROP010,0.692,9,20,237.39,Sunday,Winter,True
2022-02-07,PROP001,0.338,19,10,238.8,Monday,Winter,False
2022-02-07,PROP002,0.433,17,12,246.09,Monday,Winter,False
2022-02-07,PROP003,0.507,14,15,231.06,Monday,Winter,False
2022-02-07,PROP004,0.374,18,11,252.99,Monday,Winter,False
2022-02-07,PROP005,0.274,21,8,253.26,Monday,Winter,False
2022-02-07,PROP006,0.502,14,15,230.97,Monday,Winter,False
2022-02-07,PROP007,0.502,14,15,240.63,Monday,Winter,False
2022-02-07,PROP008,0.579,12,17,264.78,Monday,Winter,False
2022-02-07,PROP009,0.425,17,12,246.69,Monday,Winter,False
2022-02-07,PROP010,0.553,13,16,237.39,Monday,Winter,False
2022-02-08,PROP001,0.509,14,15,238.8,Tuesday,Winter,False
2022-02-08,PROP002,0.51,14,15,246.09,Tuesday,Winter,False
2022-02-08,PROP003,0.541,13,16,231.06,Tuesday,Winter,False
2022-02-08,PROP004,0.621,11,18,252.99,Tuesday,Winter,False
2022-02-08,PROP005,0.596,12,17,253.26,Tuesday,Winter,False
2022-02-08,PROP006,0.567,12,17,230.97,Tuesday,Winter,False
2022-02-08,PROP007,0.582,12,17,240.63,Tuesday,Winter,False
2022-02-08,PROP008,0.466,16,13,264.78,Tuesday,Winter,False
2022-02-08,PROP009,0.449,16,13,246.69,Tuesday,Winter,False
2022-02-08,PROP010,0.256,22,7,237.39,Tuesday,Winter,False
2022-02-09,PROP001,0.453,16,13,238.8,Wednesday,Winter,False
2022-02-09,PROP002,0.598,12,17,246.09,Wednesday,Winter,False
2022-02-09,PROP003,0.467,15,14,231.06,Wednesday,Winter,False
2022-02-09,PROP004,0.539,13,16,252.99,Wednesday,Winter,False
2022-02-09,PROP005,0.615,11,18,253.26,Wednesday,Winter,False
2022-02-09,PROP006,0.601,11,18,230.97,Wednesday,Winter,False
2022-02-09,PROP007,0.58,12,17,240.63,Wednesday,Winter,False
2022-02-09,PROP008,0.406,17,12,264.78,Wednesday,Winter,False
2022-02-09,PROP009,0.577,12,17,246.69,Wednesday,Winter,False
2022-02-09,PROP010,0.414,17,12,237.39,Wednesday,Winter,False
2022-02-10,PROP001,0.298,21,8,238.8,Thursday,Winter,False
2022-02-10,PROP002,0.497,15,14,246.09,Thursday,Winter,False
2022-02-10,PROP003,0.397,18,11,231.06,Thursday,Winter,False
2022-02-10,PROP004,0.424,17,12,252.99,Thursday,Winter,False
2022-02-10,PROP005,0.636,10,19,253.26,Thursday,Winter,False
2022-02-10,PROP006,0.502,14,15,230.97,Thursday,Winter,False
2022-02-10,PROP007,0.533,14,15,240.63,Thursday,Winter,False
2022-02-10,PROP008,0.39,18,11,264.78,Thursday,Winter,False
2022-02-10,PROP009,0.627,11,18,246.69,Thursday,Winter,False
2022-02-10,PROP010,0.576,12,17,237.39,Thursday,Winter,False
2022-02-11,PROP001,0.568,12,17,238.8,Friday,Winter,False
2022-02-11,PROP002,0.681,9,20,246.09,Friday,Winter,False
2022-02-11,PROP003,0.349,19,10,231.06,Friday,Winter,False
2022-02-11,PROP004,0.64,10,19,252.99,Friday,Winter,False
2022-02-11,PROP005,0.418,17,12,253.26,Friday,Winter,False
2022-02-11,PROP006,0.437,16,13,230.97,Friday,Winter,False
2022-02-11,PROP007,0.724,8,21,240.63,Friday,Winter,False
2022-02-11,PROP008,0.532,14,15,264.78,Friday,Winter,False
2022-02-11,PROP009,0.41,17,12,246.69,Friday,Winter,False
2022-02-11,PROP010,0.661,10,19,237.39,Friday,Winter,False
2022-02-12,PROP001,0.493,15,14,238.8,Saturday,Winter,True
2022-02-12,PROP002,0.528,14,15,246.09,Saturday,Winter,True
2022-02-12,PROP003,0.571,12,17,231.06,Saturday,Winter,True
2022-02-12,PROP004,0.574,12,17,252.99,Saturday,Winter,True
2022-02-12,PROP005,0.617,11,18,253.26,Saturday,Winter,True
2022-02-12,PROP006,0.617,11,18,230.97,Saturday,Winter,True
2022-02-12,PROP007,0.775,6,23,240.63,Saturday,Winter,True
2022-02-12,PROP008,0.511,14,15,264.78,Saturday,Winter,True
2022-02-12,PROP009,0.368,18,11,246.69,Saturday,Winter,True
2022-02-12,PROP010,0.643,10,19,237.39,Saturday,Winter,True
2022-02-13,PROP001,0.693,9,20,238.8,Sunday,Winter,True
2022-02-13,PROP002,0.689,9,20,246.09,Sunday,Winter,True
2022-02-13,PROP003,0.632,11,18,231.06,Sunday,Winter,True
2022-02-13,PROP004,0.404,17,12,252.99,Sunday,Winter,True
2022-02-13,PROP005,0.635,10,19,253.26,Sunday,Winter,True
2022-02-13,PROP006,0.694,9,20,230.97,Sunday,Winter,True
2022-02-13,PROP007,0.65,10,19,240.63,Sunday,Winter,True
2022-02-13,PROP008,0.666,10,19,264.78,Sunday,Winter,True
2022-02-13,PROP009,0.616,11,18,246.69,Sunday,Winter,True
2022-02-13,PROP010,0.681,9,20,237.39,Sunday,Winter,True
2022-02-14,PROP001,0.44,16,13,238.8,Monday,Winter,False
2022-02-14,PROP002,0.392,18,11,246.09,Monday,Winter,False
2022-02-14,PROP003,0.521,14,15,231.06,Monday,Winter,False
2022-02-14,PROP004,0.347,19,10,252.99,Monday,Winter,False
2022-02-14,PROP005,0.466,16,13,253.26,Monday,Winter,False
2022-02-14,PROP006,0.423,17,12,230.97,Monday,Winter,False
2022-02-14,PROP007,0.547,13,16,240.63,Monday,Winter,False
2022-02-14,PROP008,0.503,14,15,264.78,Monday,Winter,False
2022-02-14,PROP009,0.597,12,17,246.69,Monday,Winter,False
2022-02-14,PROP010,0.411,17,12,237.39,Monday,Winter,False
2022-02-15,PROP001,0.158,25,4,238.8,Tuesday,Winter,False
2022-02-15,PROP002,0.467,15,14,246.09,Tuesday,Winter,False
2022-02-15,PROP003,0.41,17,12,231.06,Tuesday,Winter,False
2022-02-15,PROP004,0.546,13,16,252.99,Tuesday,Winter,False
2022-02-15,PROP005,0.503,14,15,253.26,Tuesday,Winter,False
2022-02-15,PROP006,0.634,10,19,230.97,Tuesday,Winter,False
2022-02-15,PROP007,0.586,12,17,240.63,Tuesday,Winter,False
2022-02-15,PROP008,0.537,13,16,264.78,Tuesday,Winter,False
2022-02-15,PROP009,0.542,13,16,246.69,Tuesday,Winter,False
2022-02-15,PROP010,0.585,12,17,237.39,Tuesday,Winter,False
2022-02-16,PROP001,0.429,17,12,238.8,Wednesday,Winter,False
2022-02-16,PROP002,0.534,13,16,246.09,Wednesday,Winter,False
2022-02-16,PROP003,0.473,15,14,231.06,Wednesday,Winter,False
2022-02-16,PROP004,0.669,9,20,252.99,Wednesday,Winter,False
2022-02-16,PROP005,0.495,15,14,253.26,Wednesday,Winter,False
2022-02-16,PROP006,0.56,13,16,230.97,Wednesday,Winter,False
2022-02-16,PROP007,0.5,15,14,240.63,Wednesday,Winter,False
2022-02-16,PROP008,0.51,14,15,264.78,Wednesday,Winter,False
2022-02-16,PROP009,0.538,13,16,246.69,Wednesday,Winter,False
2022-02-16,PROP010,0.562,13,16,237.39,Wednesday,Winter,False
2022-02-17,PROP001,0.559,13,16,238.8,Thursday,Winter,False
2022-02-17,PROP002,0.523,14,15,246.09,Thursday,Winter,False
2022-02-17,PROP003,0.565,13,16,231.06,Thursday,Winter,False
2022-02-17,PROP004,0.457,16,13,252.99,Thursday,Winter,False
2022-02-17,PROP005,0.515,14,15,253.26,Thursday,Winter,False
2022-02-17,PROP006,0.534,13,16,230.97,Thursday,Winter,False
2022-02-17,PROP007,0.29,21,8,240.63,Thursday,Winter,False
2022-02-17,PROP008,0.537,13,16,264.78,Thursday,Winter,False
2022-02-17,PROP009,0.58,12,17,246.69,Thursday,Winter,False
2022-02-17,PROP010,0.469,15,14,237.39,Thursday,Winter,False
2022-02-18,PROP001,0.569,12,17,238.8,Friday,Winter,False
2022-02-18,PROP002,0.464,16,13,246.09,Friday,Winter,False
2022-02-18,PROP003,0.673,9,20,231.06,Friday,Winter,False
2022-02-18,PROP004,0.72,8,21,252.99,Friday,Winter,False
2022-02-18,PROP005,0.557,13,16,253.26,Friday,Winter,False
2022-02-18,PROP006,0.651,10,19,230.97,Friday,Winter,False
2022-02-18,PROP007,0.318,20,9,240.63,Friday,Winter,False
2022-02-18,PROP008,0.553,13,16,264.78,Friday,Winter,False
2022-02-18,PROP009,0.48,15,14,246.69,Friday,Winter,False
2022-02-18,PROP010,0.553,13,16,237.39,Friday,Winter,False
2022-02-19,PROP001,0.442,16,13,238.8,Saturday,Winter,True
2022-02-19,PROP002,0.456,16,13,246.09,Saturday,Winter,True
2022-02-19,PROP003,0.607,11,18,231.06,Saturday,Winter,True
2022-02-19,PROP004,0.561,13,16,252.99,Saturday,Winter,True
2022-02-19,PROP005,0.652,10,19,253.26,Saturday,Winter,True
2022-02-19,PROP006,0.57,12,17,230.97,Saturday,Winter,True
2022-02-19,PROP007,0.353,19,10,240.63,Saturday,Winter,True
2022-02-19,PROP008,0.669,9,20,264.78,Saturday,Winter,True
2022-02-19,PROP009,0.326,20,9,246.69,Saturday,Winter,True
2022-02-19,PROP010,0.456,16,13,237.39,Saturday,Winter,True
2022-02-20,PROP001,0.571,12,17,238.8,Sunday,Winter,True
2022-02-20,PROP002,0.77,6,23,246.09,Sunday,Winter,True
2022-02-20,PROP003,0.586,12,17,231.06,Sunday,Winter,True
2022-02-20,PROP004,0.535,13,16,252.99,Sunday,Winter,True
2022-02-20,PROP005,0.653,10,19,253.26,Sunday,Winter,True
2022-02-20,PROP006,0.632,11,18,230.97,Sunday,Winter,True
2022-02-20,PROP007,0.565,13,16,240.63,Sunday,Winter,True
2022-02-20,PROP008,0.653,10,19,264.78,Sunday,Winter,True
2022-02-20,PROP009,0.705,8,21,246.69,Sunday,Winter,True
2022-02-20,PROP010,0.608,11,18,237.39,Sunday,Winter,True
2022-02-21,PROP001,0.62,11,18,238.8,Monday,Winter,False
2022-02-21,PROP002,0.518,14,15,246.09,Monday,Winter,False
2022-02-21,PROP003,0.339,19,10,231.06,Monday,Winter,False
2022-02-21,PROP004,0.591,12,17,252.99,Monday,Winter,False
2022-02-21,PROP005,0.589,12,17,253.26,Monday,Winter,False
2022-02-21,PROP006,0.488,15,14,230.97,Monday,Winter,False
2022-02-21,PROP007,0.672,9,20,240.63,Monday,Winter,False
2022-02-21,PROP008,0.215,23,6,264.78,Monday,Winter,False
2022-02-21,PROP009,0.518,14,15,246.69,Monday,Winter,False
2022-02-21,PROP010,0.4,18,11,237.39,Monday,Winter,False
2022-02-22,PROP001,0.481,15,14,238.8,Tuesday,Winter,False
2022-02-22,PROP002,0.485,15,14,246.09,Tuesday,Winter,False
2022-02-22,PROP003,0.434,16,13,231.06,Tuesday,Winter,False
2022-02-22,PROP004,0.587,12,17,252.99,Tuesday,Winter,False
2022-02-22,PROP005,0.667,9,20,253.26,Tuesday,Winter,False
2022-02-22,PROP006,0.33,20,9,230.97,Tuesday,Winter,False
2022-02-22,PROP007,0.645,10,19,240.63,Tuesday,Winter,False
2022-02-22,PROP008,0.398,18,11,264.78,Tuesday,Winter,False
2022-02-22,PROP009,0.546,13,16,246.69,Tuesday,Winter,False
2022-02-22,PROP010,0.487,15,14,237.39,Tuesday,Winter,False
2022-02-23,PROP001,0.585,12,17,238.8,Wednesday,Winter,False
2022-02-23,PROP002,0.539,13,16,246.09,Wednesday,Winter,False
2022-02-23,PROP003,0.468,15,14,231.06,Wednesday,Winter,False
2022-02-23,PROP004,0.283,21,8,252.99,Wednesday,Winter,False
2022-02-23,PROP005,0.594,12,17,253.26,Wednesday,Winter,False
2022-02-23,PROP006,0.562,13,16,230.97,Wednesday,Winter,False
2022-02-23,PROP007,0.339,19,10,240.63,Wednesday,Winter,False
2022-02-23,PROP008,0.374,18,11,264.78,Wednesday,Winter,False
2022-02-23,PROP009,0.611,11,18,246.69,Wednesday,Winter,False
2022-02-23,PROP010,0.429,17,12,237.39,Wednesday,Winter,False
2022-02-24,PROP001,0.596,12,17,238.8,Thursday,Winter,False
2022-02-24,PROP002,0.461,16,13,246.09,Thursday,Winter,False
2022-02-24,PROP003,0.602,11,18,231.06,Thursday,Winter,False
2022-02-24,PROP004,0.486,15,14,252.99,Thursday,Winter,False
2022-02-24,PROP005,0.602,11,18,253.26,Thursday,Winter,False
2022-02-24,PROP006,0.416,17,12,230.97,Thursday,Winter,False
2022-02-24,PROP007,0.518,14,15,240.63,Thursday,Winter,False
2022-02-24,PROP008,0.575,12,17,264.78,Thursday,Winter,False
2022-02-24,PROP009,0.427,17,12,246.69,Thursday,Winter,False
2022-02-24,PROP010,0.643,10,19,237.39,Thursday,Winter,False
2022-02-25,PROP001,0.678,9,20,238.8,Friday,Winter,False
2022-02-25,PROP002,0.506,14,15,246.09,Friday,Winter,False
2022-02-25,PROP003,0.397,18,11,231.06,Friday,Winter,False
2022-02-25,PROP004,0.743,7,22,252.99,Friday,Winter,False
2022-02-25,PROP005,0.427,17,12,253.26,Friday,Winter,False
2022-02-25,PROP006,0.503,14,15,230.97,Friday,Winter,False
2022-02-25,PROP007,0.477,15,14,240.63,Friday,Winter,False
2022-02-25,PROP008,0.58,12,17,264.78,Friday,Winter,False
2022-02-25,PROP009,0.73,8,21,246.69,Friday,Winter,False
2022-02-25,PROP010,0.733,8,21,237.39,Friday,Winter,False
2022-02-26,PROP001,0.507,14,15,238.8,Saturday,Winter,True
2022-02-26,PROP002,0.566,13,16,246.09,Saturday,Winter,True
2022-02-26,PROP003,0.545,13,16,231.06,Saturday,Winter,True
2022-02-26,PROP004,0.579,12,17,252.99,Saturday,Winter,True
2022-02-26,PROP005,0.673,9,20,253.26,Saturday,Winter,True
2022-02-26,PROP006,0.654,10,19,230.97,Saturday,Winter,True
2022-02-26,PROP007,0.508,14,15,240.63,Saturday,Winter,True
2022-02-26,PROP008,0.736,7,22,264.78,Saturday,Winter,True
2022-02-26,PROP009,0.565,13,16,246.69,Saturday,Winter,True
2022-02-26,PROP010,0.588,12,17,237.39,Saturday,Winter,True
2022-02-27,PROP001,0.571,12,17,238.8,Sunday,Winter,True
2022-02-27,PROP002,0.582,12,17,246.09,Sunday,Winter,True
2022-02-27,PROP003,0.552,13,16,231.06,Sunday,Winter,True
2022-02-27,PROP004,0.388,18,11,252.99,Sunday,Winter,True
2022-02-27,PROP005,0.747,7,22,253.26,Sunday,Winter,True
2022-02-27,PROP006,0.663,10,19,230.97,Sunday,Winter,True
2022-02-27,PROP007,0.63,11,18,240.63,Sunday,Winter,True
2022-02-27,PROP008,0.674,9,20,264.78,Sunday,Winter,True
2022-02-27,PROP009,0.608,11,18,246.69,Sunday,Winter,True
2022-02-27,PROP010,0.7,9,20,237.39,Sunday,Winter,True
2022-02-28,PROP001,0.403,17,12,238.8,Monday,Winter,False
2022-02-28,PROP002,0.471,15,14,246.09,Monday,Winter,False
2022-02-28,PROP003,0.422,17,12,231.06,Monday,Winter,False
2022-02-28,PROP004,0.446,16,13,252.99,Monday,Winter,False
2022-02-28,PROP005,0.612,11,18,253.26,Monday,Winter,False
2022-02-28,PROP006,0.329,20,9,230.97,Monday,Winter,False
2022-02-28,PROP007,0.605,11,18,240.63,Monday,Winter,False
2022-02-28,PROP008,0.5,14,15,264.78,Monday,Winter,False
2022-02-28,PROP009,0.408,17,12,246.69,Monday,Winter,False
2022-02-28,PROP010,0.406,17,12,237.39,Monday,Winter,False
2022-03-01,PROP001,0.533,14,15,265.33,Tuesday,Spring,False
2022-03-01,PROP002,0.731,8,21,273.43,Tuesday,Spring,False
2022-03-01,PROP003,0.803,5,24,256.73,Tuesday,Spring,False
2022-03-01,PROP004,0.638,10,19,281.1,Tuesday,Spring,False
2022-03-01,PROP005,0.532,14,15,281.4,Tuesday,Spring,False
2022-03-01,PROP006,0.245,22,7,256.63,Tuesday,Spring,False
2022-03-01,PROP007,0.734,7,22,267.37,Tuesday,Spring,False
2022-03-01,PROP008,0.387,18,11,294.2,Tuesday,Spring,False
2022-03-01,PROP009,0.75,7,22,274.1,Tuesday,Spring,False
2022-03-01,PROP010,0.474,15,14,263.77,Tuesday,Spring,False
2022-03-02,PROP001,0.464,16,13,265.33,Wednesday,Spring,False
2022-03-02,PROP002,0.824,5,24,273.43,Wednesday,Spring,False
2022-03-02,PROP003,0.475,15,14,256.73,Wednesday,Spring,False
2022-03-02,PROP004,0.442,16,13,281.1,Wednesday,Spring,False
2022-03-02,PROP005,0.733,8,21,281.4,Wednesday,Spring,False
2022-03-02,PROP006,0.628,11,18,256.63,Wednesday,Spring,False
2022-03-02,PROP007,0.791,6,23,267.37,Wednesday,Spring,False
2022-03-02,PROP008,0.675,9,20,294.2,Wednesday,Spring,False
2022-03-02,PROP009,0.893,3,26,274.1,Wednesday,Spring,False
2022-03-02,PROP010,0.512,14,15,263.77,Wednesday,Spring,False
2022-03-03,PROP001,0.718,8,21,265.33,Thursday,Spring,False
2022-03-03,PROP002,0.609,11,18,273.43,Thursday,Spring,False
2022-03-03,PROP003,0.772,6,23,256.73,Thursday,Spring,False
2022-03-03,PROP004,0.961,1,28,281.1,Thursday,Spring,False
2022-03-03,PROP005,0.853,4,25,281.4,Thursday,Spring,False
2022-03-03,PROP006,0.734,7,22,256.63,Thursday,Spring,False
2022-03-03,PROP007,0.684,9,20,267.37,Thursday,Spring,False
2022-03-03,PROP008,0.641,10,19,294.2,Thursday,Spring,False
2022-03-03,PROP009,0.834,4,25,274.1,Thursday,Spring,False
2022-03-03,PROP010,0.837,4,25,263.77,Thursday,Spring,False
2022-03-04,PROP001,0.95,1,28,265.33,Friday,Spring,False
2022-03-04,PROP002,0.74,7,22,273.43,Friday,Spring,False
2022-03-04,PROP003,0.95,1,28,256.73,Friday,Spring,False
2022-03-04,PROP004,0.805,5,24,281.1,Friday,Spring,False
2022-03-04,PROP005,0.95,1,28,281.4,Friday,Spring,False
2022-03-04,PROP006,0.555,13,16,256.63,Friday,Spring,False
2022-03-04,PROP007,0.789,6,23,267.37,Friday,Spring,False
2022-03-04,PROP008,0.95,1,28,294.2,Friday,Spring,False
2022-03-04,PROP009,0.627,11,18,274.1,Friday,Spring,False
2022-03-04,PROP010,0.714,8,21,263.77,Friday,Spring,False
2022-03-05,PROP001,0.95,1,28,265.33,Saturday,Spring,True
2022-03-05,PROP002,0.876,3,26,273.43,Saturday,Spring,True
2022-03-05,PROP003,0.797,6,23,256.73,Saturday,Spring,True
2022-03-05,PROP004,0.848,4,25,281.1,Saturday,Spring,True
2022-03-05,PROP005,0.95,1,28,281.4,Saturday,Spring,True
2022-03-05,PROP006,0.95,1,28,256.63,Saturday,Spring,True
2022-03-05,PROP007,0.867,4,25,267.37,Saturday,Spring,True
2022-03-05,PROP008,0.95,1,28,294.2,Saturday,Spring,True
2022-03-05,PROP009,0.823,5,24,274.1,Saturday,Spring,True
2022-03-05,PROP010,0.688,9,20,263.77,Saturday,Spring,True
2022-03-06,PROP001,0.93,2,27,265.33,Sunday,Spring,True
2022-03-06,PROP002,0.882,3,26,273.43,Sunday,Spring,True
2022-03-06,PROP003,0.926,2,27,256.73,Sunday,Spring,True
2022-03-06,PROP004,0.922,2,27,281.1,Sunday,Spring,True
2022-03-06,PROP005,0.95,1,28,281.4,Sunday,Spring,True
2022-03-06,PROP006,0.95,1,28,256.63,Sunday,Spring,True
2022-03-06,PROP007,0.933,1,28,267.37,Sunday,Spring,True
2022-03-06,PROP008,0.95,1,28,294.2,Sunday,Spring,True
2022-03-06,PROP009,0.943,1,28,274.1,Sunday,Spring,True
2022-03-06,PROP010,0.82,5,24,263.77,Sunday,Spring,True
2022-03-07,PROP001,0.752,7,22,265.33,Monday,Spring,False
2022-03-07,PROP002,0.718,8,21,273.43,Monday,Spring,False
2022-03-07,PROP003,0.599,12,17,256.73,Monday,Spring,False
2022-03-07,PROP004,0.779,6,23,281.1,Monday,Spring,False
2022-03-07,PROP005,0.553,13,16,281.4,Monday,Spring,False
2022-03-07,PROP006,0.81,5,24,256.63,Monday,Spring,False
2022-03-07,PROP007,0.697,9,20,267.37,Monday,Spring,False
2022-03-07,PROP008,0.376,18,11,294.2,Monday,Spring,False
2022-03-07,PROP009,0.804,5,24,274.1,Monday,Spring,False
2022-03-07,PROP010,0.875,3,26,263.77,Monday,Spring,False
2022-03-08,PROP001,0.828,5,24,265.33,Tuesday,Spring,False
2022-03-08,PROP002,0.767,6,23,273.43,Tuesday,Spring,False
2022-03-08,PROP003,0.258,22,7,256.73,Tuesday,Spring,False
2022-03-08,PROP004,0.602,11,18,281.1,Tuesday,Spring,False
2022-03-08,PROP005,0.564,13,16,281.4,Tuesday,Spring,False
2022-03-08,PROP006,0.867,4,25,256.63,Tuesday,Spring,False
2022-03-08,PROP007,0.579,12,17,267.37,Tuesday,Spring,False
2022-03-08,PROP008,0.465,16,13,294.2,Tuesday,Spring,False
2022-03-08,PROP009,0.577,12,17,274.1,Tuesday,Spring,False
2022-03-08,PROP010,0.873,3,26,263.77,Tuesday,Spring,False
2022-03-09,PROP001,0.971,0,29,265.33,Wednesday,Spring,False
2022-03-09,PROP002,0.685,9,20,273.43,Wednesday,Spring,False
2022-03-09,PROP003,0.318,20,9,256.73,Wednesday,Spring,False
2022-03-09,PROP004,0.447,16,13,281.1,Wednesday,Spring,False
2022-03-09,PROP005,0.801,5,24,281.4,Wednesday,Spring,False
2022-03-09,PROP006,0.805,5,24,256.63,Wednesday,Spring,False
2022-03-09,PROP007,0.632,11,18,267.37,Wednesday,Spring,False
2022-03-09,PROP008,0.868,3,26,294.2,Wednesday,Spring,False
2022-03-09,PROP009,0.359,19,10,274.1,Wednesday,Spring,False
2022-03-09,PROP010,0.535,13,16,263.77,Wednesday,Spring,False
2022-03-10,PROP001,0.86,4,25,265.33,Thursday,Spring,False
2022-03-10,PROP002,0.586,12,17,273.43,Thursday,Spring,False
2022-03-10,PROP003,0.366,19,10,256.73,Thursday,Spring,False
2022-03-10,PROP004,0.854,4,25,281.1,Thursday,Spring,False
2022-03-10,PROP005,0.647,10,19,281.4,Thursday,Spring,False
2022-03-10,PROP006,0.523,14,15,256.63,Thursday,Spring,False
2022-03-10,PROP007,0.697,9,20,267.37,Thursday,Spring,False
2022-03-10,PROP008,0.649,10,19,294.2,Thursday,Spring,False
2022-03-10,PROP009,0.756,7,22,274.1,Thursday,Spring,False
2022-03-10,PROP010,0.319,20,9,263.77,Thursday,Spring,False
2022-03-11,PROP001,0.257,22,7,265.33,Friday,Spring,False
2022-03-11,PROP002,0.838,4,25,273.43,Friday,Spring,False
2022-03-11,PROP003,0.95,1,28,256.73,Friday,Spring,False
2022-03-11,PROP004,0.79,6,23,281.1,Friday,Spring,False
2022-03-11,PROP005,0.95,1,28,281.4,Friday,Spring,False
2022-03-11,PROP006,0.739,7,22,256.63,Friday,Spring,False
2022-03-11,PROP007,0.705,8,21,267.37,Friday,Spring,False
2022-03-11,PROP008,0.491,15,14,294.2,Friday,Spring,False
2022-03-11,PROP009,0.95,1,28,274.1,Friday,Spring,False
2022-03-11,PROP010,0.864,4,25,263.77,Friday,Spring,False
2022-03-12,PROP001,0.779,6,23,265.33,Saturday,Spring,True
2022-03-12,PROP002,0.834,4,25,273.43,Saturday,Spring,True
2022-03-12,PROP003,0.646,10,19,256.73,Saturday,Spring,True
2022-03-12,PROP004,0.805,5,24,281.1,Saturday,Spring,True
2022-03-12,PROP005,0.767,6,23,281.4,Saturday,Spring,True
2022-03-12,PROP006,0.611,11,18,256.63,Saturday,Spring,True
2022-03-12,PROP007,0.722,8,21,267.37,Saturday,Spring,True
2022-03-12,PROP008,0.492,15,14,294.2,Saturday,Spring,True
2022-03-12,PROP009,0.93,2,27,274.1,Saturday,Spring,True
2022-03-12,PROP010,0.623,11,18,263.77,Saturday,Spring,True
2022-03-13,PROP001,0.95,1,28,265.33,Sunday,Spring,True
2022-03-13,PROP002,0.88,3,26,273.43,Sunday,Spring,True
2022-03-13,PROP003,0.776,6,23,256.73,Sunday,Spring,True
2022-03-13,PROP004,0.95,1,28,281.1,Sunday,Spring,True
2022-03-13,PROP005,0.714,8,21,281.4,Sunday,Spring,True
2022-03-13,PROP006,0.792,6,23,256.63,Sunday,Spring,True
2022-03-13,PROP007,0.881,3,26,267.37,Sunday,Spring,True
2022-03-13,PROP008,0.442,16,13,294.2,Sunday,Spring,True
2022-03-13,PROP009,0.936,1,28,274.1,Sunday,Spring,True
2022-03-13,PROP010,0.777,6,23,263.77,Sunday,Spring,True
2022-03-14,PROP001,0.683,9,20,265.33,Monday,Spring,False
2022-03-14,PROP002,0.944,1,28,273.43,Monday,Spring,False
2022-03-14,PROP003,0.905,2,27,256.73,Monday,Spring,False
2022-03-14,PROP004,0.538,13,16,281.1,Monday,Spring,False
2022-03-14,PROP005,0.665,10,19,281.4,Monday,Spring,False
2022-03-14,PROP006,0.862,4,25,256.63,Monday,Spring,False
2022-03-14,PROP007,0.792,6,23,267.37,Monday,Spring,False
2022-03-14,PROP008,0.817,5,24,294.2,Monday,Spring,False
2022-03-14,PROP009,0.827,5,24,274.1,Monday,Spring,False
2022-03-14,PROP010,0.701,8,21,263.77,Monday,Spring,False
2022-03-15,PROP001,0.842,4,25,265.33,Tuesday,Spring,False
2022-03-15,PROP002,0.902,2,27,273.43,Tuesday,Spring,False
2022-03-15,PROP003,0.73,8,21,256.73,Tuesday,Spring,False
2022-03-15,PROP004,0.846,4,25,281.1,Tuesday,Spring,False
2022-03-15,PROP005,0.885,3,26,281.4,Tuesday,Spring,False
2022-03-15,PROP006,0.687,9,20,256.63,Tuesday,Spring,False
2022-03-15,PROP007,0.52,14,15,267.37,Tuesday,Spring,False
2022-03-15,PROP008,0.468,15,14,294.2,Tuesday,Spring,False
2022-03-15,PROP009,0.664,10,19,274.1,Tuesday,Spring,False
2022-03-15,PROP010,0.662,10,19,263.77,Tuesday,Spring,False
2022-03-16,PROP001,0.817,5,24,265.33,Wednesday,Spring,False
2022-03-16,PROP002,0.712,8,21,273.43,Wednesday,Spring,False
2022-03-16,PROP003,0.917,2,27,256.73,Wednesday,Spring,False
2022-03-16,PROP004,0.48,15,14,281.1,Wednesday,Spring,False
2022-03-16,PROP005,0.788,6,23,281.4,Wednesday,Spring,False
2022-03-16,PROP006,0.904,2,27,256.63,Wednesday,Spring,False
2022-03-16,PROP007,0.603,11,18,267.37,Wednesday,Spring,False
2022-03-16,PROP008,0.663,10,19,294.2,Wednesday,Spring,False
2022-03-16,PROP009,0.506,14,15,274.1,Wednesday,Spring,False
2022-03-16,PROP010,0.675,9,20,263.77,Wednesday,Spring,False
2022-03-17,PROP001,0.746,7,22,265.33,Thursday,Spring,False
2022-03-17,PROP002,0.474,15,14,273.43,Thursday,Spring,False
2022-03-17,PROP003,0.497,15,14,256.73,Thursday,Spring,False
2022-03-17,PROP004,0.783,6,23,281.1,Thursday,Spring,False
2022-03-17,PROP005,0.725,8,21,281.4,Thursday,Spring,False
2022-03-17,PROP006,0.797,6,23,256.63,Thursday,Spring,False
2022-03-17,PROP007,0.824,5,24,267.37,Thursday,Spring,False
2022-03-17,PROP008,0.768,6,23,294.2,Thursday,Spring,False
2022-03-17,PROP009,0.676,9,20,274.1,Thursday,Spring,False
2022-03-17,PROP010,0.56,13,16,263.77,Thursday,Spring,False
2022-03-18,PROP001,0.891,3,26,265.33,Friday,Spring,False
2022-03-18,PROP002,0.95,1,28,273.43,Friday,Spring,False
2022-03-18,PROP003,0.808,5,24,256.73,Friday,Spring,False
2022-03-18,PROP004,0.714,8,21,281.1,Friday,Spring,False
2022-03-18,PROP005,0.914,2,27,281.4,Friday,Spring,False
2022-03-18,PROP006,0.586,12,17,256.63,Friday,Spring,False
2022-03-18,PROP007,0.783,6,23,267.37,Friday,Spring,False
2022-03-18,PROP008,0.936,1,28,294.2,Friday,Spring,False
2022-03-18,PROP009,0.94,1,28,274.1,Friday,Spring,False
2022-03-18,PROP010,0.831,5,24,263.77,Friday,Spring,False
2022-03-19,PROP001,0.95,1,28,265.33,Saturday,Spring,True
2022-03-19,PROP002,0.577,12,17,273.43,Saturday,Spring,True
2022-03-19,PROP003,0.375,18,11,256.73,Saturday,Spring,True
2022-03-19,PROP004,0.95,1,28,281.1,Saturday,Spring,True
2022-03-19,PROP005,0.657,10,19,281.4,Saturday,Spring,True
2022-03-19,PROP006,0.618,11,18,256.63,Saturday,Spring,True
2022-03-19,PROP007,0.824,5,24,267.37,Saturday,Spring,True
2022-03-19,PROP008,0.809,5,24,294.2,Saturday,Spring,True
2022-03-19,PROP009,0.874,3,26,274.1,Saturday,Spring,True
2022-03-19,PROP010,0.95,1,28,263.77,Saturday,Spring,True
2022-03-20,PROP001,0.653,10,19,265.33,Sunday,Spring,True
2022-03-20,PROP002,0.477,15,14,273.43,Sunday,Spring,True
2022-03-20,PROP003,0.771,6,23,256.73,Sunday,Spring,True
2022-03-20,PROP004,0.896,3,26,281.1,Sunday,Spring,True
2022-03-20,PROP005,0.866,4,25,281.4,Sunday,Spring,True
2022-03-20,PROP006,0.67,9,20,256.63,Sunday,Spring,True
2022-03-20,PROP007,0.95,1,28,267.37,Sunday,Spring,True
2022-03-20,PROP008,0.884,3,26,294.2,Sunday,Spring,True
2022-03-20,PROP009,0.654,10,19,274.1,Sunday,Spring,True
2022-03-20,PROP010,0.676,9,20,263.77,Sunday,Spring,True
2022-03-21,PROP001,0.727,8,21,265.33,Monday,Spring,False
2022-03-21,PROP002,0.818,5,24,273.43,Monday,Spring,False
2022-03-21,PROP003,0.739,7,22,256.73,Monday,Spring,False
2022-03-21,PROP004,0.74,7,22,281.1,Monday,Spring,False
2022-03-21,PROP005,0.706,8,21,281.4,Monday,Spring,False
2022-03-21,PROP006,0.804,5,24,256.63,Monday,Spring,False
2022-03-21,PROP007,0.703,8,21,267.37,Monday,Spring,False
2022-03-21,PROP008,0.714,8,21,294.2,Monday,Spring,False
2022-03-21,PROP009,0.771,6,23,274.1,Monday,Spring,False
2022-03-21,PROP010,0.812,5,24,263.77,Monday,Spring,False
2022-03-22,PROP001,0.747,7,22,265.33,Tuesday,Spring,False
2022-03-22,PROP002,0.61,11,18,273.43,Tuesday,Spring,False
2022-03-22,PROP003,0.604,11,18,256.73,Tuesday,Spring,False
2022-03-22,PROP004,0.428,17,12,281.1,Tuesday,Spring,False
2022-03-22,PROP005,0.827,5,24,281.4,Tuesday,Spring,False
2022-03-22,PROP006,0.503,14,15,256.63,Tuesday,Spring,False
2022-03-22,PROP007,0.494,15,14,267.37,Tuesday,Spring,False
2022-03-22,PROP008,0.769,6,23,294.2,Tuesday,Spring,False
2022-03-22,PROP009,0.922,2,27,274.1,Tuesday,Spring,False
2022-03-22,PROP010,0.631,11,18,263.77,Tuesday,Spring,False
2022-03-23,PROP001,0.491,15,14,265.33,Wednesday,Spring,False
2022-03-23,PROP002,0.365,19,10,273.43,Wednesday,Spring,False
2022-03-23,PROP003,0.849,4,25,256.73,Wednesday,Spring,False
2022-03-23,PROP004,0.715,8,21,281.1,Wednesday,Spring,False
2022-03-23,PROP005,0.745,7,22,281.4,Wednesday,Spring,False
2022-03-23,PROP006,0.817,5,24,256.63,Wednesday,Spring,False
2022-03-23,PROP007,0.704,8,21,267.37,Wednesday,Spring,False
2022-03-23,PROP008,0.736,7,22,294.2,Wednesday,Spring,False
2022-03-23,PROP009,0.306,20,9,274.1,Wednesday,Spring,False
2022-03-23,PROP010,0.946,1,28,263.77,Wednesday,Spring,False
2022-03-24,PROP001,0.699,9,20,265.33,Thursday,Spring,False
2022-03-24,PROP002,0.673,9,20,273.43,Thursday,Spring,False
2022-03-24,PROP003,0.709,8,21,256.73,Thursday,Spring,False
2022-03-24,PROP004,0.32,20,9,281.1,Thursday,Spring,False
2022-03-24,PROP005,0.477,15,14,281.4,Thursday,Spring,False
2022-03-24,PROP006,0.829,5,24,256.63,Thursday,Spring,False
2022-03-24,PROP007,0.75,7,22,267.37,Thursday,Spring,False
2022-03-24,PROP008,0.911,2,27,294.2,Thursday,Spring,False
2022-03-24,PROP009,0.67,9,20,274.1,Thursday,Spring,False
2022-03-24,PROP010,0.87,3,26,263.77,Thursday,Spring,False
2022-03-25,PROP001,0.587,12,17,265.33,Friday,Spring,True
2022-03-25,PROP002,0.95,1,28,273.43,Friday,Spring,True
2022-03-25,PROP003,0.923,2,27,256.73,Friday,Spring,True
2022-03-25,PROP004,0.92,2,27,281.1,Friday,Spring,True
2022-03-25,PROP005,0.95,1,28,281.4,Friday,Spring,True
2022-03-25,PROP006,0.65,10,19,256.63,Friday,Spring,True
2022-03-25,PROP007,0.688,9,20,267.37,Friday,Spring,True
2022-03-25,PROP008,0.794,6,23,294.2,Friday,Spring,True
2022-03-25,PROP009,0.598,12,17,274.1,Friday,Spring,True
2022-03-25,PROP010,0.95,1,28,263.77,Friday,Spring,True
2022-03-26,PROP001,0.711,8,21,265.33,Saturday,Spring,True
2022-03-26,PROP002,0.883,3,26,273.43,Saturday,Spring,True
2022-03-26,PROP003,0.763,7,22,256.73,Saturday,Spring,True
2022-03-26,PROP004,0.945,1,28,281.1,Saturday,Spring,True
2022-03-26,PROP005,0.82,5,24,281.4,Saturday,Spring,True
2022-03-26,PROP006,0.802,5,24,256.63,Saturday,Spring,True
2022-03-26,PROP007,0.728,8,21,267.37,Saturday,Spring,True
2022-03-26,PROP008,0.95,1,28,294.2,Saturday,Spring,True
2022-03-26,PROP009,0.937,1,28,274.1,Saturday,Spring,True
2022-03-26,PROP010,0.95,1,28,263.77,Saturday,Spring,True
2022-03-27,PROP001,0.799,6,23,265.33,Sunday,Spring,True
2022-03-27,PROP002,0.856,4,25,273.43,Sunday,Spring,True
2022-03-27,PROP003,0.895,3,26,256.73,Sunday,Spring,True
2022-03-27,PROP004,0.95,1,28,281.1,Sunday,Spring,True
2022-03-27,PROP005,0.661,10,19,281.4,Sunday,Spring,True
2022-03-27,PROP006,0.783,6,23,256.63,Sunday,Spring,True
2022-03-27,PROP007,0.859,4,25,267.37,Sunday,Spring,True
2022-03-27,PROP008,0.632,11,18,294.2,Sunday,Spring,True
2022-03-27,PROP009,0.776,6,23,274.1,Sunday,Spring,True
2022-03-27,PROP010,0.837,4,25,263.77,Sunday,Spring,True
2022-03-28,PROP001,0.637,10,19,265.33,Monday,Spring,False
2022-03-28,PROP002,0.696,9,20,273.43,Monday,Spring,False
2022-03-28,PROP003,0.635,10,19,256.73,Monday,Spring,False
2022-03-28,PROP004,0.846,4,25,281.1,Monday,Spring,False
2022-03-28,PROP005,0.609,11,18,281.4,Monday,Spring,False
2022-03-28,PROP006,0.537,13,16,256.63,Monday,Spring,False
2022-03-28,PROP007,0.7,8,21,267.37,Monday,Spring,False
2022-03-28,PROP008,0.649,10,19,294.2,Monday,Spring,False
2022-03-28,PROP009,0.855,4,25,274.1,Monday,Spring,False
2022-03-28,PROP010,0.706,8,21,263.77,Monday,Spring,False
2022-03-29,PROP001,0.535,13,16,265.33,Tuesday,Spring,False
2022-03-29,PROP002,0.667,9,20,273.43,Tuesday,Spring,False
2022-03-29,PROP003,0.643,10,19,256.73,Tuesday,Spring,False
2022-03-29,PROP004,0.862,4,25,281.1,Tuesday,Spring,False
2022-03-29,PROP005,0.451,16,13,281.4,Tuesday,Spring,False
2022-03-29,PROP006,0.597,12,17,256.63,Tuesday,Spring,False
2022-03-29,PROP007,0.76,7,22,267.37,Tuesday,Spring,False
2022-03-29,PROP008,0.501,14,15,294.2,Tuesday,Spring,False
2022-03-29,PROP009,0.418,17,12,274.1,Tuesday,Spring,False
2022-03-29,PROP010,0.766,7,22,263.77,Tuesday,Spring,False
2022-03-30,PROP001,0.709,8,21,265.33,Wednesday,Spring,False
2022-03-30,PROP002,0.393,18,11,273.43,Wednesday,Spring,False
2022-03-30,PROP003,0.501,14,15,256.73,Wednesday,Spring,False
2022-03-30,PROP004,0.43,17,12,281.1,Wednesday,Spring,False
2022-03-30,PROP005,0.751,7,22,281.4,Wednesday,Spring,False
2022-03-30,PROP006,0.839,4,25,256.63,Wednesday,Spring,False
2022-03-30,PROP007,0.655,10,19,267.37,Wednesday,Spring,False
2022-03-30,PROP008,0.744,7,22,294.2,Wednesday,Spring,False
2022-03-30,PROP009,0.563,13,16,274.1,Wednesday,Spring,False
2022-03-30,PROP010,0.58,12,17,263.77,Wednesday,Spring,False
2022-03-31,PROP001,0.88,3,26,265.33,Thursday,Spring,False
2022-03-31,PROP002,0.732,8,21,273.43,Thursday,Spring,False
2022-03-31,PROP003,0.614,11,18,256.73,Thursday,Spring,False
2022-03-31,PROP004,0.606,11,18,281.1,Thursday,Spring,False
2022-03-31,PROP005,0.414,17,12,281.4,Thursday,Spring,False
2022-03-31,PROP006,0.634,10,19,256.63,Thursday,Spring,False
2022-03-31,PROP007,0.4,18,11,267.37,Thursday,Spring,False
2022-03-31,PROP008,0.509,14,15,294.2,Thursday,Spring,False
2022-03-31,PROP009,0.441,16,13,274.1,Thursday,Spring,False
2022-03-31,PROP010,0.676,9,20,263.77,Thursday,Spring,False
2022-04-01,PROP001,0.862,4,25,265.33,Friday,Spring,False
2022-04-01,PROP002,0.711,8,21,273.43,Friday,Spring,False
2022-04-01,PROP003,0.804,5,24,256.73,Friday,Spring,False
2022-04-01,PROP004,0.82,5,24,281.1,Friday,Spring,False
2022-04-01,PROP005,0.405,17,12,281.4,Friday,Spring,False
2022-04-01,PROP006,0.737,7,22,256.63,Friday,Spring,False
2022-04-01,PROP007,0.95,1,28,267.37,Friday,Spring,False
2022-04-01,PROP008,0.318,20,9,294.2,Friday,Spring,False
2022-04-01,PROP009,0.869,3,26,274.1,Friday,Spring,False
2022-04-01,PROP010,0.778,6,23,263.77,Friday,Spring,False
2022-04-02,PROP001,0.672,9,20,265.33,Saturday,Spring,True
2022-04-02,PROP002,0.95,1,28,273.43,Saturday,Spring,True
2022-04-02,PROP003,0.95,1,28,256.73,Saturday,Spring,True
2022-04-02,PROP004,0.652,10,19,281.1,Saturday,Spring,True
2022-04-02,PROP005,0.925,2,27,281.4,Saturday,Spring,True
2022-04-02,PROP006,0.831,5,24,256.63,Saturday,Spring,True
2022-04-02,PROP007,0.662,10,19,267.37,Saturday,Spring,True
2022-04-02,PROP008,0.95,1,28,294.2,Saturday,Spring,True
2022-04-02,PROP009,0.86,4,25,274.1,Saturday,Spring,True
2022-04-02,PROP010,0.95,1,28,263.77,Saturday,Spring,True
2022-04-03,PROP001,0.713,8,21,265.33,Sunday,Spring,True
2022-04-03,PROP002,0.504,14,15,273.43,Sunday,Spring,True
2022-04-03,PROP003,0.725,8,21,256.73,Sunday,Spring,True
2022-04-03,PROP004,0.902,2,27,281.1,Sunday,Spring,True
2022-04-03,PROP005,0.807,5,24,281.4,Sunday,Spring,True
2022-04-03,PROP006,0.932,2,27,256.63,Sunday,Spring,True
2022-04-03,PROP007,0.733,8,21,267.37,Sunday,Spring,True
2022-04-03,PROP008,0.654,10,19,294.2,Sunday,Spring,True
2022-04-03,PROP009,0.725,8,21,274.1,Sunday,Spring,True
2022-04-03,PROP010,0.641,10,19,263.77,Sunday,Spring,True
2022-04-04,PROP001,0.843,4,25,265.33,Monday,Spring,False
2022-04-04,PROP002,0.723,8,21,273.43,Monday,Spring,False
2022-04-04,PROP003,0.58,12,17,256.73,Monday,Spring,False
2022-04-04,PROP004,0.868,3,26,281.1,Monday,Spring,False
2022-04-04,PROP005,0.892,3,26,281.4,Monday,Spring,False
2022-04-04,PROP006,0.587,12,17,256.63,Monday,Spring,False
2022-04-04,PROP007,0.763,7,22,267.37,Monday,Spring,False
2022-04-04,PROP008,0.526,14,15,294.2,Monday,Spring,False
2022-04-04,PROP009,0.776,6,23,274.1,Monday,Spring,False
2022-04-04,PROP010,0.78,6,23,263.77,Monday,Spring,False
2022-04-05,PROP001,0.64,10,19,265.33,Tuesday,Spring,False
2022-04-05,PROP002,0.558,13,16,273.43,Tuesday,Spring,False
2022-04-05,PROP003,0.591,12,17,256.73,Tuesday,Spring,False
2022-04-05,PROP004,0.747,7,22,281.1,Tuesday,Spring,False
2022-04-05,PROP005,0.641,10,19,281.4,Tuesday,Spring,False
2022-04-05,PROP006,0.897,3,26,256.63,Tuesday,Spring,False
2022-04-05,PROP007,0.372,18,11,267.37,Tuesday,Spring,False
2022-04-05,PROP008,0.895,3,26,294.2,Tuesday,Spring,False
2022-04-05,PROP009,0.838,4,25,274.1,Tuesday,Spring,False
2022-04-05,PROP010,0.89,3,26,263.77,Tuesday,Spring,False
2022-04-06,PROP001,0.745,7,22,265.33,Wednesday,Spring,False
2022-04-06,PROP002,0.834,4,25,273.43,Wednesday,Spring,False
2022-04-06,PROP003,0.632,11,18,256.73,Wednesday,Spring,False
2022-04-06,PROP004,0.422,17,12,281.1,Wednesday,Spring,False
2022-04-06,PROP005,0.621,11,18,281.4,Wednesday,Spring,False
2022-04-06,PROP006,0.902,2,27,256.63,Wednesday,Spring,False
2022-04-06,PROP007,0.732,8,21,267.37,Wednesday,Spring,False
2022-04-06,PROP008,0.867,3,26,294.2,Wednesday,Spring,False
2022-04-06,PROP009,0.724,8,21,274.1,Wednesday,Spring,False
2022-04-06,PROP010,0.812,5,24,263.77,Wednesday,Spring,False
2022-04-07,PROP001,0.503,14,15,265.33,Thursday,Spring,False
2022-04-07,PROP002,0.499,15,14,273.43,Thursday,Spring,False
2022-04-07,PROP003,0.673,9,20,256.73,Thursday,Spring,False
2022-04-07,PROP004,0.921,2,27,281.1,Thursday,Spring,False
2022-04-07,PROP005,0.516,14,15,281.4,Thursday,Spring,False
2022-04-07,PROP006,0.831,5,24,256.63,Thursday,Spring,False
2022-04-07,PROP007,0.936,1,28,267.37,Thursday,Spring,False
2022-04-07,PROP008,0.611,11,18,294.2,Thursday,Spring,False
2022-04-07,PROP009,0.644,10,19,274.1,Thursday,Spring,False
2022-04-07,PROP010,0.739,7,22,263.77,Thursday,Spring,False
2022-04-08,PROP001,0.581,12,17,265.33,Friday,Spring,False
2022-04-08,PROP002,0.896,3,26,273.43,Friday,Spring,False
2022-04-08,PROP003,0.532,14,15,256.73,Friday,Spring,False
2022-04-08,PROP004,0.661,10,19,281.1,Friday,Spring,False
2022-04-08,PROP005,0.355,19,10,281.4,Friday,Spring,False
2022-04-08,PROP006,0.95,1,28,256.63,Friday,Spring,False
2022-04-08,PROP007,0.63,11,18,267.37,Friday,Spring,False
2022-04-08,PROP008,0.812,5,24,294.2,Friday,Spring,False
2022-04-08,PROP009,0.892,3,26,274.1,Friday,Spring,False
2022-04-08,PROP010,0.72,8,21,263.77,Friday,Spring,False
2022-04-09,PROP001,0.797,6,23,265.33,Saturday,Spring,True
2022-04-09,PROP002,0.718,8,21,273.43,Saturday,Spring,True
2022-04-09,PROP003,0.659,10,19,256.73,Saturday,Spring,True
2022-04-09,PROP004,0.561,13,16,281.1,Saturday,Spring,True
2022-04-09,PROP005,0.724,8,21,281.4,Saturday,Spring,True
2022-04-09,PROP006,0.89,3,26,256.63,Saturday,Spring,True
2022-04-09,PROP007,0.704,8,21,267.37,Saturday,Spring,True
2022-04-09,PROP008,0.639,10,19,294.2,Saturday,Spring,True
2022-04-09,PROP009,0.808,5,24,274.1,Saturday,Spring,True
2022-04-09,PROP010,0.715,8,21,263.77,Saturday,Spring,True
2022-04-10,PROP001,0.941,1,28,265.33,Sunday,Spring,True
2022-04-10,PROP002,0.826,5,24,273.43,Sunday,Spring,True
2022-04-10,PROP003,0.79,6,23,256.73,Sunday,Spring,True
2022-04-10,PROP004,0.95,1,28,281.1,Sunday,Spring,True
2022-04-10,PROP005,0.541,13,16,281.4,Sunday,Spring,True
2022-04-10,PROP006,0.769,6,23,256.63,Sunday,Spring,True
2022-04-10,PROP007,0.681,9,20,267.37,Sunday,Spring,True
2022-04-10,PROP008,0.869,3,26,294.2,Sunday,Spring,True
2022-04-10,PROP009,0.877,3,26,274.1,Sunday,Spring,True
2022-04-10,PROP010,0.727,8,21,263.77,Sunday,Spring,True
2022-04-11,PROP001,0.885,3,26,265.33,Monday,Spring,False
2022-04-11,PROP002,0.72,8,21,273.43,Monday,Spring,False
2022-04-11,PROP003,0.797,6,23,256.73,Monday,Spring,False
2022-04-11,PROP004,0.769,6,23,281.1,Monday,Spring,False
2022-04-11,PROP005,0.72,8,21,281.4,Monday,Spring,False
2022-04-11,PROP006,0.706,8,21,256.63,Monday,Spring,False
2022-04-11,PROP007,0.678,9,20,267.37,Monday,Spring,False
2022-04-11,PROP008,0.87,3,26,294.2,Monday,Spring,False
2022-04-11,PROP009,0.836,4,25,274.1,Monday,Spring,False
2022-04-11,PROP010,0.727,8,21,263.77,Monday,Spring,False
2022-04-12,PROP001,0.825,5,24,265.33,Tuesday,Spring,False
2022-04-12,PROP002,0.758,7,22,273.43,Tuesday,Spring,False
2022-04-12,PROP003,0.815,5,24,256.73,Tuesday,Spring,False
2022-04-12,PROP004,0.58,12,17,281.1,Tuesday,Spring,False
2022-04-12,PROP005,0.671,9,20,281.4,Tuesday,Spring,False
2022-04-12,PROP006,0.588,12,17,256.63,Tuesday,Spring,False
2022-04-12,PROP007,0.656,10,19,267.37,Tuesday,Spring,False
2022-04-12,PROP008,0.773,6,23,294.2,Tuesday,Spring,False
2022-04-12,PROP009,0.784,6,23,274.1,Tuesday,Spring,False
2022-04-12,PROP010,0.672,9,20,263.77,Tuesday,Spring,False
2022-04-13,PROP001,0.761,7,22,265.33,Wednesday,Spring,False
2022-04-13,PROP002,0.743,7,22,273.43,Wednesday,Spring,False
2022-04-13,PROP003,0.746,7,22,256.73,Wednesday,Spring,False
2022-04-13,PROP004,0.879,3,26,281.1,Wednesday,Spring,False
2022-04-13,PROP005,0.864,4,25,281.4,Wednesday,Spring,False
2022-04-13,PROP006,0.722,8,21,256.63,Wednesday,Spring,False
2022-04-13,PROP007,0.719,8,21,267.37,Wednesday,Spring,False
2022-04-13,PROP008,0.621,11,18,294.2,Wednesday,Spring,False
2022-04-13,PROP009,0.473,15,14,274.1,Wednesday,Spring,False
2022-04-13,PROP010,0.277,21,8,263.77,Wednesday,Spring,False
2022-04-14,PROP001,0.514,14,15,265.33,Thursday,Spring,False
2022-04-14,PROP002,0.482,15,14,273.43,Thursday,Spring,False
2022-04-14,PROP003,0.764,7,22,256.73,Thursday,Spring,False
2022-04-14,PROP004,0.681,9,20,281.1,Thursday,Spring,False
2022-04-14,PROP005,0.841,4,25,281.4,Thursday,Spring,False
2022-04-14,PROP006,0.608,11,18,256.63,Thursday,Spring,False
2022-04-14,PROP007,0.633,11,18,267.37,Thursday,Spring,False
2022-04-14,PROP008,0.794,6,23,294.2,Thursday,Spring,False
2022-04-14,PROP009,0.919,2,27,274.1,Thursday,Spring,False
2022-04-14,PROP010,0.496,15,14,263.77,Thursday,Spring,False
2022-04-15,PROP001,0.583,12,17,265.33,Friday,Spring,False
2022-04-15,PROP002,0.95,1,28,273.43,Friday,Spring,False
2022-04-15,PROP003,0.509,14,15,256.73,Friday,Spring,False
2022-04-15,PROP004,0.731,8,21,281.1,Friday,Spring,False
2022-04-15,PROP005,0.727,8,21,281.4,Friday,Spring,False
2022-04-15,PROP006,0.95,1,28,256.63,Friday,Spring,False
2022-04-15,PROP007,0.812,5,24,267.37,Friday,Spring,False
2022-04-15,PROP008,0.816,5,24,294.2,Friday,Spring,False
2022-04-15,PROP009,0.931,2,27,274.1,Friday,Spring,False
2022-04-15,PROP010,0.534,13,16,263.77,Friday,Spring,False
2022-04-16,PROP001,0.768,6,23,265.33,Saturday,Spring,True
2022-04-16,PROP002,0.463,16,13,273.43,Saturday,Spring,True
2022-04-16,PROP003,0.946,1,28,256.73,Saturday,Spring,True
2022-04-16,PROP004,0.656,10,19,281.1,Saturday,Spring,True
2022-04-16,PROP005,0.95,1,28,281.4,Saturday,Spring,True
2022-04-16,PROP006,0.657,10,19,256.63,Saturday,Spring,True
2022-04-16,PROP007,0.947,1,28,267.37,Saturday,Spring,True
2022-04-16,PROP008,0.539,13,16,294.2,Saturday,Spring,True
2022-04-16,PROP009,0.95,1,28,274.1,Saturday,Spring,True
2022-04-16,PROP010,0.791,6,23,263.77,Saturday,Spring,True
2022-04-17,PROP001,0.668,9,20,265.33,Sunday,Spring,True
2022-04-17,PROP002,0.755,7,22,273.43,Sunday,Spring,True
2022-04-17,PROP003,0.901,2,27,256.73,Sunday,Spring,True
2022-04-17,PROP004,0.743,7,22,281.1,Sunday,Spring,True
2022-04-17,PROP005,0.924,2,27,281.4,Sunday,Spring,True
2022-04-17,PROP006,0.688,9,20,256.63,Sunday,Spring,True
2022-04-17,PROP007,0.829,5,24,267.37,Sunday,Spring,True
2022-04-17,PROP008,0.95,1,28,294.2,Sunday,Spring,True
2022-04-17,PROP009,0.95,1,28,274.1,Sunday,Spring,True
2022-04-17,PROP010,0.866,4,25,263.77,Sunday,Spring,True
2022-04-18,PROP001,0.662,10,19,265.33,Monday,Spring,False
2022-04-18,PROP002,0.673,9,20,273.43,Monday,Spring,False
2022-04-18,PROP003,0.896,3,26,256.73,Monday,Spring,False
2022-04-18,PROP004,0.643,10,19,281.1,Monday,Spring,False
2022-04-18,PROP005,0.861,4,25,281.4,Monday,Spring,False
2022-04-18,PROP006,0.765,7,22,256.63,Monday,Spring,False
2022-04-18,PROP007,0.845,4,25,267.37,Monday,Spring,False
2022-04-18,PROP008,0.817,5,24,294.2,Monday,Spring,False
2022-04-18,PROP009,0.737,7,22,274.1,Monday,Spring,False
2022-04-18,PROP010,0.889,3,26,263.77,Monday,Spring,False
2022-04-19,PROP001,0.634,10,19,265.33,Tuesday,Spring,False
2022-04-19,PROP002,0.712,8,21,273.43,Tuesday,Spring,False
2022-04-19,PROP003,0.56,13,16,256.73,Tuesday,Spring,False
2022-04-19,PROP004,0.627,11,18,281.1,Tuesday,Spring,False
2022-04-19,PROP005,0.6,11,18,281.4,Tuesday,Spring,False
2022-04-19,PROP006,0.607,11,18,256.63,Tuesday,Spring,False
2022-04-19,PROP007,0.699,9,20,267.37,Tuesday,Spring,False
2022-04-19,PROP008,0.707,8,21,294.2,Tuesday,Spring,False
2022-04-19,PROP009,0.775,6,23,274.1,Tuesday,Spring,False
2022-04-19,PROP010,0.631,11,18,263.77,Tuesday,Spring,False
2022-04-20,PROP001,0.752,7,22,265.33,Wednesday,Spring,False
2022-04-20,PROP002,0.462,16,13,273.43,Wednesday,Spring,False
2022-04-20,PROP003,0.842,4,25,256.73,Wednesday,Spring,False
2022-04-20,PROP004,0.525,14,15,281.1,Wednesday,Spring,False
2022-04-20,PROP005,0.77,6,23,281.4,Wednesday,Spring,False
2022-04-20,PROP006,0.847,4,25,256.63,Wednesday,Spring,False
2022-04-20,PROP007,0.799,6,23,267.37,Wednesday,Spring,False
2022-04-20,PROP008,0.716,8,21,294.2,Wednesday,Spring,False
2022-04-20,PROP009,0.675,9,20,274.1,Wednesday,Spring,False
2022-04-20,PROP010,0.773,6,23,263.77,Wednesday,Spring,False
2022-04-21,PROP001,0.554,13,16,265.33,Thursday,Spring,False
2022-04-21,PROP002,0.808,5,24,273.43,Thursday,Spring,False
2022-04-21,PROP003,0.549,13,16,256.73,Thursday,Spring,False
2022-04-21,PROP004,0.754,7,22,281.1,Thursday,Spring,False
2022-04-21,PROP005,0.794,6,23,281.4,Thursday,Spring,False
2022-04-21,PROP006,0.827,5,24,256.63,Thursday,Spring,False
2022-04-21,PROP007,0.846,4,25,267.37,Thursday,Spring,False
2022-04-21,PROP008,0.606,11,18,294.2,Thursday,Spring,False
2022-04-21,PROP009,0.678,9,20,274.1,Thursday,Spring,False
2022-04-21,PROP010,0.639,10,19,263.77,Thursday,Spring,False
2022-04-22,PROP001,0.944,1,28,265.33,Friday,Spring,False
2022-04-22,PROP002,0.682,9,20,273.43,Friday,Spring,False
2022-04-22,PROP003,0.869,3,26,256.73,Friday,Spring,False
2022-04-22,PROP004,0.843,4,25,281.1,Friday,Spring,False
2022-04-22,PROP005,0.699,9,20,281.4,Friday,Spring,False
2022-04-22,PROP006,0.902,2,27,256.63,Friday,Spring,False
2022-04-22,PROP007,0.95,1,28,267.37,Friday,Spring,False
2022-04-22,PROP008,0.628,11,18,294.2,Friday,Spring,False
2022-04-22,PROP009,0.609,11,18,274.1,Friday,Spring,False
2022-04-22,PROP010,0.655,10,19,263.77,Friday,Spring,False
2022-04-23,PROP001,0.75,7,22,265.33,Saturday,Spring,True
2022-04-23,PROP002,0.894,3,26,273.43,Saturday,Spring,True
2022-04-23,PROP003,0.711,8,21,256.73,Saturday,Spring,True
2022-04-23,PROP004,0.805,5,24,281.1,Saturday,Spring,True
2022-04-23,PROP005,0.95,1,28,281.4,Saturday,Spring,True
2022-04-23,PROP006,0.788,6,23,256.63,Saturday,Spring,True
2022-04-23,PROP007,0.524,14,15,267.37,Saturday,Spring,True
2022-04-23,PROP008,0.775,6,23,294.2,Saturday,Spring,True
2022-04-23,PROP009,0.819,5,24,274.1,Saturday,Spring,True
2022-04-23,PROP010,0.878,3,26,263.77,Saturday,Spring,True
2022-04-24,PROP001,0.595,12,17,265.33,Sunday,Spring,True
2022-04-24,PROP002,0.845,4,25,273.43,Sunday,Spring,True
2022-04-24,PROP003,0.797,6,23,256.73,Sunday,Spring,True
2022-04-24,PROP004,0.916,2,27,281.1,Sunday,Spring,True
2022-04-24,PROP005,0.626,11,18,281.4,Sunday,Spring,True
2022-04-24,PROP006,0.907,2,27,256.63,Sunday,Spring,True
2022-04-24,PROP007,0.914,2,27,267.37,Sunday,Spring,True
2022-04-24,PROP008,0.702,8,21,294.2,Sunday,Spring,True
2022-04-24,PROP009,0.95,1,28,274.1,Sunday,Spring,True
2022-04-24,PROP010,0.827,5,24,263.77,Sunday,Spring,True
2022-04-25,PROP001,0.858,4,25,265.33,Monday,Spring,False
2022-04-25,PROP002,0.697,9,20,273.43,Monday,Spring,False
2022-04-25,PROP003,0.713,8,21,256.73,Monday,Spring,False
2022-04-25,PROP004,0.809,5,24,281.1,Monday,Spring,False
2022-04-25,PROP005,0.693,9,20,281.4,Monday,Spring,False
2022-04-25,PROP006,0.708,8,21,256.63,Monday,Spring,False
2022-04-25,PROP007,0.7,8,21,267.37,Monday,Spring,False
2022-04-25,PROP008,0.803,5,24,294.2,Monday,Spring,False
2022-04-25,PROP009,0.627,11,18,274.1,Monday,Spring,False
2022-04-25,PROP010,0.862,4,25,263.77,Monday,Spring,False
2022-04-26,PROP001,0.841,4,25,265.33,Tuesday,Spring,False
2022-04-26,PROP002,0.663,10,19,273.43,Tuesday,Spring,False
2022-04-26,PROP003,0.857,4,25,256.73,Tuesday,Spring,False
2022-04-26,PROP004,0.358,19,10,281.1,Tuesday,Spring,False
2022-04-26,PROP005,0.561,13,16,281.4,Tuesday,Spring,False
2022-04-26,PROP006,0.632,11,18,256.63,Tuesday,Spring,False
2022-04-26,PROP007,0.647,10,19,267.37,Tuesday,Spring,False
2022-04-26,PROP008,0.927,2,27,294.2,Tuesday,Spring,False
2022-04-26,PROP009,0.845,4,25,274.1,Tuesday,Spring,False
2022-04-26,PROP010,0.8,5,24,263.77,Tuesday,Spring,False
2022-04-27,PROP001,0.946,1,28,265.33,Wednesday,Spring,False
2022-04-27,PROP002,0.61,11,18,273.43,Wednesday,Spring,False
2022-04-27,PROP003,0.386,18,11,256.73,Wednesday,Spring,False
2022-04-27,PROP004,0.765,7,22,281.1,Wednesday,Spring,False
2022-04-27,PROP005,0.747,7,22,281.4,Wednesday,Spring,False
2022-04-27,PROP006,0.577,12,17,256.63,Wednesday,Spring,False
2022-04-27,PROP007,0.539,13,16,267.37,Wednesday,Spring,False
2022-04-27,PROP008,0.538,13,16,294.2,Wednesday,Spring,False
2022-04-27,PROP009,0.756,7,22,274.1,Wednesday,Spring,False
2022-04-27,PROP010,0.786,6,23,263.77,Wednesday,Spring,False
2022-04-28,PROP001,0.541,13,16,265.33,Thursday,Spring,False
2022-04-28,PROP002,0.809,5,24,273.43,Thursday,Spring,False
2022-04-28,PROP003,0.616,11,18,256.73,Thursday,Spring,False
2022-04-28,PROP004,0.597,12,17,281.1,Thursday,Spring,False
2022-04-28,PROP005,0.507,14,15,281.4,Thursday,Spring,False
2022-04-28,PROP006,0.783,6,23,256.63,Thursday,Spring,False
2022-04-28,PROP007,0.785,6,23,267.37,Thursday,Spring,False
2022-04-28,PROP008,0.656,10,19,294.2,Thursday,Spring,False
2022-04-28,PROP009,0.679,9,20,274.1,Thursday,Spring,False
2022-04-28,PROP010,0.892,3,26,263.77,Thursday,Spring,False
2022-04-29,PROP001,0.686,9,20,265.33,Friday,Spring,False
2022-04-29,PROP002,0.504,14,15,273.43,Friday,Spring,False
2022-04-29,PROP003,0.745,7,22,256.73,Friday,Spring,False
2022-04-29,PROP004,0.95,1,28,281.1,Friday,Spring,False
2022-04-29,PROP005,0.642,10,19,281.4,Friday,Spring,False
2022-04-29,PROP006,0.814,5,24,256.63,Friday,Spring,False
2022-04-29,PROP007,0.913,2,27,267.37,Friday,Spring,False
2022-04-29,PROP008,0.759,7,22,294.2,Friday,Spring,False
2022-04-29,PROP009,0.874,3,26,274.1,Friday,Spring,False
2022-04-29,PROP010,0.919,2,27,263.77,Friday,Spring,False
2022-04-30,PROP001,0.753,7,22,265.33,Saturday,Spring,True
2022-04-30,PROP002,0.897,3,26,273.43,Saturday,Spring,True
2022-04-30,PROP003,0.817,5,24,256.73,Saturday,Spring,True
2022-04-30,PROP004,0.95,1,28,281.1,Saturday,Spring,True
2022-04-30,PROP005,0.6,11,18,281.4,Saturday,Spring,True
2022-04-30,PROP006,0.95,1,28,256.63,Saturday,Spring,True
2022-04-30,PROP007,0.95,1,28,267.37,Saturday,Spring,True
2022-04-30,PROP008,0.824,5,24,294.2,Saturday,Spring,True
2022-04-30,PROP009,0.536,13,16,274.1,Saturday,Spring,True
2022-04-30,PROP010,0.809,5,24,263.77,Saturday,Spring,True
2022-05-01,PROP001,0.786,6,23,265.33,Sunday,Spring,True
2022-05-01,PROP002,0.828,5,24,273.43,Sunday,Spring,True
2022-05-01,PROP003,0.543,13,16,256.73,Sunday,Spring,True
2022-05-01,PROP004,0.849,4,25,281.1,Sunday,Spring,True
2022-05-01,PROP005,0.577,12,17,281.4,Sunday,Spring,True
2022-05-01,PROP006,0.724,8,21,256.63,Sunday,Spring,True
2022-05-01,PROP007,0.95,1,28,267.37,Sunday,Spring,True
2022-05-01,PROP008,0.88,3,26,294.2,Sunday,Spring,True
2022-05-01,PROP009,0.893,3,26,274.1,Sunday,Spring,True
2022-05-01,PROP010,0.757,7,22,263.77,Sunday,Spring,True
2022-05-02,PROP001,0.835,4,25,265.33,Monday,Spring,False
2022-05-02,PROP002,0.597,12,17,273.43,Monday,Spring,False
2022-05-02,PROP003,0.687,9,20,256.73,Monday,Spring,False
2022-05-02,PROP004,0.526,14,15,281.1,Monday,Spring,False
2022-05-02,PROP005,0.558,13,16,281.4,Monday,Spring,False
2022-05-02,PROP006,0.798,6,23,256.63,Monday,Spring,False
2022-05-02,PROP007,0.862,4,25,267.37,Monday,Spring,False
2022-05-02,PROP008,0.629,11,18,294.2,Monday,Spring,False
2022-05-02,PROP009,0.795,6,23,274.1,Monday,Spring,False
2022-05-02,PROP010,0.679,9,20,263.77,Monday,Spring,False
2022-05-03,PROP001,0.578,12,17,265.33,Tuesday,Spring,False
2022-05-03,PROP002,0.795,6,23,273.43,Tuesday,Spring,False
2022-05-03,PROP003,0.613,11,18,256.73,Tuesday,Spring,False
2022-05-03,PROP004,0.848,4,25,281.1,Tuesday,Spring,False
2022-05-03,PROP005,0.749,7,22,281.4,Tuesday,Spring,False
2022-05-03,PROP006,0.771,6,23,256.63,Tuesday,Spring,False
2022-05-03,PROP007,0.731,8,21,267.37,Tuesday,Spring,False
2022-05-03,PROP008,0.618,11,18,294.2,Tuesday,Spring,False
2022-05-03,PROP009,0.705,8,21,274.1,Tuesday,Spring,False
2022-05-03,PROP010,0.508,14,15,263.77,Tuesday,Spring,False
2022-05-04,PROP001,0.79,6,23,265.33,Wednesday,Spring,False
2022-05-04,PROP002,0.726,8,21,273.43,Wednesday,Spring,False
2022-05-04,PROP003,0.638,10,19,256.73,Wednesday,Spring,False
2022-05-04,PROP004,0.575,12,17,281.1,Wednesday,Spring,False
2022-05-04,PROP005,0.733,8,21,281.4,Wednesday,Spring,False
2022-05-04,PROP006,0.737,7,22,256.63,Wednesday,Spring,False
2022-05-04,PROP007,0.641,10,19,267.37,Wednesday,Spring,False
2022-05-04,PROP008,0.697,9,20,294.2,Wednesday,Spring,False
2022-05-04,PROP009,0.832,5,24,274.1,Wednesday,Spring,False
2022-05-04,PROP010,0.823,5,24,263.77,Wednesday,Spring,False
2022-05-05,PROP001,0.75,7,22,265.33,Thursday,Spring,False
2022-05-05,PROP002,0.786,6,23,273.43,Thursday,Spring,False
2022-05-05,PROP003,0.946,1,28,256.73,Thursday,Spring,False
2022-05-05,PROP004,0.763,7,22,281.1,Thursday,Spring,False
2022-05-05,PROP005,0.717,8,21,281.4,Thursday,Spring,False
2022-05-05,PROP006,0.842,4,25,256.63,Thursday,Spring,False
2022-05-05,PROP007,0.412,17,12,267.37,Thursday,Spring,False
2022-05-05,PROP008,0.823,5,24,294.2,Thursday,Spring,False
2022-05-05,PROP009,0.921,2,27,274.1,Thursday,Spring,False
2022-05-05,PROP010,0.752,7,22,263.77,Thursday,Spring,False
2022-05-06,PROP001,0.672,9,20,265.33,Friday,Spring,False
2022-05-06,PROP002,0.95,1,28,273.43,Friday,Spring,False
2022-05-06,PROP003,0.95,1,28,256.73,Friday,Spring,False
2022-05-06,PROP004,0.95,1,28,281.1,Friday,Spring,False
2022-05-06,PROP005,0.95,1,28,281.4,Friday,Spring,False
2022-05-06,PROP006,0.95,1,28,256.63,Friday,Spring,False
2022-05-06,PROP007,0.747,7,22,267.37,Friday,Spring,False
2022-05-06,PROP008,0.75,7,22,294.2,Friday,Spring,False
2022-05-06,PROP009,0.741,7,22,274.1,Friday,Spring,False
2022-05-06,PROP010,0.812,5,24,263.77,Friday,Spring,False
2022-05-07,PROP001,0.814,5,24,265.33,Saturday,Spring,True
2022-05-07,PROP002,0.612,11,18,273.43,Saturday,Spring,True
2022-05-07,PROP003,0.513,14,15,256.73,Saturday,Spring,True
2022-05-07,PROP004,0.949,1,28,281.1,Saturday,Spring,True
2022-05-07,PROP005,0.858,4,25,281.4,Saturday,Spring,True
2022-05-07,PROP006,0.863,4,25,256.63,Saturday,Spring,True
2022-05-07,PROP007,0.551,13,16,267.37,Saturday,Spring,True
2022-05-07,PROP008,0.817,5,24,294.2,Saturday,Spring,True
2022-05-07,PROP009,0.538,13,16,274.1,Saturday,Spring,True
2022-05-07,PROP010,0.743,7,22,263.77,Saturday,Spring,True
2022-05-08,PROP001,0.929,2,27,265.33,Sunday,Spring,True
2022-05-08,PROP002,0.879,3,26,273.43,Sunday,Spring,True
2022-05-08,PROP003,0.805,5,24,256.73,Sunday,Spring,True
2022-05-08,PROP004,0.95,1,28,281.1,Sunday,Spring,True
2022-05-08,PROP005,0.546,13,16,281.4,Sunday,Spring,True
2022-05-08,PROP006,0.788,6,23,256.63,Sunday,Spring,True
2022-05-08,PROP007,0.635,10,19,267.37,Sunday,Spring,True
2022-05-08,PROP008,0.922,2,27,294.2,Sunday,Spring,True
2022-05-08,PROP009,0.947,1,28,274.1,Sunday,Spring,True
2022-05-08,PROP010,0.561,13,16,263.77,Sunday,Spring,True
2022-05-09,PROP001,0.661,10,19,265.33,Monday,Spring,False
2022-05-09,PROP002,0.889,3,26,273.43,Monday,Spring,False
2022-05-09,PROP003,0.773,6,23,256.73,Monday,Spring,False
2022-05-09,PROP004,0.732,8,21,281.1,Monday,Spring,False
2022-05-09,PROP005,0.636,10,19,281.4,Monday,Spring,False
2022-05-09,PROP006,0.797,6,23,256.63,Monday,Spring,False
2022-05-09,PROP007,0.813,5,24,267.37,Monday,Spring,False
2022-05-09,PROP008,0.84,4,25,294.2,Monday,Spring,False
2022-05-09,PROP009,0.587,12,17,274.1,Monday,Spring,False
2022-05-09,PROP010,0.648,10,19,263.77,Monday,Spring,False
2022-05-10,PROP001,0.553,13,16,265.33,Tuesday,Spring,False
2022-05-10,PROP002,0.764,7,22,273.43,Tuesday,Spring,False
2022-05-10,PROP003,0.732,8,21,256.73,Tuesday,Spring,False
2022-05-10,PROP004,0.828,5,24,281.1,Tuesday,Spring,False
2022-05-10,PROP005,0.77,6,23,281.4,Tuesday,Spring,False
2022-05-10,PROP006,0.453,16,13,256.63,Tuesday,Spring,False
2022-05-10,PROP007,0.856,4,25,267.37,Tuesday,Spring,False
2022-05-10,PROP008,0.737,7,22,294.2,Tuesday,Spring,False
2022-05-10,PROP009,0.888,3,26,274.1,Tuesday,Spring,False
2022-05-10,PROP010,0.592,12,17,263.77,Tuesday,Spring,False
2022-05-11,PROP001,0.736,7,22,265.33,Wednesday,Spring,False
2022-05-11,PROP002,0.86,4,25,273.43,Wednesday,Spring,False
2022-05-11,PROP003,0.83,5,24,256.73,Wednesday,Spring,False
2022-05-11,PROP004,0.733,8,21,281.1,Wednesday,Spring,False
2022-05-11,PROP005,0.635,10,19,281.4,Wednesday,Spring,False
2022-05-11,PROP006,0.734,7,22,256.63,Wednesday,Spring,False
2022-05-11,PROP007,0.782,6,23,267.37,Wednesday,Spring,False
2022-05-11,PROP008,0.777,6,23,294.2,Wednesday,Spring,False
2022-05-11,PROP009,0.796,6,23,274.1,Wednesday,Spring,False
2022-05-11,PROP010,0.777,6,23,263.77,Wednesday,Spring,False
2022-05-12,PROP001,0.697,9,20,265.33,Thursday,Spring,False
2022-05-12,PROP002,0.77,6,23,273.43,Thursday,Spring,False
2022-05-12,PROP003,0.783,6,23,256.73,Thursday,Spring,False
2022-05-12,PROP004,0.591,12,17,281.1,Thursday,Spring,False
2022-05-12,PROP005,0.529,14,15,281.4,Thursday,Spring,False
2022-05-12,PROP006,0.487,15,14,256.63,Thursday,Spring,False
2022-05-12,PROP007,0.816,5,24,267.37,Thursday,Spring,False
2022-05-12,PROP008,0.616,11,18,294.2,Thursday,Spring,False
2022-05-12,PROP009,0.793,6,23,274.1,Thursday,Spring,False
2022-05-12,PROP010,0.803,5,24,263.77,Thursday,Spring,False
2022-05-13,PROP001,0.662,10,19,265.33,Friday,Spring,False
2022-05-13,PROP002,0.95,1,28,273.43,Friday,Spring,False
2022-05-13,PROP003,0.95,1,28,256.73,Friday,Spring,False
2022-05-13,PROP004,0.793,6,23,281.1,Friday,Spring,False
2022-05-13,PROP005,0.577,12,17,281.4,Friday,Spring,False
2022-05-13,PROP006,0.493,15,14,256.63,Friday,Spring,False
2022-05-13,PROP007,0.95,1,28,267.37,Friday,Spring,False
2022-05-13,PROP008,0.95,1,28,294.2,Friday,Spring,False
2022-05-13,PROP009,0.95,1,28,274.1,Friday,Spring,False
2022-05-13,PROP010,0.783,6,23,263.77,Friday,Spring,False
2022-05-14,PROP001,0.95,1,28,265.33,Saturday,Spring,True
2022-05-14,PROP002,0.63,11,18,273.43,Saturday,Spring,True
2022-05-14,PROP003,0.785,6,23,256.73,Saturday,Spring,True
2022-05-14,PROP004,0.818,5,24,281.1,Saturday,Spring,True
2022-05-14,PROP005,0.601,11,18,281.4,Saturday,Spring,True
2022-05-14,PROP006,0.95,1,28,256.63,Saturday,Spring,True
2022-05-14,PROP007,0.455,16,13,267.37,Saturday,Spring,True
2022-05-14,PROP008,0.95,1,28,294.2,Saturday,Spring,True
2022-05-14,PROP009,0.89,3,26,274.1,Saturday,Spring,True
2022-05-14,PROP010,0.95,1,28,263.77,Saturday,Spring,True
2022-05-15,PROP001,0.95,1,28,265.33,Sunday,Spring,True
2022-05-15,PROP002,0.717,8,21,273.43,Sunday,Spring,True
2022-05-15,PROP003,0.934,1,28,256.73,Sunday,Spring,True
2022-05-15,PROP004,0.561,13,16,281.1,Sunday,Spring,True
2022-05-15,PROP005,0.95,1,28,281.4,Sunday,Spring,True
2022-05-15,PROP006,0.697,9,20,256.63,Sunday,Spring,True
2022-05-15,PROP007,0.869,3,26,267.37,Sunday,Spring,True
2022-05-15,PROP008,0.853,4,25,294.2,Sunday,Spring,True
2022-05-15,PROP009,0.95,1,28,274.1,Sunday,Spring,True
2022-05-15,PROP010,0.722,8,21,263.77,Sunday,Spring,True
2022-05-16,PROP001,0.743,7,22,265.33,Monday,Spring,False
2022-05-16,PROP002,0.841,4,25,273.43,Monday,Spring,False
2022-05-16,PROP003,0.632,11,18,256.73,Monday,Spring,False
2022-05-16,PROP004,0.794,6,23,281.1,Monday,Spring,False
2022-05-16,PROP005,0.764,7,22,281.4,Monday,Spring,False
2022-05-16,PROP006,0.593,12,17,256.63,Monday,Spring,False
2022-05-16,PROP007,0.823,5,24,267.37,Monday,Spring,False
2022-05-16,PROP008,0.586,12,17,294.2,Monday,Spring,False
2022-05-16,PROP009,0.845,4,25,274.1,Monday,Spring,False
2022-05-16,PROP010,0.496,15,14,263.77,Monday,Spring,False
2022-05-17,PROP001,0.659,10,19,265.33,Tuesday,Spring,False
2022-05-17,PROP002,0.756,7,22,273.43,Tuesday,Spring,False
2022-05-17,PROP003,0.826,5,24,256.73,Tuesday,Spring,False
2022-05-17,PROP004,0.851,4,25,281.1,Tuesday,Spring,False
2022-05-17,PROP005,0.478,15,14,281.4,Tuesday,Spring,False
2022-05-17,PROP006,0.822,5,24,256.63,Tuesday,Spring,False
2022-05-17,PROP007,0.642,10,19,267.37,Tuesday,Spring,False
2022-05-17,PROP008,0.57,12,17,294.2,Tuesday,Spring,False
2022-05-17,PROP009,0.713,8,21,274.1,Tuesday,Spring,False
2022-05-17,PROP010,0.617,11,18,263.77,Tuesday,Spring,False
2022-05-18,PROP001,0.698,9,20,265.33,Wednesday,Spring,False
2022-05-18,PROP002,0.855,4,25,273.43,Wednesday,Spring,False
2022-05-18,PROP003,0.638,10,19,256.73,Wednesday,Spring,False
2022-05-18,PROP004,0.75,7,22,281.1,Wednesday,Spring,False
2022-05-18,PROP005,0.751,7,22,281.4,Wednesday,Spring,False
2022-05-18,PROP006,0.809,5,24,256.63,Wednesday,Spring,False
2022-05-18,PROP007,0.838,4,25,267.37,Wednesday,Spring,False
2022-05-18,PROP008,0.752,7,22,294.2,Wednesday,Spring,False
2022-05-18,PROP009,0.835,4,25,274.1,Wednesday,Spring,False
2022-05-18,PROP010,0.714,8,21,263.77,Wednesday,Spring,False
2022-05-19,PROP001,0.782,6,23,265.33,Thursday,Spring,False
2022-05-19,PROP002,0.89,3,26,273.43,Thursday,Spring,False
2022-05-19,PROP003,0.702,8,21,256.73,Thursday,Spring,False
2022-05-19,PROP004,0.925,2,27,281.1,Thursday,Spring,False
2022-05-19,PROP005,0.745,7,22,281.4,Thursday,Spring,False
2022-05-19,PROP006,0.792,6,23,256.63,Thursday,Spring,False
2022-05-19,PROP007,0.23,23,6,267.37,Thursday,Spring,False
2022-05-19,PROP008,0.714,8,21,294.2,Thursday,Spring,False
2022-05-19,PROP009,0.703,8,21,274.1,Thursday,Spring,False
2022-05-19,PROP010,0.893,3,26,263.77,Thursday,Spring,False
2022-05-20,PROP001,0.906,2,27,265.33,Friday,Spring,False
2022-05-20,PROP002,0.95,1,28,273.43,Friday,Spring,False
2022-05-20,PROP003,0.83,5,24,256.73,Friday,Spring,False
2022-05-20,PROP004,0.843,4,25,281.1,Friday,Spring,False
2022-05-20,PROP005,0.95,1,28,281.4,Friday,Spring,False
2022-05-20,PROP006,0.797,6,23,256.63,Friday,Spring,False
2022-05-20,PROP007,0.635,10,19,267.37,Friday,Spring,False
2022-05-20,PROP008,0.695,9,20,294.2,Friday,Spring,False
2022-05-20,PROP009,0.817,5,24,274.1,Friday,Spring,False
2022-05-20,PROP010,0.875,3,26,263.77,Friday,Spring,False
2022-05-21,PROP001,0.909,2,27,265.33,Saturday,Spring,True
2022-05-21,PROP002,0.366,19,10,273.43,Saturday,Spring,True
2022-05-21,PROP003,0.782,6,23,256.73,Saturday,Spring,True
2022-05-21,PROP004,0.908,2,27,281.1,Saturday,Spring,True
2022-05-21,PROP005,0.53,14,15,281.4,Saturday,Spring,True
2022-05-21,PROP006,0.637,10,19,256.63,Saturday,Spring,True
2022-05-21,PROP007,0.883,3,26,267.37,Saturday,Spring,True
2022-05-21,PROP008,0.928,2,27,294.2,Saturday,Spring,True
2022-05-21,PROP009,0.937,1,28,274.1,Saturday,Spring,True
2022-05-21,PROP010,0.95,1,28,263.77,Saturday,Spring,True
2022-05-22,PROP001,0.478,15,14,265.33,Sunday,Spring,True
2022-05-22,PROP002,0.891,3,26,273.43,Sunday,Spring,True
2022-05-22,PROP003,0.653,10,19,256.73,Sunday,Spring,True
2022-05-22,PROP004,0.939,1,28,281.1,Sunday,Spring,True
2022-05-22,PROP005,0.78,6,23,281.4,Sunday,Spring,True
2022-05-22,PROP006,0.415,17,12,256.63,Sunday,Spring,True
2022-05-22,PROP007,0.456,16,13,267.37,Sunday,Spring,True
2022-05-22,PROP008,0.755,7,22,294.2,Sunday,Spring,True
2022-05-22,PROP009,0.945,1,28,274.1,Sunday,Spring,True
2022-05-22,PROP010,0.95,1,28,263.77,Sunday,Spring,True
2022-05-23,PROP001,0.774,6,23,265.33,Monday,Spring,False
2022-05-23,PROP002,0.67,9,20,273.43,Monday,Spring,False
2022-05-23,PROP003,0.636,10,19,256.73,Monday,Spring,False
2022-05-23,PROP004,0.583,12,17,281.1,Monday,Spring,False
2022-05-23,PROP005,0.476,15,14,281.4,Monday,Spring,False
2022-05-23,PROP006,0.82,5,24,256.63,Monday,Spring,False
2022-05-23,PROP007,0.838,4,25,267.37,Monday,Spring,False
2022-05-23,PROP008,0.539,13,16,294.2,Monday,Spring,False
2022-05-23,PROP009,0.888,3,26,274.1,Monday,Spring,False
2022-05-23,PROP010,0.583,12,17,263.77,Monday,Spring,False
2022-05-24,PROP001,0.813,5,24,265.33,Tuesday,Spring,False
2022-05-24,PROP002,0.762,7,22,273.43,Tuesday,Spring,False
2022-05-24,PROP003,0.704,8,21,256.73,Tuesday,Spring,False
2022-05-24,PROP004,0.505,14,15,281.1,Tuesday,Spring,False
2022-05-24,PROP005,0.383,18,11,281.4,Tuesday,Spring,False
2022-05-24,PROP006,0.683,9,20,256.63,Tuesday,Spring,False
2022-05-24,PROP007,0.686,9,20,267.37,Tuesday,Spring,False
2022-05-24,PROP008,0.76,7,22,294.2,Tuesday,Spring,False
2022-05-24,PROP009,0.643,10,19,274.1,Tuesday,Spring,False
2022-05-24,PROP010,0.641,10,19,263.77,Tuesday,Spring,False
2022-05-25,PROP001,0.577,12,17,265.33,Wednesday,Spring,False
2022-05-25,PROP002,0.788,6,23,273.43,Wednesday,Spring,False
2022-05-25,PROP003,0.534,13,16,256.73,Wednesday,Spring,False
2022-05-25,PROP004,0.804,5,24,281.1,Wednesday,Spring,False
2022-05-25,PROP005,0.487,15,14,281.4,Wednesday,Spring,False
2022-05-25,PROP006,0.656,10,19,256.63,Wednesday,Spring,False
2022-05-25,PROP007,0.831,5,24,267.37,Wednesday,Spring,False
2022-05-25,PROP008,0.476,15,14,294.2,Wednesday,Spring,False
2022-05-25,PROP009,0.842,4,25,274.1,Wednesday,Spring,False
2022-05-25,PROP010,0.373,18,11,263.77,Wednesday,Spring,False
2022-05-26,PROP001,0.695,9,20,265.33,Thursday,Spring,False
2022-05-26,PROP002,0.395,18,11,273.43,Thursday,Spring,False
2022-05-26,PROP003,0.497,15,14,256.73,Thursday,Spring,False
2022-05-26,PROP004,0.637,10,19,281.1,Thursday,Spring,False
2022-05-26,PROP005,0.669,9,20,281.4,Thursday,Spring,False
2022-05-26,PROP006,0.652,10,19,256.63,Thursday,Spring,False
2022-05-26,PROP007,0.762,7,22,267.37,Thursday,Spring,False
2022-05-26,PROP008,0.704,8,21,294.2,Thursday,Spring,False
2022-05-26,PROP009,0.629,11,18,274.1,Thursday,Spring,False
2022-05-26,PROP010,0.77,6,23,263.77,Thursday,Spring,False
2022-05-27,PROP001,0.868,3,26,265.33,Friday,Spring,False
2022-05-27,PROP002,0.95,1,28,273.43,Friday,Spring,False
2022-05-27,PROP003,0.856,4,25,256.73,Friday,Spring,False
2022-05-27,PROP004,0.783,6,23,281.1,Friday,Spring,False
2022-05-27,PROP005,0.913,2,27,281.4,Friday,Spring,False
2022-05-27,PROP006,0.508,14,15,256.63,Friday,Spring,False
2022-05-27,PROP007,0.674,9,20,267.37,Friday,Spring,False
2022-05-27,PROP008,0.748,7,22,294.2,Friday,Spring,False
2022-05-27,PROP009,0.51,14,15,274.1,Friday,Spring,False
2022-05-27,PROP010,0.885,3,26,263.77,Friday,Spring,False
2022-05-28,PROP001,0.874,3,26,265.33,Saturday,Spring,True
2022-05-28,PROP002,0.464,16,13,273.43,Saturday,Spring,True
2022-05-28,PROP003,0.874,3,26,256.73,Saturday,Spring,True
2022-05-28,PROP004,0.864,4,25,281.1,Saturday,Spring,True
2022-05-28,PROP005,0.82,5,24,281.4,Saturday,Spring,True
2022-05-28,PROP006,0.813,5,24,256.63,Saturday,Spring,True
2022-05-28,PROP007,0.793,6,23,267.37,Saturday,Spring,True
2022-05-28,PROP008,0.919,2,27,294.2,Saturday,Spring,True
2022-05-28,PROP009,0.845,4,25,274.1,Saturday,Spring,True
2022-05-28,PROP010,0.497,15,14,263.77,Saturday,Spring,True
2022-05-29,PROP001,0.476,15,14,265.33,Sunday,Spring,True
2022-05-29,PROP002,0.738,7,22,273.43,Sunday,Spring,True
2022-05-29,PROP003,0.613,11,18,256.73,Sunday,Spring,True
2022-05-29,PROP004,0.815,5,24,281.1,Sunday,Spring,True
2022-05-29,PROP005,0.797,6,23,281.4,Sunday,Spring,True
2022-05-29,PROP006,0.726,8,21,256.63,Sunday,Spring,True
2022-05-29,PROP007,0.729,8,21,267.37,Sunday,Spring,True
2022-05-29,PROP008,0.772,6,23,294.2,Sunday,Spring,True
2022-05-29,PROP009,0.931,2,27,274.1,Sunday,Spring,True
2022-05-29,PROP010,0.547,13,16,263.77,Sunday,Spring,True
2022-05-30,PROP001,0.705,8,21,265.33,Monday,Spring,False
2022-05-30,PROP002,0.635,10,19,273.43,Monday,Spring,False
2022-05-30,PROP003,0.773,6,23,256.73,Monday,Spring,False
2022-05-30,PROP004,0.747,7,22,281.1,Monday,Spring,False
2022-05-30,PROP005,0.617,11,18,281.4,Monday,Spring,False
2022-05-30,PROP006,0.656,10,19,256.63,Monday,Spring,False
2022-05-30,PROP007,0.669,9,20,267.37,Monday,Spring,False
2022-05-30,PROP008,0.899,3,26,294.2,Monday,Spring,False
2022-05-30,PROP009,0.351,19,10,274.1,Monday,Spring,False
2022-05-30,PROP010,0.798,6,23,263.77,Monday,Spring,False
2022-05-31,PROP001,0.777,6,23,265.33,Tuesday,Spring,False
2022-05-31,PROP002,0.862,4,25,273.43,Tuesday,Spring,False
2022-05-31,PROP003,0.924,2,27,256.73,Tuesday,Spring,False
2022-05-31,PROP004,0.799,6,23,281.1,Tuesday,Spring,False
2022-05-31,PROP005,0.525,14,15,281.4,Tuesday,Spring,False
2022-05-31,PROP006,0.699,9,20,256.63,Tuesday,Spring,False
2022-05-31,PROP007,0.412,17,12,267.37,Tuesday,Spring,False
2022-05-31,PROP008,0.789,6,23,294.2,Tuesday,Spring,False
2022-05-31,PROP009,0.635,10,19,274.1,Tuesday,Spring,False
2022-05-31,PROP010,0.708,8,21,263.77,Tuesday,Spring,False
2022-06-01,PROP001,0.931,2,27,318.4,Wednesday,Summer,False
2022-06-01,PROP002,0.781,6,23,328.12,Wednesday,Summer,False
2022-06-01,PROP003,0.634,10,19,308.08,Wednesday,Summer,False
2022-06-01,PROP004,0.749,7,22,337.32,Wednesday,Summer,False
2022-06-01,PROP005,0.817,5,24,337.68,Wednesday,Summer,False
2022-06-01,PROP006,0.815,5,24,307.96,Wednesday,Summer,False
2022-06-01,PROP007,0.822,5,24,320.84,Wednesday,Summer,False
2022-06-01,PROP008,0.95,1,28,353.04,Wednesday,Summer,False
2022-06-01,PROP009,0.95,1,28,328.92,Wednesday,Summer,False
2022-06-01,PROP010,0.853,4,25,316.52,Wednesday,Summer,False
2022-06-02,PROP001,0.702,8,21,318.4,Thursday,Summer,False
2022-06-02,PROP002,0.794,6,23,328.12,Thursday,Summer,False
2022-06-02,PROP003,0.95,1,28,308.08,Thursday,Summer,False
2022-06-02,PROP004,0.95,1,28,337.32,Thursday,Summer,False
2022-06-02,PROP005,0.912,2,27,337.68,Thursday,Summer,False
2022-06-02,PROP006,0.95,1,28,307.96,Thursday,Summer,False
2022-06-02,PROP007,0.786,6,23,320.84,Thursday,Summer,False
2022-06-02,PROP008,0.624,11,18,353.04,Thursday,Summer,False
2022-06-02,PROP009,0.95,1,28,328.92,Thursday,Summer,False
2022-06-02,PROP010,0.901,2,27,316.52,Thursday,Summer,False
2022-06-03,PROP001,0.95,1,28,318.4,Friday,Summer,False
2022-06-03,PROP002,0.95,1,28,328.12,Friday,Summer,False
2022-06-03,PROP003,0.77,6,23,308.08,Friday,Summer,False
2022-06-03,PROP004,0.95,1,28,337.32,Friday,Summer,False
2022-06-03,PROP005,0.95,1,28,337.68,Friday,Summer,False
2022-06-03,PROP006,0.904,2,27,307.96,Friday,Summer,False
2022-06-03,PROP007,0.95,1,28,320.84,Friday,Summer,False
2022-06-03,PROP008,0.95,1,28,353.04,Friday,Summer,False
2022-06-03,PROP009,0.95,1,28,328.92,Friday,Summer,False
2022-06-03,PROP010,0.95,1,28,316.52,Friday,Summer,False
2022-06-04,PROP001,0.95,1,28,318.4,Saturday,Summer,True
2022-06-04,PROP002,0.95,1,28,328.12,Saturday,Summer,True
2022-06-04,PROP003,0.95,1,28,308.08,Saturday,Summer,True
2022-06-04,PROP004,0.798,6,23,337.32,Saturday,Summer,True
2022-06-04,PROP005,0.95,1,28,337.68,Saturday,Summer,True
2022-06-04,PROP006,0.95,1,28,307.96,Saturday,Summer,True
2022-06-04,PROP007,0.95,1,28,320.84,Saturday,Summer,True
2022-06-04,PROP008,0.928,2,27,353.04,Saturday,Summer,True
2022-06-04,PROP009,0.856,4,25,328.92,Saturday,Summer,True
2022-06-04,PROP010,0.914,2,27,316.52,Saturday,Summer,True
2022-06-05,PROP001,0.95,1,28,318.4,Sunday,Summer,True
2022-06-05,PROP002,0.95,1,28,328.12,Sunday,Summer,True
2022-06-05,PROP003,0.95,1,28,308.08,Sunday,Summer,True
2022-06-05,PROP004,0.95,1,28,337.32,Sunday,Summer,True
2022-06-05,PROP005,0.95,1,28,337.68,Sunday,Summer,True
2022-06-05,PROP006,0.876,3,26,307.96,Sunday,Summer,True
2022-06-05,PROP007,0.89,3,26,320.84,Sunday,Summer,True
2022-06-05,PROP008,0.95,1,28,353.04,Sunday,Summer,True
2022-06-05,PROP009,0.921,2,27,328.92,Sunday,Summer,True
2022-06-05,PROP010,0.95,1,28,316.52,Sunday,Summer,True
2022-06-06,PROP001,0.847,4,25,318.4,Monday,Summer,False
2022-06-06,PROP002,0.859,4,25,328.12,Monday,Summer,False
2022-06-06,PROP003,0.652,10,19,308.08,Monday,Summer,False
2022-06-06,PROP004,0.95,1,28,337.32,Monday,Summer,False
2022-06-06,PROP005,0.95,1,28,337.68,Monday,Summer,False
2022-06-06,PROP006,0.95,1,28,307.96,Monday,Summer,False
2022-06-06,PROP007,0.95,1,28,320.84,Monday,Summer,False
2022-06-06,PROP008,0.95,1,28,353.04,Monday,Summer,False
2022-06-06,PROP009,0.95,1,28,328.92,Monday,Summer,False
2022-06-06,PROP010,0.84,4,25,316.52,Monday,Summer,False
2022-06-07,PROP001,0.95,1,28,318.4,Tuesday,Summer,False
2022-06-07,PROP002,0.95,1,28,328.12,Tuesday,Summer,False
2022-06-07,PROP003,0.9,3,26,308.08,Tuesday,Summer,False
2022-06-07,PROP004,0.789,6,23,337.32,Tuesday,Summer,False
2022-06-07,PROP005,0.95,1,28,337.68,Tuesday,Summer,False
2022-06-07,PROP006,0.74,7,22,307.96,Tuesday,Summer,False
2022-06-07,PROP007,0.439,16,13,320.84,Tuesday,Summer,False
2022-06-07,PROP008,0.95,1,28,353.04,Tuesday,Summer,False
2022-06-07,PROP009,0.882,3,26,328.92,Tuesday,Summer,False
2022-06-07,PROP010,0.95,1,28,316.52,Tuesday,Summer,False
2022-06-08,PROP001,0.652,10,19,318.4,Wednesday,Summer,False
2022-06-08,PROP002,0.95,1,28,328.12,Wednesday,Summer,False
2022-06-08,PROP003,0.667,9,20,308.08,Wednesday,Summer,False
2022-06-08,PROP004,0.95,1,28,337.32,Wednesday,Summer,False
2022-06-08,PROP005,0.668,9,20,337.68,Wednesday,Summer,False
2022-06-08,PROP006,0.95,1,28,307.96,Wednesday,Summer,False
2022-06-08,PROP007,0.625,11,18,320.84,Wednesday,Summer,False
2022-06-08,PROP008,0.876,3,26,353.04,Wednesday,Summer,False
2022-06-08,PROP009,0.95,1,28,328.92,Wednesday,Summer,False
2022-06-08,PROP010,0.95,1,28,316.52,Wednesday,Summer,False
2022-06-09,PROP001,0.832,5,24,318.4,Thursday,Summer,False
2022-06-09,PROP002,0.95,1,28,328.12,Thursday,Summer,False
2022-06-09,PROP003,0.95,1,28,308.08,Thursday,Summer,False
2022-06-09,PROP004,0.886,3,26,337.32,Thursday,Summer,False
2022-06-09,PROP005,0.95,1,28,337.68,Thursday,Summer,False
2022-06-09,PROP006,0.95,1,28,307.96,Thursday,Summer,False
2022-06-09,PROP007,0.666,10,19,320.84,Thursday,Summer,False
2022-06-09,PROP008,0.634,10,19,353.04,Thursday,Summer,False
2022-06-09,PROP009,0.884,3,26,328.92,Thursday,Summer,False
2022-06-09,PROP010,0.823,5,24,316.52,Thursday,Summer,False
2022-06-10,PROP001,0.95,1,28,318.4,Friday,Summer,False
2022-06-10,PROP002,0.95,1,28,328.12,Friday,Summer,False
2022-06-10,PROP003,0.884,3,26,308.08,Friday,Summer,False
2022-06-10,PROP004,0.95,1,28,337.32,Friday,Summer,False
2022-06-10,PROP005,0.95,1,28,337.68,Friday,Summer,False
2022-06-10,PROP006,0.95,1,28,307.96,Friday,Summer,False
2022-06-10,PROP007,0.95,1,28,320.84,Friday,Summer,False
2022-06-10,PROP008,0.95,1,28,353.04,Friday,Summer,False
2022-06-10,PROP009,0.95,1,28,328.92,Friday,Summer,False
2022-06-10,PROP010,0.95,1,28,316.52,Friday,Summer,False
2022-06-11,PROP001,0.95,1,28,318.4,Saturday,Summer,True
2022-06-11,PROP002,0.484,15,14,328.12,Saturday,Summer,True
2022-06-11,PROP003,0.423,17,12,308.08,Saturday,Summer,True
2022-06-11,PROP004,0.95,1,28,337.32,Saturday,Summer,True
2022-06-11,PROP005,0.95,1,28,337.68,Saturday,Summer,True
2022-06-11,PROP006,0.95,1,28,307.96,Saturday,Summer,True
2022-06-11,PROP007,0.95,1,28,320.84,Saturday,Summer,True
2022-06-11,PROP008,0.95,1,28,353.04,Saturday,Summer,True
2022-06-11,PROP009,0.63,11,18,328.92,Saturday,Summer,True
2022-06-11,PROP010,0.661,10,19,316.52,Saturday,Summer,True
2022-06-12,PROP001,0.95,1,28,318.4,Sunday,Summer,True
2022-06-12,PROP002,0.95,1,28,328.12,Sunday,Summer,True
2022-06-12,PROP003,0.863,4,25,308.08,Sunday,Summer,True
2022-06-12,PROP004,0.95,1,28,337.32,Sunday,Summer,True
2022-06-12,PROP005,0.95,1,28,337.68,Sunday,Summer,True
2022-06-12,PROP006,0.95,1,28,307.96,Sunday,Summer,True
2022-06-12,PROP007,0.95,1,28,320.84,Sunday,Summer,True
2022-06-12,PROP008,0.95,1,28,353.04,Sunday,Summer,True
2022-06-12,PROP009,0.95,1,28,328.92,Sunday,Summer,True
2022-06-12,PROP010,0.95,1,28,316.52,Sunday,Summer,True
2022-06-13,PROP001,0.819,5,24,318.4,Monday,Summer,False
2022-06-13,PROP002,0.506,14,15,328.12,Monday,Summer,False
2022-06-13,PROP003,0.95,1,28,308.08,Monday,Summer,False
2022-06-13,PROP004,0.927,2,27,337.32,Monday,Summer,False
2022-06-13,PROP005,0.497,15,14,337.68,Monday,Summer,False
2022-06-13,PROP006,0.95,1,28,307.96,Monday,Summer,False
2022-06-13,PROP007,0.433,17,12,320.84,Monday,Summer,False
2022-06-13,PROP008,0.95,1,28,353.04,Monday,Summer,False
2022-06-13,PROP009,0.602,11,18,328.92,Monday,Summer,False
2022-06-13,PROP010,0.95,1,28,316.52,Monday,Summer,False
2022-06-14,PROP001,0.763,7,22,318.4,Tuesday,Summer,False
2022-06-14,PROP002,0.95,1,28,328.12,Tuesday,Summer,False
2022-06-14,PROP003,0.95,1,28,308.08,Tuesday,Summer,False
2022-06-14,PROP004,0.38,18,11,337.32,Tuesday,Summer,False
2022-06-14,PROP005,0.779,6,23,337.68,Tuesday,Summer,False
2022-06-14,PROP006,0.95,1,28,307.96,Tuesday,Summer,False
2022-06-14,PROP007,0.95,1,28,320.84,Tuesday,Summer,False
2022-06-14,PROP008,0.866,4,25,353.04,Tuesday,Summer,False
2022-06-14,PROP009,0.95,1,28,328.92,Tuesday,Summer,False
2022-06-14,PROP010,0.202,23,6,316.52,Tuesday,Summer,False
2022-06-15,PROP001,0.912,2,27,318.4,Wednesday,Summer,False
2022-06-15,PROP002,0.95,1,28,328.12,Wednesday,Summer,False
2022-06-15,PROP003,0.73,8,21,308.08,Wednesday,Summer,False
2022-06-15,PROP004,0.904,2,27,337.32,Wednesday,Summer,False
2022-06-15,PROP005,0.95,1,28,337.68,Wednesday,Summer,False
2022-06-15,PROP006,0.797,6,23,307.96,Wednesday,Summer,False
2022-06-15,PROP007,0.735,7,22,320.84,Wednesday,Summer,False
2022-06-15,PROP008,0.873,3,26,353.04,Wednesday,Summer,False
2022-06-15,PROP009,0.95,1,28,328.92,Wednesday,Summer,False
2022-06-15,PROP010,0.919,2,27,316.52,Wednesday,Summer,False
2022-06-16,PROP001,0.528,14,15,318.4,Thursday,Summer,False
2022-06-16,PROP002,0.95,1,28,328.12,Thursday,Summer,False
2022-06-16,PROP003,0.536,13,16,308.08,Thursday,Summer,False
2022-06-16,PROP004,0.95,1,28,337.32,Thursday,Summer,False
2022-06-16,PROP005,0.819,5,24,337.68,Thursday,Summer,False
2022-06-16,PROP006,0.95,1,28,307.96,Thursday,Summer,False
2022-06-16,PROP007,0.585,12,17,320.84,Thursday,Summer,False
2022-06-16,PROP008,0.793,6,23,353.04,Thursday,Summer,False
2022-06-16,PROP009,0.95,1,28,328.92,Thursday,Summer,False
2022-06-16,PROP010,0.883,3,26,316.52,Thursday,Summer,False
2022-06-17,PROP001,0.95,1,28,318.4,Friday,Summer,False
2022-06-17,PROP002,0.95,1,28,328.12,Friday,Summer,False
2022-06-17,PROP003,0.897,3,26,308.08,Friday,Summer,False
2022-06-17,PROP004,0.674,9,20,337.32,Friday,Summer,False
2022-06-17,PROP005,0.95,1,28,337.68,Friday,Summer,False
2022-06-17,PROP006,0.95,1,28,307.96,Friday,Summer,False
2022-06-17,PROP007,0.95,1,28,320.84,Friday,Summer,False
2022-06-17,PROP008,0.512,14,15,353.04,Friday,Summer,False
2022-06-17,PROP009,0.95,1,28,328.92,Friday,Summer,False
2022-06-17,PROP010,0.95,1,28,316.52,Friday,Summer,False
2022-06-18,PROP001,0.681,9,20,318.4,Saturday,Summer,True
2022-06-18,PROP002,0.888,3,26,328.12,Saturday,Summer,True
2022-06-18,PROP003,0.95,1,28,308.08,Saturday,Summer,True
2022-06-18,PROP004,0.95,1,28,337.32,Saturday,Summer,True
2022-06-18,PROP005,0.95,1,28,337.68,Saturday,Summer,True
2022-06-18,PROP006,0.625,11,18,307.96,Saturday,Summer,True
2022-06-18,PROP007,0.823,5,24,320.84,Saturday,Summer,True
2022-06-18,PROP008,0.95,1,28,353.04,Saturday,Summer,True
2022-06-18,PROP009,0.95,1,28,328.92,Saturday,Summer,True
2022-06-18,PROP010,0.95,1,28,316.52,Saturday,Summer,True
2022-06-19,PROP001,0.95,1,28,318.4,Sunday,Summer,True
2022-06-19,PROP002,0.95,1,28,328.12,Sunday,Summer,True
2022-06-19,PROP003,0.621,11,18,308.08,Sunday,Summer,True
2022-06-19,PROP004,0.764,7,22,337.32,Sunday,Summer,True
2022-06-19,PROP005,0.95,1,28,337.68,Sunday,Summer,True
2022-06-19,PROP006,0.709,8,21,307.96,Sunday,Summer,True
2022-06-19,PROP007,0.95,1,28,320.84,Sunday,Summer,True
2022-06-19,PROP008,0.94,1,28,353.04,Sunday,Summer,True
2022-06-19,PROP009,0.95,1,28,328.92,Sunday,Summer,True
2022-06-19,PROP010,0.95,1,28,316.52,Sunday,Summer,True
2022-06-20,PROP001,0.834,4,25,318.4,Monday,Summer,False
2022-06-20,PROP002,0.905,2,27,328.12,Monday,Summer,False
2022-06-20,PROP003,0.662,10,19,308.08,Monday,Summer,False
2022-06-20,PROP004,0.95,1,28,337.32,Monday,Summer,False
2022-06-20,PROP005,0.95,1,28,337.68,Monday,Summer,False
2022-06-20,PROP006,0.681,9,20,307.96,Monday,Summer,False
2022-06-20,PROP007,0.808,5,24,320.84,Monday,Summer,False
2022-06-20,PROP008,0.95,1,28,353.04,Monday,Summer,False
2022-06-20,PROP009,0.95,1,28,328.92,Monday,Summer,False
2022-06-20,PROP010,0.645,10,19,316.52,Monday,Summer,False
2022-06-21,PROP001,0.742,7,22,318.4,Tuesday,Summer,False
2022-06-21,PROP002,0.933,2,27,328.12,Tuesday,Summer,False
2022-06-21,PROP003,0.95,1,28,308.08,Tuesday,Summer,False
2022-06-21,PROP004,0.95,1,28,337.32,Tuesday,Summer,False
2022-06-21,PROP005,0.92,2,27,337.68,Tuesday,Summer,False
2022-06-21,PROP006,0.748,7,22,307.96,Tuesday,Summer,False
2022-06-21,PROP007,0.652,10,19,320.84,Tuesday,Summer,False
2022-06-21,PROP008,0.606,11,18,353.04,Tuesday,Summer,False
2022-06-21,PROP009,0.95,1,28,328.92,Tuesday,Summer,False
2022-06-21,PROP010,0.837,4,25,316.52,Tuesday,Summer,False
2022-06-22,PROP001,0.95,1,28,318.4,Wednesday,Summer,False
2022-06-22,PROP002,0.95,1,28,328.12,Wednesday,Summer,False
2022-06-22,PROP003,0.916,2,27,308.08,Wednesday,Summer,False
2022-06-22,PROP004,0.95,1,28,337.32,Wednesday,Summer,False
2022-06-22,PROP005,0.834,4,25,337.68,Wednesday,Summer,False
2022-06-22,PROP006,0.75,7,22,307.96,Wednesday,Summer,False
2022-06-22,PROP007,0.95,1,28,320.84,Wednesday,Summer,False
2022-06-22,PROP008,0.95,1,28,353.04,Wednesday,Summer,False
2022-06-22,PROP009,0.95,1,28,328.92,Wednesday,Summer,False
2022-06-22,PROP010,0.95,1,28,316.52,Wednesday,Summer,False
2022-06-23,PROP001,0.809,5,24,318.4,Thursday,Summer,False
2022-06-23,PROP002,0.853,4,25,328.12,Thursday,Summer,False
2022-06-23,PROP003,0.95,1,28,308.08,Thursday,Summer,False
2022-06-23,PROP004,0.737,7,22,337.32,Thursday,Summer,False
2022-06-23,PROP005,0.724,8,21,337.68,Thursday,Summer,False
2022-06-23,PROP006,0.95,1,28,307.96,Thursday,Summer,False
2022-06-23,PROP007,0.75,7,22,320.84,Thursday,Summer,False
2022-06-23,PROP008,0.912,2,27,353.04,Thursday,Summer,False
2022-06-23,PROP009,0.95,1,28,328.92,Thursday,Summer,False
2022-06-23,PROP010,0.931,2,27,316.52,Thursday,Summer,False
2022-06-24,PROP001,0.907,2,27,318.4,Friday,Summer,False
2022-06-24,PROP002,0.95,1,28,328.12,Friday,Summer,False
2022-06-24,PROP003,0.95,1,28,308.08,Friday,Summer,False
2022-06-24,PROP004,0.779,6,23,337.32,Friday,Summer,False
2022-06-24,PROP005,0.944,1,28,337.68,Friday,Summer,False
2022-06-24,PROP006,0.95,1,28,307.96,Friday,Summer,False
2022-06-24,PROP007,0.95,1,28,320.84,Friday,Summer,False
2022-06-24,PROP008,0.95,1,28,353.04,Friday,Summer,False
2022-06-24,PROP009,0.95,1,28,328.92,Friday,Summer,False
2022-06-24,PROP010,0.95,1,28,316.52,Friday,Summer,False
2022-06-25,PROP001,0.95,1,28,318.4,Saturday,Summer,True
2022-06-25,PROP002,0.95,1,28,328.12,Saturday,Summer,True
2022-06-25,PROP003,0.547,13,16,308.08,Saturday,Summer,True
2022-06-25,PROP004,0.947,1,28,337.32,Saturday,Summer,True
2022-06-25,PROP005,0.95,1,28,337.68,Saturday,Summer,True
2022-06-25,PROP006,0.95,1,28,307.96,Saturday,Summer,True
2022-06-25,PROP007,0.95,1,28,320.84,Saturday,Summer,True
2022-06-25,PROP008,0.95,1,28,353.04,Saturday,Summer,True
2022-06-25,PROP009,0.95,1,28,328.92,Saturday,Summer,True
2022-06-25,PROP010,0.95,1,28,316.52,Saturday,Summer,True
2022-06-26,PROP001,0.95,1,28,318.4,Sunday,Summer,True
2022-06-26,PROP002,0.95,1,28,328.12,Sunday,Summer,True
2022-06-26,PROP003,0.95,1,28,308.08,Sunday,Summer,True
2022-06-26,PROP004,0.847,4,25,337.32,Sunday,Summer,True
2022-06-26,PROP005,0.95,1,28,337.68,Sunday,Summer,True
2022-06-26,PROP006,0.95,1,28,307.96,Sunday,Summer,True
2022-06-26,PROP007,0.95,1,28,320.84,Sunday,Summer,True
2022-06-26,PROP008,0.95,1,28,353.04,Sunday,Summer,True
2022-06-26,PROP009,0.949,1,28,328.92,Sunday,Summer,True
2022-06-26,PROP010,0.735,7,22,316.52,Sunday,Summer,True
2022-06-27,PROP001,0.838,4,25,318.4,Monday,Summer,False
2022-06-27,PROP002,0.856,4,25,328.12,Monday,Summer,False
2022-06-27,PROP003,0.95,1,28,308.08,Monday,Summer,False
2022-06-27,PROP004,0.821,5,24,337.32,Monday,Summer,False
2022-06-27,PROP005,0.662,10,19,337.68,Monday,Summer,False
2022-06-27,PROP006,0.95,1,28,307.96,Monday,Summer,False
2022-06-27,PROP007,0.869,3,26,320.84,Monday,Summer,False
2022-06-27,PROP008,0.95,1,28,353.04,Monday,Summer,False
2022-06-27,PROP009,0.874,3,26,328.92,Monday,Summer,False
2022-06-27,PROP010,0.823,5,24,316.52,Monday,Summer,False
2022-06-28,PROP001,0.922,2,27,318.4,Tuesday,Summer,False
2022-06-28,PROP002,0.95,1,28,328.12,Tuesday,Summer,False
2022-06-28,PROP003,0.818,5,24,308.08,Tuesday,Summer,False
2022-06-28,PROP004,0.928,2,27,337.32,Tuesday,Summer,False
2022-06-28,PROP005,0.775,6,23,337.68,Tuesday,Summer,False
2022-06-28,PROP006,0.898,3,26,307.96,Tuesday,Summer,False
2022-06-28,PROP007,0.95,1,28,320.84,Tuesday,Summer,False
2022-06-28,PROP008,0.912,2,27,353.04,Tuesday,Summer,False
2022-06-28,PROP009,0.727,8,21,328.92,Tuesday,Summer,False
2022-06-28,PROP010,0.93,2,27,316.52,Tuesday,Summer,False
2022-06-29,PROP001,0.576,12,17,318.4,Wednesday,Summer,False
2022-06-29,PROP002,0.85,4,25,328.12,Wednesday,Summer,False
2022-06-29,PROP003,0.415,17,12,308.08,Wednesday,Summer,False
2022-06-29,PROP004,0.95,1,28,337.32,Wednesday,Summer,False
2022-06-29,PROP005,0.95,1,28,337.68,Wednesday,Summer,False
2022-06-29,PROP006,0.939,1,28,307.96,Wednesday,Summer,False
2022-06-29,PROP007,0.846,4,25,320.84,Wednesday,Summer,False
2022-06-29,PROP008,0.95,1,28,353.04,Wednesday,Summer,False
2022-06-29,PROP009,0.95,1,28,328.92,Wednesday,Summer,False
2022-06-29,PROP010,0.95,1,28,316.52,Wednesday,Summer,False
2022-06-30,PROP001,0.738,7,22,318.4,Thursday,Summer,False
2022-06-30,PROP002,0.937,1,28,328.12,Thursday,Summer,False
2022-06-30,PROP003,0.95,1,28,308.08,Thursday,Summer,False
2022-06-30,PROP004,0.95,1,28,337.32,Thursday,Summer,False
2022-06-30,PROP005,0.95,1,28,337.68,Thursday,Summer,False
2022-06-30,PROP006,0.95,1,28,307.96,Thursday,Summer,False
2022-06-30,PROP007,0.867,3,26,320.84,Thursday,Summer,False
2022-06-30,PROP008,0.818,5,24,353.04,Thursday,Summer,False
2022-06-30,PROP009,0.95,1,28,328.92,Thursday,Summer,False
2022-06-30,PROP010,0.659,10,19,316.52,Thursday,Summer,False
2022-07-01,PROP001,0.95,1,28,318.4,Friday,Summer,False
2022-07-01,PROP002,0.95,1,28,328.12,Friday,Summer,False
2022-07-01,PROP003,0.95,1,28,308.08,Friday,Summer,False
2022-07-01,PROP004,0.95,1,28,337.32,Friday,Summer,False
2022-07-01,PROP005,0.95,1,28,337.68,Friday,Summer,False
2022-07-01,PROP006,0.95,1,28,307.96,Friday,Summer,False
2022-07-01,PROP007,0.877,3,26,320.84,Friday,Summer,False
2022-07-01,PROP008,0.486,15,14,353.04,Friday,Summer,False
2022-07-01,PROP009,0.95,1,28,328.92,Friday,Summer,False
2022-07-01,PROP010,0.95,1,28,316.52,Friday,Summer,False
2022-07-02,PROP001,0.95,1,28,318.4,Saturday,Summer,True
2022-07-02,PROP002,0.656,10,19,328.12,Saturday,Summer,True
2022-07-02,PROP003,0.873,3,26,308.08,Saturday,Summer,True
2022-07-02,PROP004,0.95,1,28,337.32,Saturday,Summer,True
2022-07-02,PROP005,0.95,1,28,337.68,Saturday,Summer,True
2022-07-02,PROP006,0.95,1,28,307.96,Saturday,Summer,True
2022-07-02,PROP007,0.95,1,28,320.84,Saturday,Summer,True
2022-07-02,PROP008,0.95,1,28,353.04,Saturday,Summer,True
2022-07-02,PROP009,0.547,13,16,328.92,Saturday,Summer,True
2022-07-02,PROP010,0.95,1,28,316.52,Saturday,Summer,True
2022-07-03,PROP001,0.95,1,28,318.4,Sunday,Summer,True
2022-07-03,PROP002,0.95,1,28,328.12,Sunday,Summer,True
2022-07-03,PROP003,0.95,1,28,308.08,Sunday,Summer,True
2022-07-03,PROP004,0.95,1,28,337.32,Sunday,Summer,True
2022-07-03,PROP005,0.95,1,28,337.68,Sunday,Summer,True
2022-07-03,PROP006,0.95,1,28,307.96,Sunday,Summer,True
2022-07-03,PROP007,0.864,4,25,320.84,Sunday,Summer,True
2022-07-03,PROP008,0.95,1,28,353.04,Sunday,Summer,True
2022-07-03,PROP009,0.949,1,28,328.92,Sunday,Summer,True
2022-07-03,PROP010,0.916,2,27,316.52,Sunday,Summer,True
2022-07-04,PROP001,0.923,2,27,318.4,Monday,Summer,False
2022-07-04,PROP002,0.651,10,19,328.12,Monday,Summer,False
2022-07-04,PROP003,0.677,9,20,308.08,Monday,Summer,False
2022-07-04,PROP004,0.95,1,28,337.32,Monday,Summer,False
2022-07-04,PROP005,0.944,1,28,337.68,Monday,Summer,False
2022-07-04,PROP006,0.95,1,28,307.96,Monday,Summer,False
2022-07-04,PROP007,0.943,1,28,320.84,Monday,Summer,False
2022-07-04,PROP008,0.95,1,28,353.04,Monday,Summer,False
2022-07-04,PROP009,0.874,3,26,328.92,Monday,Summer,False
2022-07-04,PROP010,0.805,5,24,316.52,Monday,Summer,False
2022-07-05,PROP001,0.95,1,28,318.4,Tuesday,Summer,False
2022-07-05,PROP002,0.686,9,20,328.12,Tuesday,Summer,False
2022-07-05,PROP003,0.95,1,28,308.08,Tuesday,Summer,False
2022-07-05,PROP004,0.95,1,28,337.32,Tuesday,Summer,False
2022-07-05,PROP005,0.95,1,28,337.68,Tuesday,Summer,False
2022-07-05,PROP006,0.886,3,26,307.96,Tuesday,Summer,False
2022-07-05,PROP007,0.95,1,28,320.84,Tuesday,Summer,False
2022-07-05,PROP008,0.822,5,24,353.04,Tuesday,Summer,False
2022-07-05,PROP009,0.95,1,28,328.92,Tuesday,Summer,False
2022-07-05,PROP010,0.811,5,24,316.52,Tuesday,Summer,False
2022-07-06,PROP001,0.95,1,28,318.4,Wednesday,Summer,False
2022-07-06,PROP002,0.898,3,26,328.12,Wednesday,Summer,False
2022-07-06,PROP003,0.95,1,28,308.08,Wednesday,Summer,False
2022-07-06,PROP004,0.95,1,28,337.32,Wednesday,Summer,False
2022-07-06,PROP005,0.761,7,22,337.68,Wednesday,Summer,False
2022-07-06,PROP006,0.784,6,23,307.96,Wednesday,Summer,False
2022-07-06,PROP007,0.95,1,28,320.84,Wednesday,Summer,False
2022-07-06,PROP008,0.95,1,28,353.04,Wednesday,Summer,False
2022-07-06,PROP009,0.913,2,27,328.92,Wednesday,Summer,False
2022-07-06,PROP010,0.95,1,28,316.52,Wednesday,Summer,False
2022-07-07,PROP001,0.95,1,28,318.4,Thursday,Summer,False
2022-07-07,PROP002,0.95,1,28,328.12,Thursday,Summer,False
2022-07-07,PROP003,0.95,1,28,308.08,Thursday,Summer,False
2022-07-07,PROP004,0.95,1,28,337.32,Thursday,Summer,False
2022-07-07,PROP005,0.718,8,21,337.68,Thursday,Summer,False
2022-07-07,PROP006,0.65,10,19,307.96,Thursday,Summer,False
2022-07-07,PROP007,0.717,8,21,320.84,Thursday,Summer,False
2022-07-07,PROP008,0.824,5,24,353.04,Thursday,Summer,False
2022-07-07,PROP009,0.95,1,28,328.92,Thursday,Summer,False
2022-07-07,PROP010,0.95,1,28,316.52,Thursday,Summer,False
2022-07-08,PROP001,0.95,1,28,318.4,Friday,Summer,False
2022-07-08,PROP002,0.95,1,28,328.12,Friday,Summer,False
2022-07-08,PROP003,0.95,1,28,308.08,Friday,Summer,False
2022-07-08,PROP004,0.95,1,28,337.32,Friday,Summer,False
2022-07-08,PROP005,0.95,1,28,337.68,Friday,Summer,False
2022-07-08,PROP006,0.95,1,28,307.96,Friday,Summer,False
2022-07-08,PROP007,0.95,1,28,320.84,Friday,Summer,False
2022-07-08,PROP008,0.838,4,25,353.04,Friday,Summer,False
2022-07-08,PROP009,0.95,1,28,328.92,Friday,Summer,False
2022-07-08,PROP010,0.95,1,28,316.52,Friday,Summer,False
2022-07-09,PROP001,0.872,3,26,318.4,Saturday,Summer,True
2022-07-09,PROP002,0.842,4,25,328.12,Saturday,Summer,True
2022-07-09,PROP003,0.95,1,28,308.08,Saturday,Summer,True
2022-07-09,PROP004,0.666,10,19,337.32,Saturday,Summer,True
2022-07-09,PROP005,0.95,1,28,337.68,Saturday,Summer,True
2022-07-09,PROP006,0.95,1,28,307.96,Saturday,Summer,True
2022-07-09,PROP007,0.95,1,28,320.84,Saturday,Summer,True
2022-07-09,PROP008,0.91,2,27,353.04,Saturday,Summer,True
2022-07-09,PROP009,0.95,1,28,328.92,Saturday,Summer,True
2022-07-09,PROP010,0.777,6,23,316.52,Saturday,Summer,True
2022-07-10,PROP001,0.95,1,28,318.4,Sunday,Summer,True
2022-07-10,PROP002,0.815,5,24,328.12,Sunday,Summer,True
2022-07-10,PROP003,0.855,4,25,308.08,Sunday,Summer,True
2022-07-10,PROP004,0.95,1,28,337.32,Sunday,Summer,True
2022-07-10,PROP005,0.95,1,28,337.68,Sunday,Summer,True
2022-07-10,PROP006,0.882,3,26,307.96,Sunday,Summer,True
2022-07-10,PROP007,0.95,1,28,320.84,Sunday,Summer,True
2022-07-10,PROP008,0.95,1,28,353.04,Sunday,Summer,True
2022-07-10,PROP009,0.493,15,14,328.92,Sunday,Summer,True
2022-07-10,PROP010,0.95,1,28,316.52,Sunday,Summer,True
2022-07-11,PROP001,0.466,16,13,318.4,Monday,Summer,False
2022-07-11,PROP002,0.95,1,28,328.12,Monday,Summer,False
2022-07-11,PROP003,0.95,1,28,308.08,Monday,Summer,False
2022-07-11,PROP004,0.95,1,28,337.32,Monday,Summer,False
2022-07-11,PROP005,0.792,6,23,337.68,Monday,Summer,False
2022-07-11,PROP006,0.95,1,28,307.96,Monday,Summer,False
2022-07-11,PROP007,0.95,1,28,320.84,Monday,Summer,False
2022-07-11,PROP008,0.95,1,28,353.04,Monday,Summer,False
2022-07-11,PROP009,0.9,3,26,328.92,Monday,Summer,False
2022-07-11,PROP010,0.95,1,28,316.52,Monday,Summer,False
2022-07-12,PROP001,0.95,1,28,318.4,Tuesday,Summer,False
2022-07-12,PROP002,0.95,1,28,328.12,Tuesday,Summer,False
2022-07-12,PROP003,0.949,1,28,308.08,Tuesday,Summer,False
2022-07-12,PROP004,0.867,3,26,337.32,Tuesday,Summer,False
2022-07-12,PROP005,0.879,3,26,337.68,Tuesday,Summer,False
2022-07-12,PROP006,0.95,1,28,307.96,Tuesday,Summer,False
2022-07-12,PROP007,0.95,1,28,320.84,Tuesday,Summer,False
2022-07-12,PROP008,0.56,13,16,353.04,Tuesday,Summer,False
2022-07-12,PROP009,0.95,1,28,328.92,Tuesday,Summer,False
2022-07-12,PROP010,0.95,1,28,316.52,Tuesday,Summer,False
2022-07-13,PROP001,0.95,1,28,318.4,Wednesday,Summer,False
2022-07-13,PROP002,0.857,4,25,328.12,Wednesday,Summer,False
2022-07-13,PROP003,0.95,1,28,308.08,Wednesday,Summer,False
2022-07-13,PROP004,0.95,1,28,337.32,Wednesday,Summer,False
2022-07-13,PROP005,0.95,1,28,337.68,Wednesday,Summer,False
2022-07-13,PROP006,0.69,9,20,307.96,Wednesday,Summer,False
2022-07-13,PROP007,0.887,3,26,320.84,Wednesday,Summer,False
2022-07-13,PROP008,0.822,5,24,353.04,Wednesday,Summer,False
2022-07-13,PROP009,0.745,7,22,328.92,Wednesday,Summer,False
2022-07-13,PROP010,0.768,6,23,316.52,Wednesday,Summer,False
2022-07-14,PROP001,0.95,1,28,318.4,Thursday,Summer,False
2022-07-14,PROP002,0.818,5,24,328.12,Thursday,Summer,False
2022-07-14,PROP003,0.903,2,27,308.08,Thursday,Summer,False
2022-07-14,PROP004,0.95,1,28,337.32,Thursday,Summer,False
2022-07-14,PROP005,0.78,6,23,337.68,Thursday,Summer,False
2022-07-14,PROP006,0.95,1,28,307.96,Thursday,Summer,False
2022-07-14,PROP007,0.95,1,28,320.84,Thursday,Summer,False
2022-07-14,PROP008,0.899,3,26,353.04,Thursday,Summer,False
2022-07-14,PROP009,0.624,11,18,328.92,Thursday,Summer,False
2022-07-14,PROP010,0.739,7,22,316.52,Thursday,Summer,False
2022-07-15,PROP001,0.95,1,28,318.4,Friday,Summer,False
2022-07-15,PROP002,0.919,2,27,328.12,Friday,Summer,False
2022-07-15,PROP003,0.95,1,28,308.08,Friday,Summer,False
2022-07-15,PROP004,0.95,1,28,337.32,Friday,Summer,False
2022-07-15,PROP005,0.837,4,25,337.68,Friday,Summer,False
2022-07-15,PROP006,0.95,1,28,307.96,Friday,Summer,False
2022-07-15,PROP007,0.562,13,16,320.84,Friday,Summer,False
2022-07-15,PROP008,0.95,1,28,353.04,Friday,Summer,False
2022-07-15,PROP009,0.95,1,28,328.92,Friday,Summer,False
2022-07-15,PROP010,0.881,3,26,316.52,Friday,Summer,False
2022-07-16,PROP001,0.95,1,28,318.4,Saturday,Summer,True
2022-07-16,PROP002,0.95,1,28,328.12,Saturday,Summer,True
2022-07-16,PROP003,0.95,1,28,308.08,Saturday,Summer,True
2022-07-16,PROP004,0.95,1,28,337.32,Saturday,Summer,True
2022-07-16,PROP005,0.95,1,28,337.68,Saturday,Summer,True
2022-07-16,PROP006,0.92,2,27,307.96,Saturday,Summer,True
2022-07-16,PROP007,0.95,1,28,320.84,Saturday,Summer,True
2022-07-16,PROP008,0.95,1,28,353.04,Saturday,Summer,True
2022-07-16,PROP009,0.95,1,28,328.92,Saturday,Summer,True
2022-07-16,PROP010,0.95,1,28,316.52,Saturday,Summer,True
2022-07-17,PROP001,0.95,1,28,318.4,Sunday,Summer,True
2022-07-17,PROP002,0.832,5,24,328.12,Sunday,Summer,True
2022-07-17,PROP003,0.95,1,28,308.08,Sunday,Summer,True
2022-07-17,PROP004,0.933,1,28,337.32,Sunday,Summer,True
2022-07-17,PROP005,0.95,1,28,337.68,Sunday,Summer,True
2022-07-17,PROP006,0.754,7,22,307.96,Sunday,Summer,True
2022-07-17,PROP007,0.663,10,19,320.84,Sunday,Summer,True
2022-07-17,PROP008,0.95,1,28,353.04,Sunday,Summer,True
2022-07-17,PROP009,0.95,1,28,328.92,Sunday,Summer,True
2022-07-17,PROP010,0.95,1,28,316.52,Sunday,Summer,True
2022-07-18,PROP001,0.95,1,28,318.4,Monday,Summer,False
2022-07-18,PROP002,0.95,1,28,328.12,Monday,Summer,False
2022-07-18,PROP003,0.95,1,28,308.08,Monday,Summer,False
2022-07-18,PROP004,0.587,12,17,337.32,Monday,Summer,False
2022-07-18,PROP005,0.8,5,24,337.68,Monday,Summer,False
2022-07-18,PROP006,0.95,1,28,307.96,Monday,Summer,False
2022-07-18,PROP007,0.95,1,28,320.84,Monday,Summer,False
2022-07-18,PROP008,0.95,1,28,353.04,Monday,Summer,False
2022-07-18,PROP009,0.95,1,28,328.92,Monday,Summer,False
2022-07-18,PROP010,0.611,11,18,316.52,Monday,Summer,False
2022-07-19,PROP001,0.851,4,25,318.4,Tuesday,Summer,False
2022-07-19,PROP002,0.79,6,23,328.12,Tuesday,Summer,False
2022-07-19,PROP003,0.95,1,28,308.08,Tuesday,Summer,False
2022-07-19,PROP004,0.95,1,28,337.32,Tuesday,Summer,False
2022-07-19,PROP005,0.897,3,26,337.68,Tuesday,Summer,False
2022-07-19,PROP006,0.95,1,28,307.96,Tuesday,Summer,False
2022-07-19,PROP007,0.826,5,24,320.84,Tuesday,Summer,False
2022-07-19,PROP008,0.95,1,28,353.04,Tuesday,Summer,False
2022-07-19,PROP009,0.895,3,26,328.92,Tuesday,Summer,False
2022-07-19,PROP010,0.95,1,28,316.52,Tuesday,Summer,False
2022-07-20,PROP001,0.938,1,28,318.4,Wednesday,Summer,False
2022-07-20,PROP002,0.95,1,28,328.12,Wednesday,Summer,False
2022-07-20,PROP003,0.95,1,28,308.08,Wednesday,Summer,False
2022-07-20,PROP004,0.95,1,28,337.32,Wednesday,Summer,False
2022-07-20,PROP005,0.507,14,15,337.68,Wednesday,Summer,False
2022-07-20,PROP006,0.95,1,28,307.96,Wednesday,Summer,False
2022-07-20,PROP007,0.95,1,28,320.84,Wednesday,Summer,False
2022-07-20,PROP008,0.807,5,24,353.04,Wednesday,Summer,False
2022-07-20,PROP009,0.794,6,23,328.92,Wednesday,Summer,False
2022-07-20,PROP010,0.95,1,28,316.52,Wednesday,Summer,False
2022-07-21,PROP001,0.95,1,28,318.4,Thursday,Summer,False
2022-07-21,PROP002,0.945,1,28,328.12,Thursday,Summer,False
2022-07-21,PROP003,0.95,1,28,308.08,Thursday,Summer,False
2022-07-21,PROP004,0.927,2,27,337.32,Thursday,Summer,False
2022-07-21,PROP005,0.665,10,19,337.68,Thursday,Summer,False
2022-07-21,PROP006,0.948,1,28,307.96,Thursday,Summer,False
2022-07-21,PROP007,0.62,11,18,320.84,Thursday,Summer,False
2022-07-21,PROP008,0.95,1,28,353.04,Thursday,Summer,False
2022-07-21,PROP009,0.906,2,27,328.92,Thursday,Summer,False
2022-07-21,PROP010,0.875,3,26,316.52,Thursday,Summer,False
2022-07-22,PROP001,0.95,1,28,318.4,Friday,Summer,False
2022-07-22,PROP002,0.95,1,28,328.12,Friday,Summer,False
2022-07-22,PROP003,0.727,8,21,308.08,Friday,Summer,False
2022-07-22,PROP004,0.95,1,28,337.32,Friday,Summer,False
2022-07-22,PROP005,0.95,1,28,337.68,Friday,Summer,False
2022-07-22,PROP006,0.95,1,28,307.96,Friday,Summer,False
2022-07-22,PROP007,0.95,1,28,320.84,Friday,Summer,False
2022-07-22,PROP008,0.95,1,28,353.04,Friday,Summer,False
2022-07-22,PROP009,0.694,9,20,328.92,Friday,Summer,False
2022-07-22,PROP010,0.751,7,22,316.52,Friday,Summer,False
2022-07-23,PROP001,0.95,1,28,318.4,Saturday,Summer,True
2022-07-23,PROP002,0.95,1,28,328.12,Saturday,Summer,True
2022-07-23,PROP003,0.95,1,28,308.08,Saturday,Summer,True
2022-07-23,PROP004,0.95,1,28,337.32,Saturday,Summer,True
2022-07-23,PROP005,0.531,14,15,337.68,Saturday,Summer,True
2022-07-23,PROP006,0.95,1,28,307.96,Saturday,Summer,True
2022-07-23,PROP007,0.95,1,28,320.84,Saturday,Summer,True
2022-07-23,PROP008,0.95,1,28,353.04,Saturday,Summer,True
2022-07-23,PROP009,0.664,10,19,328.92,Saturday,Summer,True
2022-07-23,PROP010,0.95,1,28,316.52,Saturday,Summer,True
2022-07-24,PROP001,0.95,1,28,318.4,Sunday,Summer,True
2022-07-24,PROP002,0.904,2,27,328.12,Sunday,Summer,True
2022-07-24,PROP003,0.665,10,19,308.08,Sunday,Summer,True
2022-07-24,PROP004,0.95,1,28,337.32,Sunday,Summer,True
2022-07-24,PROP005,0.95,1,28,337.68,Sunday,Summer,True
2022-07-24,PROP006,0.95,1,28,307.96,Sunday,Summer,True
2022-07-24,PROP007,0.781,6,23,320.84,Sunday,Summer,True
2022-07-24,PROP008,0.95,1,28,353.04,Sunday,Summer,True
2022-07-24,PROP009,0.919,2,27,328.92,Sunday,Summer,True
2022-07-24,PROP010,0.95,1,28,316.52,Sunday,Summer,True
2022-07-25,PROP001,0.888,3,26,318.4,Monday,Summer,False
2022-07-25,PROP002,0.95,1,28,328.12,Monday,Summer,False
2022-07-25,PROP003,0.95,1,28,308.08,Monday,Summer,False
2022-07-25,PROP004,0.72,8,21,337.32,Monday,Summer,False
2022-07-25,PROP005,0.891,3,26,337.68,Monday,Summer,False
2022-07-25,PROP006,0.914,2,27,307.96,Monday,Summer,False
2022-07-25,PROP007,0.95,1,28,320.84,Monday,Summer,False
2022-07-25,PROP008,0.95,1,28,353.04,Monday,Summer,False
2022-07-25,PROP009,0.95,1,28,328.92,Monday,Summer,False
2022-07-25,PROP010,0.794,6,23,316.52,Monday,Summer,False
2022-07-26,PROP001,0.766,7,22,318.4,Tuesday,Summer,False
2022-07-26,PROP002,0.95,1,28,328.12,Tuesday,Summer,False
2022-07-26,PROP003,0.878,3,26,308.08,Tuesday,Summer,False
2022-07-26,PROP004,0.95,1,28,337.32,Tuesday,Summer,False
2022-07-26,PROP005,0.779,6,23,337.68,Tuesday,Summer,False
2022-07-26,PROP006,0.95,1,28,307.96,Tuesday,Summer,False
2022-07-26,PROP007,0.83,5,24,320.84,Tuesday,Summer,False
2022-07-26,PROP008,0.95,1,28,353.04,Tuesday,Summer,False
2022-07-26,PROP009,0.86,4,25,328.92,Tuesday,Summer,False
2022-07-26,PROP010,0.95,1,28,316.52,Tuesday,Summer,False
2022-07-27,PROP001,0.896,3,26,318.4,Wednesday,Summer,False
2022-07-27,PROP002,0.869,3,26,328.12,Wednesday,Summer,False
2022-07-27,PROP003,0.792,6,23,308.08,Wednesday,Summer,False
2022-07-27,PROP004,0.876,3,26,337.32,Wednesday,Summer,False
2022-07-27,PROP005,0.931,2,27,337.68,Wednesday,Summer,False
2022-07-27,PROP006,0.731,8,21,307.96,Wednesday,Summer,False
2022-07-27,PROP007,0.95,1,28,320.84,Wednesday,Summer,False
2022-07-27,PROP008,0.95,1,28,353.04,Wednesday,Summer,False
2022-07-27,PROP009,0.699,9,20,328.92,Wednesday,Summer,False
2022-07-27,PROP010,0.95,1,28,316.52,Wednesday,Summer,False
2022-07-28,PROP001,0.836,4,25,318.4,Thursday,Summer,False
2022-07-28,PROP002,0.757,7,22,328.12,Thursday,Summer,False
2022-07-28,PROP003,0.912,2,27,308.08,Thursday,Summer,False
2022-07-28,PROP004,0.95,1,28,337.32,Thursday,Summer,False
2022-07-28,PROP005,0.95,1,28,337.68,Thursday,Summer,False
2022-07-28,PROP006,0.801,5,24,307.96,Thursday,Summer,False
2022-07-28,PROP007,0.95,1,28,320.84,Thursday,Summer,False
2022-07-28,PROP008,0.838,4,25,353.04,Thursday,Summer,False
2022-07-28,PROP009,0.95,1,28,328.92,Thursday,Summer,False
2022-07-28,PROP010,0.831,5,24,316.52,Thursday,Summer,False
2022-07-29,PROP001,0.95,1,28,318.4,Friday,Summer,False
2022-07-29,PROP002,0.914,2,27,328.12,Friday,Summer,False
2022-07-29,PROP003,0.95,1,28,308.08,Friday,Summer,False
2022-07-29,PROP004,0.95,1,28,337.32,Friday,Summer,False
2022-07-29,PROP005,0.95,1,28,337.68,Friday,Summer,False
2022-07-29,PROP006,0.95,1,28,307.96,Friday,Summer,False
2022-07-29,PROP007,0.95,1,28,320.84,Friday,Summer,False
2022-07-29,PROP008,0.95,1,28,353.04,Friday,Summer,False
2022-07-29,PROP009,0.614,11,18,328.92,Friday,Summer,False
2022-07-29,PROP010,0.95,1,28,316.52,Friday,Summer,False
2022-07-30,PROP001,0.917,2,27,318.4,Saturday,Summer,True
2022-07-30,PROP002,0.95,1,28,328.12,Saturday,Summer,True
2022-07-30,PROP003,0.732,8,21,308.08,Saturday,Summer,True
2022-07-30,PROP004,0.653,10,19,337.32,Saturday,Summer,True
2022-07-30,PROP005,0.95,1,28,337.68,Saturday,Summer,True
2022-07-30,PROP006,0.798,6,23,307.96,Saturday,Summer,True
2022-07-30,PROP007,0.95,1,28,320.84,Saturday,Summer,True
2022-07-30,PROP008,0.95,1,28,353.04,Saturday,Summer,True
2022-07-30,PROP009,0.95,1,28,328.92,Saturday,Summer,True
2022-07-30,PROP010,0.909,2,27,316.52,Saturday,Summer,True
2022-07-31,PROP001,0.653,10,19,318.4,Sunday,Summer,True
2022-07-31,PROP002,0.901,2,27,328.12,Sunday,Summer,True
2022-07-31,PROP003,0.95,1,28,308.08,Sunday,Summer,True
2022-07-31,PROP004,0.95,1,28,337.32,Sunday,Summer,True
2022-07-31,PROP005,0.95,1,28,337.68,Sunday,Summer,True
2022-07-31,PROP006,0.95,1,28,307.96,Sunday,Summer,True
2022-07-31,PROP007,0.95,1,28,320.84,Sunday,Summer,True
2022-07-31,PROP008,0.95,1,28,353.04,Sunday,Summer,True
2022-07-31,PROP009,0.656,10,19,328.92,Sunday,Summer,True
2022-07-31,PROP010,0.746,7,22,316.52,Sunday,Summer,True
2022-08-01,PROP001,0.717,8,21,318.4,Monday,Summer,False
2022-08-01,PROP002,0.911,2,27,328.12,Monday,Summer,False
2022-08-01,PROP003,0.931,2,27,308.08,Monday,Summer,False
2022-08-01,PROP004,0.95,1,28,337.32,Monday,Summer,False
2022-08-01,PROP005,0.95,1,28,337.68,Monday,Summer,False
2022-08-01,PROP006,0.95,1,28,307.96,Monday,Summer,False
2022-08-01,PROP007,0.95,1,28,320.84,Monday,Summer,False
2022-08-01,PROP008,0.915,2,27,353.04,Monday,Summer,False
2022-08-01,PROP009,0.765,7,22,328.92,Monday,Summer,False
2022-08-01,PROP010,0.95,1,28,316.52,Monday,Summer,False
2022-08-02,PROP001,0.923,2,27,318.4,Tuesday,Summer,False
2022-08-02,PROP002,0.733,8,21,328.12,Tuesday,Summer,False
2022-08-02,PROP003,0.89,3,26,308.08,Tuesday,Summer,False
2022-08-02,PROP004,0.625,11,18,337.32,Tuesday,Summer,False
2022-08-02,PROP005,0.95,1,28,337.68,Tuesday,Summer,False
2022-08-02,PROP006,0.816,5,24,307.96,Tuesday,Summer,False
2022-08-02,PROP007,0.802,5,24,320.84,Tuesday,Summer,False
2022-08-02,PROP008,0.95,1,28,353.04,Tuesday,Summer,False
2022-08-02,PROP009,0.928,2,27,328.92,Tuesday,Summer,False
2022-08-02,PROP010,0.95,1,28,316.52,Tuesday,Summer,False
2022-08-03,PROP001,0.838,4,25,318.4,Wednesday,Summer,False
2022-08-03,PROP002,0.95,1,28,328.12,Wednesday,Summer,False
2022-08-03,PROP003,0.95,1,28,308.08,Wednesday,Summer,False
2022-08-03,PROP004,0.95,1,28,337.32,Wednesday,Summer,False
2022-08-03,PROP005,0.772,6,23,337.68,Wednesday,Summer,False
2022-08-03,PROP006,0.95,1,28,307.96,Wednesday,Summer,False
2022-08-03,PROP007,0.95,1,28,320.84,Wednesday,Summer,False
2022-08-03,PROP008,0.95,1,28,353.04,Wednesday,Summer,False
2022-08-03,PROP009,0.95,1,28,328.92,Wednesday,Summer,False
2022-08-03,PROP010,0.95,1,28,316.52,Wednesday,Summer,False
2022-08-04,PROP001,0.731,8,21,318.4,Thursday,Summer,False
2022-08-04,PROP002,0.887,3,26,328.12,Thursday,Summer,False
2022-08-04,PROP003,0.779,6,23,308.08,Thursday,Summer,False
2022-08-04,PROP004,0.95,1,28,337.32,Thursday,Summer,False
2022-08-04,PROP005,0.95,1,28,337.68,Thursday,Summer,False
2022-08-04,PROP006,0.949,1,28,307.96,Thursday,Summer,False
2022-08-04,PROP007,0.858,4,25,320.84,Thursday,Summer,False
2022-08-04,PROP008,0.95,1,28,353.04,Thursday,Summer,False
2022-08-04,PROP009,0.619,11,18,328.92,Thursday,Summer,False
2022-08-04,PROP010,0.95,1,28,316.52,Thursday,Summer,False
2022-08-05,PROP001,0.95,1,28,318.4,Friday,Summer,False
2022-08-05,PROP002,0.95,1,28,328.12,Friday,Summer,False
2022-08-05,PROP003,0.848,4,25,308.08,Friday,Summer,False
2022-08-05,PROP004,0.95,1,28,337.32,Friday,Summer,False
2022-08-05,PROP005,0.95,1,28,337.68,Friday,Summer,False
2022-08-05,PROP006,0.95,1,28,307.96,Friday,Summer,False
2022-08-05,PROP007,0.95,1,28,320.84,Friday,Summer,False
2022-08-05,PROP008,0.938,1,28,353.04,Friday,Summer,False
2022-08-05,PROP009,0.95,1,28,328.92,Friday,Summer,False
2022-08-05,PROP010,0.541,13,16,316.52,Friday,Summer,False
2022-08-06,PROP001,0.95,1,28,318.4,Saturday,Summer,True
2022-08-06,PROP002,0.876,3,26,328.12,Saturday,Summer,True
2022-08-06,PROP003,0.95,1,28,308.08,Saturday,Summer,True
2022-08-06,PROP004,0.95,1,28,337.32,Saturday,Summer,True
2022-08-06,PROP005,0.95,1,28,337.68,Saturday,Summer,True
2022-08-06,PROP006,0.95,1,28,307.96,Saturday,Summer,True
2022-08-06,PROP007,0.546,13,16,320.84,Saturday,Summer,True
2022-08-06,PROP008,0.873,3,26,353.04,Saturday,Summer,True
2022-08-06,PROP009,0.95,1,28,328.92,Saturday,Summer,True
2022-08-06,PROP010,0.803,5,24,316.52,Saturday,Summer,True
2022-08-07,PROP001,0.931,2,27,318.4,Sunday,Summer,True
2022-08-07,PROP002,0.734,7,22,328.12,Sunday,Summer,True
2022-08-07,PROP003,0.95,1,28,308.08,Sunday,Summer,True
2022-08-07,PROP004,0.95,1,28,337.32,Sunday,Summer,True
2022-08-07,PROP005,0.95,1,28,337.68,Sunday,Summer,True
2022-08-07,PROP006,0.866,4,25,307.96,Sunday,Summer,True
2022-08-07,PROP007,0.95,1,28,320.84,Sunday,Summer,True
2022-08-07,PROP008,0.95,1,28,353.04,Sunday,Summer,True
2022-08-07,PROP009,0.885,3,26,328.92,Sunday,Summer,True
2022-08-07,PROP010,0.939,1,28,316.52,Sunday,Summer,True
2022-08-08,PROP001,0.702,8,21,318.4,Monday,Summer,False
2022-08-08,PROP002,0.822,5,24,328.12,Monday,Summer,False
2022-08-08,PROP003,0.834,4,25,308.08,Monday,Summer,False
2022-08-08,PROP004,0.95,1,28,337.32,Monday,Summer,False
2022-08-08,PROP005,0.95,1,28,337.68,Monday,Summer,False
2022-08-08,PROP006,0.731,8,21,307.96,Monday,Summer,False
2022-08-08,PROP007,0.907,2,27,320.84,Monday,Summer,False
2022-08-08,PROP008,0.905,2,27,353.04,Monday,Summer,False
2022-08-08,PROP009,0.77,6,23,328.92,Monday,Summer,False
2022-08-08,PROP010,0.772,6,23,316.52,Monday,Summer,False
2022-08-09,PROP001,0.768,6,23,318.4,Tuesday,Summer,False
2022-08-09,PROP002,0.842,4,25,328.12,Tuesday,Summer,False
2022-08-09,PROP003,0.95,1,28,308.08,Tuesday,Summer,False
2022-08-09,PROP004,0.74,7,22,337.32,Tuesday,Summer,False
2022-08-09,PROP005,0.681,9,20,337.68,Tuesday,Summer,False
2022-08-09,PROP006,0.866,4,25,307.96,Tuesday,Summer,False
2022-08-09,PROP007,0.95,1,28,320.84,Tuesday,Summer,False
2022-08-09,PROP008,0.95,1,28,353.04,Tuesday,Summer,False
2022-08-09,PROP009,0.658,10,19,328.92,Tuesday,Summer,False
2022-08-09,PROP010,0.95,1,28,316.52,Tuesday,Summer,False
2022-08-10,PROP001,0.949,1,28,318.4,Wednesday,Summer,False
2022-08-10,PROP002,0.851,4,25,328.12,Wednesday,Summer,False
2022-08-10,PROP003,0.684,9,20,308.08,Wednesday,Summer,False
2022-08-10,PROP004,0.95,1,28,337.32,Wednesday,Summer,False
2022-08-10,PROP005,0.792,6,23,337.68,Wednesday,Summer,False
2022-08-10,PROP006,0.95,1,28,307.96,Wednesday,Summer,False
2022-08-10,PROP007,0.926,2,27,320.84,Wednesday,Summer,False
2022-08-10,PROP008,0.95,1,28,353.04,Wednesday,Summer,False
2022-08-10,PROP009,0.92,2,27,328.92,Wednesday,Summer,False
2022-08-10,PROP010,0.744,7,22,316.52,Wednesday,Summer,False
2022-08-11,PROP001,0.552,13,16,318.4,Thursday,Summer,False
2022-08-11,PROP002,0.92,2,27,328.12,Thursday,Summer,False
2022-08-11,PROP003,0.95,1,28,308.08,Thursday,Summer,False
2022-08-11,PROP004,0.95,1,28,337.32,Thursday,Summer,False
2022-08-11,PROP005,0.366,19,10,337.68,Thursday,Summer,False
2022-08-11,PROP006,0.95,1,28,307.96,Thursday,Summer,False
2022-08-11,PROP007,0.95,1,28,320.84,Thursday,Summer,False
2022-08-11,PROP008,0.95,1,28,353.04,Thursday,Summer,False
2022-08-11,PROP009,0.473,15,14,328.92,Thursday,Summer,False
2022-08-11,PROP010,0.927,2,27,316.52,Thursday,Summer,False
2022-08-12,PROP001,0.95,1,28,318.4,Friday,Summer,False
2022-08-12,PROP002,0.95,1,28,328.12,Friday,Summer,False
2022-08-12,PROP003,0.95,1,28,308.08,Friday,Summer,False
2022-08-12,PROP004,0.747,7,22,337.32,Friday,Summer,False
2022-08-12,PROP005,0.95,1,28,337.68,Friday,Summer,False
2022-08-12,PROP006,0.95,1,28,307.96,Friday,Summer,False
2022-08-12,PROP007,0.677,9,20,320.84,Friday,Summer,False
2022-08-12,PROP008,0.95,1,28,353.04,Friday,Summer,False
2022-08-12,PROP009,0.95,1,28,328.92,Friday,Summer,False
2022-08-12,PROP010,0.933,2,27,316.52,Friday,Summer,False
2022-08-13,PROP001,0.95,1,28,318.4,Saturday,Summer,True
2022-08-13,PROP002,0.881,3,26,328.12,Saturday,Summer,True
2022-08-13,PROP003,0.862,4,25,308.08,Saturday,Summer,True
2022-08-13,PROP004,0.95,1,28,337.32,Saturday,Summer,True
2022-08-13,PROP005,0.742,7,22,337.68,Saturday,Summer,True
2022-08-13,PROP006,0.95,1,28,307.96,Saturday,Summer,True
2022-08-13,PROP007,0.95,1,28,320.84,Saturday,Summer,True
2022-08-13,PROP008,0.731,8,21,353.04,Saturday,Summer,True
2022-08-13,PROP009,0.95,1,28,328.92,Saturday,Summer,True
2022-08-13,PROP010,0.95,1,28,316.52,Saturday,Summer,True
2022-08-14,PROP001,0.95,1,28,318.4,Sunday,Summer,True
2022-08-14,PROP002,0.95,1,28,328.12,Sunday,Summer,True
2022-08-14,PROP003,0.95,1,28,308.08,Sunday,Summer,True
2022-08-14,PROP004,0.95,1,28,337.32,Sunday,Summer,True
2022-08-14,PROP005,0.95,1,28,337.68,Sunday,Summer,True
2022-08-14,PROP006,0.895,3,26,307.96,Sunday,Summer,True
2022-08-14,PROP007,0.763,7,22,320.84,Sunday,Summer,True
2022-08-14,PROP008,0.95,1,28,353.04,Sunday,Summer,True
2022-08-14,PROP009,0.909,2,27,328.92,Sunday,Summer,True
2022-08-14,PROP010,0.95,1,28,316.52,Sunday,Summer,True
2022-08-15,PROP001,0.95,1,28,318.4,Monday,Summer,True
2022-08-15,PROP002,0.803,5,24,328.12,Monday,Summer,True
2022-08-15,PROP003,0.95,1,28,308.08,Monday,Summer,True
2022-08-15,PROP004,0.95,1,28,337.32,Monday,Summer,True
2022-08-15,PROP005,0.839,4,25,337.68,Monday,Summer,True
2022-08-15,PROP006,0.72,8,21,307.96,Monday,Summer,True
2022-08-15,PROP007,0.95,1,28,320.84,Monday,Summer,True
2022-08-15,PROP008,0.787,6,23,353.04,Monday,Summer,True
2022-08-15,PROP009,0.636,10,19,328.92,Monday,Summer,True
2022-08-15,PROP010,0.95,1,28,316.52,Monday,Summer,True
2022-08-16,PROP001,0.887,3,26,318.4,Tuesday,Summer,False
2022-08-16,PROP002,0.95,1,28,328.12,Tuesday,Summer,False
2022-08-16,PROP003,0.95,1,28,308.08,Tuesday,Summer,False
2022-08-16,PROP004,0.95,1,28,337.32,Tuesday,Summer,False
2022-08-16,PROP005,0.829,5,24,337.68,Tuesday,Summer,False
2022-08-16,PROP006,0.715,8,21,307.96,Tuesday,Summer,False
2022-08-16,PROP007,0.95,1,28,320.84,Tuesday,Summer,False
2022-08-16,PROP008,0.556,13,16,353.04,Tuesday,Summer,False
2022-08-16,PROP009,0.938,1,28,328.92,Tuesday,Summer,False
2022-08-16,PROP010,0.95,1,28,316.52,Tuesday,Summer,False
2022-08-17,PROP001,0.95,1,28,318.4,Wednesday,Summer,False
2022-08-17,PROP002,0.662,10,19,328.12,Wednesday,Summer,False
2022-08-17,PROP003,0.95,1,28,308.08,Wednesday,Summer,False
2022-08-17,PROP004,0.95,1,28,337.32,Wednesday,Summer,False
2022-08-17,PROP005,0.929,2,27,337.68,Wednesday,Summer,False
2022-08-17,PROP006,0.857,4,25,307.96,Wednesday,Summer,False
2022-08-17,PROP007,0.95,1,28,320.84,Wednesday,Summer,False
2022-08-17,PROP008,0.845,4,25,353.04,Wednesday,Summer,False
2022-08-17,PROP009,0.717,8,21,328.92,Wednesday,Summer,False
2022-08-17,PROP010,0.883,3,26,316.52,Wednesday,Summer,False
2022-08-18,PROP001,0.947,1,28,318.4,Thursday,Summer,False
2022-08-18,PROP002,0.918,2,27,328.12,Thursday,Summer,False
2022-08-18,PROP003,0.95,1,28,308.08,Thursday,Summer,False
2022-08-18,PROP004,0.95,1,28,337.32,Thursday,Summer,False
2022-08-18,PROP005,0.95,1,28,337.68,Thursday,Summer,False
2022-08-18,PROP006,0.95,1,28,307.96,Thursday,Summer,False
2022-08-18,PROP007,0.519,14,15,320.84,Thursday,Summer,False
2022-08-18,PROP008,0.95,1,28,353.04,Thursday,Summer,False
2022-08-18,PROP009,0.649,10,19,328.92,Thursday,Summer,False
2022-08-18,PROP010,0.95,1,28,316.52,Thursday,Summer,False
2022-08-19,PROP001,0.95,1,28,318.4,Friday,Summer,False
2022-08-19,PROP002,0.95,1,28,328.12,Friday,Summer,False
2022-08-19,PROP003,0.95,1,28,308.08,Friday,Summer,False
2022-08-19,PROP004,0.95,1,28,337.32,Friday,Summer,False
2022-08-19,PROP005,0.95,1,28,337.68,Friday,Summer,False
2022-08-19,PROP006,0.95,1,28,307.96,Friday,Summer,False
2022-08-19,PROP007,0.95,1,28,320.84,Friday,Summer,False
2022-08-19,PROP008,0.706,8,21,353.04,Friday,Summer,False
2022-08-19,PROP009,0.95,1,28,328.92,Friday,Summer,False
2022-08-19,PROP010,0.95,1,28,316.52,Friday,Summer,False
2022-08-20,PROP001,0.569,12,17,318.4,Saturday,Summer,True
2022-08-20,PROP002,0.95,1,28,328.12,Saturday,Summer,True
2022-08-20,PROP003,0.95,1,28,308.08,Saturday,Summer,True
2022-08-20,PROP004,0.571,12,17,337.32,Saturday,Summer,True
2022-08-20,PROP005,0.95,1,28,337.68,Saturday,Summer,True
2022-08-20,PROP006,0.95,1,28,307.96,Saturday,Summer,True
2022-08-20,PROP007,0.664,10,19,320.84,Saturday,Summer,True
2022-08-20,PROP008,0.913,2,27,353.04,Saturday,Summer,True
2022-08-20,PROP009,0.95,1,28,328.92,Saturday,Summer,True
2022-08-20,PROP010,0.95,1,28,316.52,Saturday,Summer,True
2022-08-21,PROP001,0.868,3,26,318.4,Sunday,Summer,True
2022-08-21,PROP002,0.95,1,28,328.12,Sunday,Summer,True
2022-08-21,PROP003,0.95,1,28,308.08,Sunday,Summer,True
2022-08-21,PROP004,0.95,1,28,337.32,Sunday,Summer,True
2022-08-21,PROP005,0.95,1,28,337.68,Sunday,Summer,True
2022-08-21,PROP006,0.95,1,28,307.96,Sunday,Summer,True
2022-08-21,PROP007,0.95,1,28,320.84,Sunday,Summer,True
2022-08-21,PROP008,0.95,1,28,353.04,Sunday,Summer,True
2022-08-21,PROP009,0.95,1,28,328.92,Sunday,Summer,True
2022-08-21,PROP010,0.95,1,28,316.52,Sunday,Summer,True
2022-08-22,PROP001,0.809,5,24,318.4,Monday,Summer,False
2022-08-22,PROP002,0.95,1,28,328.12,Monday,Summer,False
2022-08-22,PROP003,0.95,1,28,308.08,Monday,Summer,False
2022-08-22,PROP004,0.95,1,28,337.32,Monday,Summer,False
2022-08-22,PROP005,0.95,1,28,337.68,Monday,Summer,False
2022-08-22,PROP006,0.95,1,28,307.96,Monday,Summer,False
2022-08-22,PROP007,0.759,7,22,320.84,Monday,Summer,False
2022-08-22,PROP008,0.911,2,27,353.04,Monday,Summer,False
2022-08-22,PROP009,0.776,6,23,328.92,Monday,Summer,False
2022-08-22,PROP010,0.636,10,19,316.52,Monday,Summer,False
2022-08-23,PROP001,0.95,1,28,318.4,Tuesday,Summer,False
2022-08-23,PROP002,0.95,1,28,328.12,Tuesday,Summer,False
2022-08-23,PROP003,0.73,8,21,308.08,Tuesday,Summer,False
2022-08-23,PROP004,0.77,6,23,337.32,Tuesday,Summer,False
2022-08-23,PROP005,0.95,1,28,337.68,Tuesday,Summer,False
2022-08-23,PROP006,0.95,1,28,307.96,Tuesday,Summer,False
2022-08-23,PROP007,0.95,1,28,320.84,Tuesday,Summer,False
2022-08-23,PROP008,0.95,1,28,353.04,Tuesday,Summer,False
2022-08-23,PROP009,0.95,1,28,328.92,Tuesday,Summer,False
2022-08-23,PROP010,0.711,8,21,316.52,Tuesday,Summer,False
2022-08-24,PROP001,0.95,1,28,318.4,Wednesday,Summer,False
2022-08-24,PROP002,0.95,1,28,328.12,Wednesday,Summer,False
2022-08-24,PROP003,0.89,3,26,308.08,Wednesday,Summer,False
2022-08-24,PROP004,0.847,4,25,337.32,Wednesday,Summer,False
2022-08-24,PROP005,0.469,15,14,337.68,Wednesday,Summer,False
2022-08-24,PROP006,0.95,1,28,307.96,Wednesday,Summer,False
2022-08-24,PROP007,0.805,5,24,320.84,Wednesday,Summer,False
2022-08-24,PROP008,0.95,1,28,353.04,Wednesday,Summer,False
2022-08-24,PROP009,0.947,1,28,328.92,Wednesday,Summer,False
2022-08-24,PROP010,0.639,10,19,316.52,Wednesday,Summer,False
2022-08-25,PROP001,0.95,1,28,318.4,Thursday,Summer,False
2022-08-25,PROP002,0.501,14,15,328.12,Thursday,Summer,False
2022-08-25,PROP003,0.95,1,28,308.08,Thursday,Summer,False
2022-08-25,PROP004,0.721,8,21,337.32,Thursday,Summer,False
2022-08-25,PROP005,0.89,3,26,337.68,Thursday,Summer,False
2022-08-25,PROP006,0.95,1,28,307.96,Thursday,Summer,False
2022-08-25,PROP007,0.95,1,28,320.84,Thursday,Summer,False
2022-08-25,PROP008,0.95,1,28,353.04,Thursday,Summer,False
2022-08-25,PROP009,0.714,8,21,328.92,Thursday,Summer,False
2022-08-25,PROP010,0.95,1,28,316.52,Thursday,Summer,False
2022-08-26,PROP001,0.95,1,28,318.4,Friday,Summer,False
2022-08-26,PROP002,0.95,1,28,328.12,Friday,Summer,False
2022-08-26,PROP003,0.95,1,28,308.08,Friday,Summer,False
2022-08-26,PROP004,0.919,2,27,337.32,Friday,Summer,False
2022-08-26,PROP005,0.704,8,21,337.68,Friday,Summer,False
2022-08-26,PROP006,0.95,1,28,307.96,Friday,Summer,False
2022-08-26,PROP007,0.95,1,28,320.84,Friday,Summer,False
2022-08-26,PROP008,0.95,1,28,353.04,Friday,Summer,False
2022-08-26,PROP009,0.95,1,28,328.92,Friday,Summer,False
2022-08-26,PROP010,0.829,5,24,316.52,Friday,Summer,False
2022-08-27,PROP001,0.95,1,28,318.4,Saturday,Summer,True
2022-08-27,PROP002,0.95,1,28,328.12,Saturday,Summer,True
2022-08-27,PROP003,0.95,1,28,308.08,Saturday,Summer,True
2022-08-27,PROP004,0.686,9,20,337.32,Saturday,Summer,True
2022-08-27,PROP005,0.95,1,28,337.68,Saturday,Summer,True
2022-08-27,PROP006,0.95,1,28,307.96,Saturday,Summer,True
2022-08-27,PROP007,0.95,1,28,320.84,Saturday,Summer,True
2022-08-27,PROP008,0.95,1,28,353.04,Saturday,Summer,True
2022-08-27,PROP009,0.848,4,25,328.92,Saturday,Summer,True
2022-08-27,PROP010,0.608,11,18,316.52,Saturday,Summer,True
2022-08-28,PROP001,0.95,1,28,318.4,Sunday,Summer,True
2022-08-28,PROP002,0.95,1,28,328.12,Sunday,Summer,True
2022-08-28,PROP003,0.95,1,28,308.08,Sunday,Summer,True
2022-08-28,PROP004,0.739,7,22,337.32,Sunday,Summer,True
2022-08-28,PROP005,0.805,5,24,337.68,Sunday,Summer,True
2022-08-28,PROP006,0.95,1,28,307.96,Sunday,Summer,True
2022-08-28,PROP007,0.95,1,28,320.84,Sunday,Summer,True
2022-08-28,PROP008,0.95,1,28,353.04,Sunday,Summer,True
2022-08-28,PROP009,0.95,1,28,328.92,Sunday,Summer,True
2022-08-28,PROP010,0.922,2,27,316.52,Sunday,Summer,True
2022-08-29,PROP001,0.95,1,28,318.4,Monday,Summer,False
2022-08-29,PROP002,0.841,4,25,328.12,Monday,Summer,False
2022-08-29,PROP003,0.906,2,27,308.08,Monday,Summer,False
2022-08-29,PROP004,0.902,2,27,337.32,Monday,Summer,False
2022-08-29,PROP005,0.95,1,28,337.68,Monday,Summer,False
2022-08-29,PROP006,0.726,8,21,307.96,Monday,Summer,False
2022-08-29,PROP007,0.762,7,22,320.84,Monday,Summer,False
2022-08-29,PROP008,0.849,4,25,353.04,Monday,Summer,False
2022-08-29,PROP009,0.95,1,28,328.92,Monday,Summer,False
2022-08-29,PROP010,0.95,1,28,316.52,Monday,Summer,False
2022-08-30,PROP001,0.744,7,22,318.4,Tuesday,Summer,False
2022-08-30,PROP002,0.95,1,28,328.12,Tuesday,Summer,False
2022-08-30,PROP003,0.907,2,27,308.08,Tuesday,Summer,False
2022-08-30,PROP004,0.724,8,21,337.32,Tuesday,Summer,False
2022-08-30,PROP005,0.95,1,28,337.68,Tuesday,Summer,False
2022-08-30,PROP006,0.567,12,17,307.96,Tuesday,Summer,False
2022-08-30,PROP007,0.94,1,28,320.84,Tuesday,Summer,False
2022-08-30,PROP008,0.95,1,28,353.04,Tuesday,Summer,False
2022-08-30,PROP009,0.932,2,27,328.92,Tuesday,Summer,False
2022-08-30,PROP010,0.88,3,26,316.52,Tuesday,Summer,False
2022-08-31,PROP001,0.608,11,18,318.4,Wednesday,Summer,False
2022-08-31,PROP002,0.893,3,26,328.12,Wednesday,Summer,False
2022-08-31,PROP003,0.915,2,27,308.08,Wednesday,Summer,False
2022-08-31,PROP004,0.66,10,19,337.32,Wednesday,Summer,False
2022-08-31,PROP005,0.95,1,28,337.68,Wednesday,Summer,False
2022-08-31,PROP006,0.425,17,12,307.96,Wednesday,Summer,False
2022-08-31,PROP007,0.647,10,19,320.84,Wednesday,Summer,False
2022-08-31,PROP008,0.77,6,23,353.04,Wednesday,Summer,False
2022-08-31,PROP009,0.95,1,28,328.92,Wednesday,Summer,False
2022-08-31,PROP010,0.95,1,28,316.52,Wednesday,Summer,False
2022-09-01,PROP001,0.771,6,23,265.33,Thursday,Fall,False
2022-09-01,PROP002,0.808,5,24,273.43,Thursday,Fall,False
2022-09-01,PROP003,0.742,7,22,256.73,Thursday,Fall,False
2022-09-01,PROP004,0.839,4,25,281.1,Thursday,Fall,False
2022-09-01,PROP005,0.588,12,17,281.4,Thursday,Fall,False
2022-09-01,PROP006,0.493,15,14,256.63,Thursday,Fall,False
2022-09-01,PROP007,0.864,4,25,267.37,Thursday,Fall,False
2022-09-01,PROP008,0.767,6,23,294.2,Thursday,Fall,False
2022-09-01,PROP009,0.767,6,23,274.1,Thursday,Fall,False
2022-09-01,PROP010,0.613,11,18,263.77,Thursday,Fall,False
2022-09-02,PROP001,0.653,10,19,265.33,Friday,Fall,False
2022-09-02,PROP002,0.64,10,19,273.43,Friday,Fall,False
2022-09-02,PROP003,0.677,9,20,256.73,Friday,Fall,False
2022-09-02,PROP004,0.868,3,26,281.1,Friday,Fall,False
2022-09-02,PROP005,0.43,17,12,281.4,Friday,Fall,False
2022-09-02,PROP006,0.724,8,21,256.63,Friday,Fall,False
2022-09-02,PROP007,0.95,1,28,267.37,Friday,Fall,False
2022-09-02,PROP008,0.6,11,18,294.2,Friday,Fall,False
2022-09-02,PROP009,0.95,1,28,274.1,Friday,Fall,False
2022-09-02,PROP010,0.95,1,28,263.77,Friday,Fall,False
2022-09-03,PROP001,0.893,3,26,265.33,Saturday,Fall,True
2022-09-03,PROP002,0.95,1,28,273.43,Saturday,Fall,True
2022-09-03,PROP003,0.933,2,27,256.73,Saturday,Fall,True
2022-09-03,PROP004,0.561,13,16,281.1,Saturday,Fall,True
2022-09-03,PROP005,0.744,7,22,281.4,Saturday,Fall,True
2022-09-03,PROP006,0.524,14,15,256.63,Saturday,Fall,True
2022-09-03,PROP007,0.771,6,23,267.37,Saturday,Fall,True
2022-09-03,PROP008,0.81,5,24,294.2,Saturday,Fall,True
2022-09-03,PROP009,0.727,8,21,274.1,Saturday,Fall,True
2022-09-03,PROP010,0.799,6,23,263.77,Saturday,Fall,True
2022-09-04,PROP001,0.95,1,28,265.33,Sunday,Fall,True
2022-09-04,PROP002,0.84,4,25,273.43,Sunday,Fall,True
2022-09-04,PROP003,0.916,2,27,256.73,Sunday,Fall,True
2022-09-04,PROP004,0.833,5,24,281.1,Sunday,Fall,True
2022-09-04,PROP005,0.59,12,17,281.4,Sunday,Fall,True
2022-09-04,PROP006,0.823,5,24,256.63,Sunday,Fall,True
2022-09-04,PROP007,0.88,3,26,267.37,Sunday,Fall,True
2022-09-04,PROP008,0.751,7,22,294.2,Sunday,Fall,True
2022-09-04,PROP009,0.803,5,24,274.1,Sunday,Fall,True
2022-09-04,PROP010,0.869,3,26,263.77,Sunday,Fall,True
2022-09-05,PROP001,0.545,13,16,265.33,Monday,Fall,False
2022-09-05,PROP002,0.544,13,16,273.43,Monday,Fall,False
2022-09-05,PROP003,0.818,5,24,256.73,Monday,Fall,False
2022-09-05,PROP004,0.709,8,21,281.1,Monday,Fall,False
2022-09-05,PROP005,0.824,5,24,281.4,Monday,Fall,False
2022-09-05,PROP006,0.599,12,17,256.63,Monday,Fall,False
2022-09-05,PROP007,0.655,10,19,267.37,Monday,Fall,False
2022-09-05,PROP008,0.73,8,21,294.2,Monday,Fall,False
2022-09-05,PROP009,0.926,2,27,274.1,Monday,Fall,False
2022-09-05,PROP010,0.581,12,17,263.77,Monday,Fall,False
2022-09-06,PROP001,0.658,10,19,265.33,Tuesday,Fall,False
2022-09-06,PROP002,0.849,4,25,273.43,Tuesday,Fall,False
2022-09-06,PROP003,0.589,12,17,256.73,Tuesday,Fall,False
2022-09-06,PROP004,0.85,4,25,281.1,Tuesday,Fall,False
2022-09-06,PROP005,0.812,5,24,281.4,Tuesday,Fall,False
2022-09-06,PROP006,0.774,6,23,256.63,Tuesday,Fall,False
2022-09-06,PROP007,0.619,11,18,267.37,Tuesday,Fall,False
2022-09-06,PROP008,0.736,7,22,294.2,Tuesday,Fall,False
2022-09-06,PROP009,0.867,4,25,274.1,Tuesday,Fall,False
2022-09-06,PROP010,0.474,15,14,263.77,Tuesday,Fall,False
2022-09-07,PROP001,0.622,11,18,265.33,Wednesday,Fall,False
2022-09-07,PROP002,0.727,8,21,273.43,Wednesday,Fall,False
2022-09-07,PROP003,0.634,10,19,256.73,Wednesday,Fall,False
2022-09-07,PROP004,0.531,14,15,281.1,Wednesday,Fall,False
2022-09-07,PROP005,0.866,4,25,281.4,Wednesday,Fall,False
2022-09-07,PROP006,0.745,7,22,256.63,Wednesday,Fall,False
2022-09-07,PROP007,0.487,15,14,267.37,Wednesday,Fall,False
2022-09-07,PROP008,0.757,7,22,294.2,Wednesday,Fall,False
2022-09-07,PROP009,0.734,7,22,274.1,Wednesday,Fall,False
2022-09-07,PROP010,0.739,7,22,263.77,Wednesday,Fall,False
2022-09-08,PROP001,0.751,7,22,265.33,Thursday,Fall,False
2022-09-08,PROP002,0.785,6,23,273.43,Thursday,Fall,False
2022-09-08,PROP003,0.763,7,22,256.73,Thursday,Fall,False
2022-09-08,PROP004,0.746,7,22,281.1,Thursday,Fall,False
2022-09-08,PROP005,0.567,12,17,281.4,Thursday,Fall,False
2022-09-08,PROP006,0.506,14,15,256.63,Thursday,Fall,False
2022-09-08,PROP007,0.749,7,22,267.37,Thursday,Fall,False
2022-09-08,PROP008,0.733,8,21,294.2,Thursday,Fall,False
2022-09-08,PROP009,0.85,4,25,274.1,Thursday,Fall,False
2022-09-08,PROP010,0.537,13,16,263.77,Thursday,Fall,False
2022-09-09,PROP001,0.95,1,28,265.33,Friday,Fall,False
2022-09-09,PROP002,0.893,3,26,273.43,Friday,Fall,False
2022-09-09,PROP003,0.662,10,19,256.73,Friday,Fall,False
2022-09-09,PROP004,0.95,1,28,281.1,Friday,Fall,False
2022-09-09,PROP005,0.739,7,22,281.4,Friday,Fall,False
2022-09-09,PROP006,0.815,5,24,256.63,Friday,Fall,False
2022-09-09,PROP007,0.523,14,15,267.37,Friday,Fall,False
2022-09-09,PROP008,0.95,1,28,294.2,Friday,Fall,False
2022-09-09,PROP009,0.95,1,28,274.1,Friday,Fall,False
2022-09-09,PROP010,0.925,2,27,263.77,Friday,Fall,False
2022-09-10,PROP001,0.852,4,25,265.33,Saturday,Fall,True
2022-09-10,PROP002,0.619,11,18,273.43,Saturday,Fall,True
2022-09-10,PROP003,0.95,1,28,256.73,Saturday,Fall,True
2022-09-10,PROP004,0.914,2,27,281.1,Saturday,Fall,True
2022-09-10,PROP005,0.6,12,17,281.4,Saturday,Fall,True
2022-09-10,PROP006,0.869,3,26,256.63,Saturday,Fall,True
2022-09-10,PROP007,0.628,11,18,267.37,Saturday,Fall,True
2022-09-10,PROP008,0.51,14,15,294.2,Saturday,Fall,True
2022-09-10,PROP009,0.903,2,27,274.1,Saturday,Fall,True
2022-09-10,PROP010,0.92,2,27,263.77,Saturday,Fall,True
2022-09-11,PROP001,0.891,3,26,265.33,Sunday,Fall,True
2022-09-11,PROP002,0.651,10,19,273.43,Sunday,Fall,True
2022-09-11,PROP003,0.739,7,22,256.73,Sunday,Fall,True
2022-09-11,PROP004,0.823,5,24,281.1,Sunday,Fall,True
2022-09-11,PROP005,0.814,5,24,281.4,Sunday,Fall,True
2022-09-11,PROP006,0.888,3,26,256.63,Sunday,Fall,True
2022-09-11,PROP007,0.901,2,27,267.37,Sunday,Fall,True
2022-09-11,PROP008,0.95,1,28,294.2,Sunday,Fall,True
2022-09-11,PROP009,0.95,1,28,274.1,Sunday,Fall,True
2022-09-11,PROP010,0.803,5,24,263.77,Sunday,Fall,True
2022-09-12,PROP001,0.76,7,22,265.33,Monday,Fall,False
2022-09-12,PROP002,0.597,12,17,273.43,Monday,Fall,False
2022-09-12,PROP003,0.781,6,23,256.73,Monday,Fall,False
2022-09-12,PROP004,0.897,3,26,281.1,Monday,Fall,False
2022-09-12,PROP005,0.747,7,22,281.4,Monday,Fall,False
2022-09-12,PROP006,0.955,1,28,256.63,Monday,Fall,False
2022-09-12,PROP007,0.827,5,24,267.37,Monday,Fall,False
2022-09-12,PROP008,0.916,2,27,294.2,Monday,Fall,False
2022-09-12,PROP009,0.598,12,17,274.1,Monday,Fall,False
2022-09-12,PROP010,0.781,6,23,263.77,Monday,Fall,False
2022-09-13,PROP001,0.768,6,23,265.33,Tuesday,Fall,False
2022-09-13,PROP002,0.779,6,23,273.43,Tuesday,Fall,False
2022-09-13,PROP003,0.962,1,28,256.73,Tuesday,Fall,False
2022-09-13,PROP004,0.764,7,22,281.1,Tuesday,Fall,False
2022-09-13,PROP005,0.908,2,27,281.4,Tuesday,Fall,False
2022-09-13,PROP006,0.837,4,25,256.63,Tuesday,Fall,False
2022-09-13,PROP007,0.44,16,13,267.37,Tuesday,Fall,False
2022-09-13,PROP008,0.895,3,26,294.2,Tuesday,Fall,False
2022-09-13,PROP009,0.806,5,24,274.1,Tuesday,Fall,False
2022-09-13,PROP010,0.369,18,11,263.77,Tuesday,Fall,False
2022-09-14,PROP001,0.931,2,27,265.33,Wednesday,Fall,False
2022-09-14,PROP002,0.528,14,15,273.43,Wednesday,Fall,False
2022-09-14,PROP003,0.832,5,24,256.73,Wednesday,Fall,False
2022-09-14,PROP004,0.844,4,25,281.1,Wednesday,Fall,False
2022-09-14,PROP005,0.798,6,23,281.4,Wednesday,Fall,False
2022-09-14,PROP006,0.662,10,19,256.63,Wednesday,Fall,False
2022-09-14,PROP007,0.709,8,21,267.37,Wednesday,Fall,False
2022-09-14,PROP008,0.772,6,23,294.2,Wednesday,Fall,False
2022-09-14,PROP009,0.802,5,24,274.1,Wednesday,Fall,False
2022-09-14,PROP010,0.514,14,15,263.77,Wednesday,Fall,False
2022-09-15,PROP001,0.767,6,23,265.33,Thursday,Fall,False
2022-09-15,PROP002,0.885,3,26,273.43,Thursday,Fall,False
2022-09-15,PROP003,0.701,8,21,256.73,Thursday,Fall,False
2022-09-15,PROP004,0.557,13,16,281.1,Thursday,Fall,False
2022-09-15,PROP005,0.729,8,21,281.4,Thursday,Fall,False
2022-09-15,PROP006,0.846,4,25,256.63,Thursday,Fall,False
2022-09-15,PROP007,0.686,9,20,267.37,Thursday,Fall,False
2022-09-15,PROP008,0.65,10,19,294.2,Thursday,Fall,False
2022-09-15,PROP009,0.794,6,23,274.1,Thursday,Fall,False
2022-09-15,PROP010,0.672,9,20,263.77,Thursday,Fall,False
2022-09-16,PROP001,0.893,3,26,265.33,Friday,Fall,False
2022-09-16,PROP002,0.439,16,13,273.43,Friday,Fall,False
2022-09-16,PROP003,0.707,8,21,256.73,Friday,Fall,False
2022-09-16,PROP004,0.94,1,28,281.1,Friday,Fall,False
2022-09-16,PROP005,0.609,11,18,281.4,Friday,Fall,False
2022-09-16,PROP006,0.794,6,23,256.63,Friday,Fall,False
2022-09-16,PROP007,0.71,8,21,267.37,Friday,Fall,False
2022-09-16,PROP008,0.95,1,28,294.2,Friday,Fall,False
2022-09-16,PROP009,0.95,1,28,274.1,Friday,Fall,False
2022-09-16,PROP010,0.684,9,20,263.77,Friday,Fall,False
2022-09-17,PROP001,0.949,1,28,265.33,Saturday,Fall,True
2022-09-17,PROP002,0.584,12,17,273.43,Saturday,Fall,True
2022-09-17,PROP003,0.766,7,22,256.73,Saturday,Fall,True
2022-09-17,PROP004,0.95,1,28,281.1,Saturday,Fall,True
2022-09-17,PROP005,0.613,11,18,281.4,Saturday,Fall,True
2022-09-17,PROP006,0.767,6,23,256.63,Saturday,Fall,True
2022-09-17,PROP007,0.943,1,28,267.37,Saturday,Fall,True
2022-09-17,PROP008,0.663,10,19,294.2,Saturday,Fall,True
2022-09-17,PROP009,0.847,4,25,274.1,Saturday,Fall,True
2022-09-17,PROP010,0.95,1,28,263.77,Saturday,Fall,True
2022-09-18,PROP001,0.903,2,27,265.33,Sunday,Fall,True
2022-09-18,PROP002,0.859,4,25,273.43,Sunday,Fall,True
2022-09-18,PROP003,0.519,14,15,256.73,Sunday,Fall,True
2022-09-18,PROP004,0.612,11,18,281.1,Sunday,Fall,True
2022-09-18,PROP005,0.87,3,26,281.4,Sunday,Fall,True
2022-09-18,PROP006,0.95,1,28,256.63,Sunday,Fall,True
2022-09-18,PROP007,0.944,1,28,267.37,Sunday,Fall,True
2022-09-18,PROP008,0.95,1,28,294.2,Sunday,Fall,True
2022-09-18,PROP009,0.832,5,24,274.1,Sunday,Fall,True
2022-09-18,PROP010,0.524,14,15,263.77,Sunday,Fall,True
2022-09-19,PROP001,0.762,7,22,265.33,Monday,Fall,False
2022-09-19,PROP002,0.716,8,21,273.43,Monday,Fall,False
2022-09-19,PROP003,0.544,13,16,256.73,Monday,Fall,False
2022-09-19,PROP004,0.187,24,5,281.1,Monday,Fall,False
2022-09-19,PROP005,0.757,7,22,281.4,Monday,Fall,False
2022-09-19,PROP006,0.502,14,15,256.63,Monday,Fall,False
2022-09-19,PROP007,0.726,8,21,267.37,Monday,Fall,False
2022-09-19,PROP008,0.706,8,21,294.2,Monday,Fall,False
2022-09-19,PROP009,0.601,11,18,274.1,Monday,Fall,False
2022-09-19,PROP010,0.718,8,21,263.77,Monday,Fall,False
2022-09-20,PROP001,0.705,8,21,265.33,Tuesday,Fall,False
2022-09-20,PROP002,0.748,7,22,273.43,Tuesday,Fall,False
2022-09-20,PROP003,0.615,11,18,256.73,Tuesday,Fall,False
2022-09-20,PROP004,0.639,10,19,281.1,Tuesday,Fall,False
2022-09-20,PROP005,0.564,13,16,281.4,Tuesday,Fall,False
2022-09-20,PROP006,0.641,10,19,256.63,Tuesday,Fall,False
2022-09-20,PROP007,0.888,3,26,267.37,Tuesday,Fall,False
2022-09-20,PROP008,0.467,16,13,294.2,Tuesday,Fall,False
2022-09-20,PROP009,0.608,11,18,274.1,Tuesday,Fall,False
2022-09-20,PROP010,0.592,12,17,263.77,Tuesday,Fall,False
2022-09-21,PROP001,0.758,7,22,265.33,Wednesday,Fall,False
2022-09-21,PROP002,0.613,11,18,273.43,Wednesday,Fall,False
2022-09-21,PROP003,0.911,2,27,256.73,Wednesday,Fall,False
2022-09-21,PROP004,0.729,8,21,281.1,Wednesday,Fall,False
2022-09-21,PROP005,0.915,2,27,281.4,Wednesday,Fall,False
2022-09-21,PROP006,0.728,8,21,256.63,Wednesday,Fall,False
2022-09-21,PROP007,0.875,3,26,267.37,Wednesday,Fall,False
2022-09-21,PROP008,0.694,9,20,294.2,Wednesday,Fall,False
2022-09-21,PROP009,0.869,3,26,274.1,Wednesday,Fall,False
2022-09-21,PROP010,0.787,6,23,263.77,Wednesday,Fall,False
2022-09-22,PROP001,0.752,7,22,265.33,Thursday,Fall,False
2022-09-22,PROP002,0.56,13,16,273.43,Thursday,Fall,False
2022-09-22,PROP003,0.817,5,24,256.73,Thursday,Fall,False
2022-09-22,PROP004,0.576,12,17,281.1,Thursday,Fall,False
2022-09-22,PROP005,0.734,7,22,281.4,Thursday,Fall,False
2022-09-22,PROP006,0.882,3,26,256.63,Thursday,Fall,False
2022-09-22,PROP007,0.607,11,18,267.37,Thursday,Fall,False
2022-09-22,PROP008,0.385,18,11,294.2,Thursday,Fall,False
2022-09-22,PROP009,0.471,15,14,274.1,Thursday,Fall,False
2022-09-22,PROP010,0.852,4,25,263.77,Thursday,Fall,False
2022-09-23,PROP001,0.755,7,22,265.33,Friday,Fall,False
2022-09-23,PROP002,0.86,4,25,273.43,Friday,Fall,False
2022-09-23,PROP003,0.663,10,19,256.73,Friday,Fall,False
2022-09-23,PROP004,0.896,3,26,281.1,Friday,Fall,False
2022-09-23,PROP005,0.726,8,21,281.4,Friday,Fall,False
2022-09-23,PROP006,0.645,10,19,256.63,Friday,Fall,False
2022-09-23,PROP007,0.829,5,24,267.37,Friday,Fall,False
2022-09-23,PROP008,0.76,7,22,294.2,Friday,Fall,False
2022-09-23,PROP009,0.627,11,18,274.1,Friday,Fall,False
2022-09-23,PROP010,0.95,1,28,263.77,Friday,Fall,False
2022-09-24,PROP001,0.672,9,20,265.33,Saturday,Fall,True
2022-09-24,PROP002,0.507,14,15,273.43,Saturday,Fall,True
2022-09-24,PROP003,0.925,2,27,256.73,Saturday,Fall,True
2022-09-24,PROP004,0.678,9,20,281.1,Saturday,Fall,True
2022-09-24,PROP005,0.95,1,28,281.4,Saturday,Fall,True
2022-09-24,PROP006,0.855,4,25,256.63,Saturday,Fall,True
2022-09-24,PROP007,0.544,13,16,267.37,Saturday,Fall,True
2022-09-24,PROP008,0.862,4,25,294.2,Saturday,Fall,True
2022-09-24,PROP009,0.79,6,23,274.1,Saturday,Fall,True
2022-09-24,PROP010,0.644,10,19,263.77,Saturday,Fall,True
2022-09-25,PROP001,0.689,9,20,265.33,Sunday,Fall,True
2022-09-25,PROP002,0.645,10,19,273.43,Sunday,Fall,True
2022-09-25,PROP003,0.429,17,12,256.73,Sunday,Fall,True
2022-09-25,PROP004,0.767,6,23,281.1,Sunday,Fall,True
2022-09-25,PROP005,0.801,5,24,281.4,Sunday,Fall,True
2022-09-25,PROP006,0.812,5,24,256.63,Sunday,Fall,True
2022-09-25,PROP007,0.888,3,26,267.37,Sunday,Fall,True
2022-09-25,PROP008,0.847,4,25,294.2,Sunday,Fall,True
2022-09-25,PROP009,0.872,3,26,274.1,Sunday,Fall,True
2022-09-25,PROP010,0.722,8,21,263.77,Sunday,Fall,True
2022-09-26,PROP001,0.762,7,22,265.33,Monday,Fall,False
2022-09-26,PROP002,0.837,4,25,273.43,Monday,Fall,False
2022-09-26,PROP003,0.734,7,22,256.73,Monday,Fall,False
2022-09-26,PROP004,0.519,14,15,281.1,Monday,Fall,False
2022-09-26,PROP005,0.472,15,14,281.4,Monday,Fall,False
2022-09-26,PROP006,0.908,2,27,256.63,Monday,Fall,False
2022-09-26,PROP007,0.52,14,15,267.37,Monday,Fall,False
2022-09-26,PROP008,0.81,5,24,294.2,Monday,Fall,False
2022-09-26,PROP009,0.785,6,23,274.1,Monday,Fall,False
2022-09-26,PROP010,0.816,5,24,263.77,Monday,Fall,False
2022-09-27,PROP001,0.607,11,18,265.33,Tuesday,Fall,False
2022-09-27,PROP002,0.751,7,22,273.43,Tuesday,Fall,False
2022-09-27,PROP003,0.616,11,18,256.73,Tuesday,Fall,False
2022-09-27,PROP004,0.549,13,16,281.1,Tuesday,Fall,False
2022-09-27,PROP005,0.674,9,20,281.4,Tuesday,Fall,False
2022-09-27,PROP006,0.68,9,20,256.63,Tuesday,Fall,False
2022-09-27,PROP007,0.653,10,19,267.37,Tuesday,Fall,False
2022-09-27,PROP008,0.706,8,21,294.2,Tuesday,Fall,False
2022-09-27,PROP009,0.702,8,21,274.1,Tuesday,Fall,False
2022-09-27,PROP010,0.695,9,20,263.77,Tuesday,Fall,False
2022-09-28,PROP001,0.544,13,16,265.33,Wednesday,Fall,False
2022-09-28,PROP002,0.606,11,18,273.43,Wednesday,Fall,False
2022-09-28,PROP003,0.858,4,25,256.73,Wednesday,Fall,False
2022-09-28,PROP004,0.672,9,20,281.1,Wednesday,Fall,False
2022-09-28,PROP005,0.81,5,24,281.4,Wednesday,Fall,False
2022-09-28,PROP006,0.604,11,18,256.63,Wednesday,Fall,False
2022-09-28,PROP007,0.769,6,23,267.37,Wednesday,Fall,False
2022-09-28,PROP008,0.726,8,21,294.2,Wednesday,Fall,False
2022-09-28,PROP009,0.832,5,24,274.1,Wednesday,Fall,False
2022-09-28,PROP010,0.67,9,20,263.77,Wednesday,Fall,False
2022-09-29,PROP001,0.65,10,19,265.33,Thursday,Fall,False
2022-09-29,PROP002,0.68,9,20,273.43,Thursday,Fall,False
2022-09-29,PROP003,0.631,11,18,256.73,Thursday,Fall,False
2022-09-29,PROP004,0.881,3,26,281.1,Thursday,Fall,False
2022-09-29,PROP005,0.888,3,26,281.4,Thursday,Fall,False
2022-09-29,PROP006,0.559,13,16,256.63,Thursday,Fall,False
2022-09-29,PROP007,0.66,10,19,267.37,Thursday,Fall,False
2022-09-29,PROP008,0.711,8,21,294.2,Thursday,Fall,False
2022-09-29,PROP009,0.532,14,15,274.1,Thursday,Fall,False
2022-09-29,PROP010,0.913,2,27,263.77,Thursday,Fall,False
2022-09-30,PROP001,0.777,6,23,265.33,Friday,Fall,False
2022-09-30,PROP002,0.867,3,26,273.43,Friday,Fall,False
2022-09-30,PROP003,0.861,4,25,256.73,Friday,Fall,False
2022-09-30,PROP004,0.95,1,28,281.1,Friday,Fall,False
2022-09-30,PROP005,0.8,6,23,281.4,Friday,Fall,False
2022-09-30,PROP006,0.678,9,20,256.63,Friday,Fall,False
2022-09-30,PROP007,0.605,11,18,267.37,Friday,Fall,False
2022-09-30,PROP008,0.478,15,14,294.2,Friday,Fall,False
2022-09-30,PROP009,0.822,5,24,274.1,Friday,Fall,False
2022-09-30,PROP010,0.863,4,25,263.77,Friday,Fall,False
2022-10-01,PROP001,0.804,5,24,265.33,Saturday,Fall,True
2022-10-01,PROP002,0.719,8,21,273.43,Saturday,Fall,True
2022-10-01,PROP003,0.676,9,20,256.73,Saturday,Fall,True
2022-10-01,PROP004,0.632,11,18,281.1,Saturday,Fall,True
2022-10-01,PROP005,0.84,4,25,281.4,Saturday,Fall,True
2022-10-01,PROP006,0.923,2,27,256.63,Saturday,Fall,True
2022-10-01,PROP007,0.533,14,15,267.37,Saturday,Fall,True
2022-10-01,PROP008,0.95,1,28,294.2,Saturday,Fall,True
2022-10-01,PROP009,0.948,1,28,274.1,Saturday,Fall,True
2022-10-01,PROP010,0.95,1,28,263.77,Saturday,Fall,True
2022-10-02,PROP001,0.874,3,26,265.33,Sunday,Fall,True
2022-10-02,PROP002,0.95,1,28,273.43,Sunday,Fall,True
2022-10-02,PROP003,0.862,4,25,256.73,Sunday,Fall,True
2022-10-02,PROP004,0.903,2,27,281.1,Sunday,Fall,True
2022-10-02,PROP005,0.623,11,18,281.4,Sunday,Fall,True
2022-10-02,PROP006,0.56,13,16,256.63,Sunday,Fall,True
2022-10-02,PROP007,0.806,5,24,267.37,Sunday,Fall,True
2022-10-02,PROP008,0.95,1,28,294.2,Sunday,Fall,True
2022-10-02,PROP009,0.931,2,27,274.1,Sunday,Fall,True
2022-10-02,PROP010,0.95,1,28,263.77,Sunday,Fall,True
2022-10-03,PROP001,0.517,14,15,265.33,Monday,Fall,False
2022-10-03,PROP002,0.859,4,25,273.43,Monday,Fall,False
2022-10-03,PROP003,0.83,5,24,256.73,Monday,Fall,False
2022-10-03,PROP004,0.829,5,24,281.1,Monday,Fall,False
2022-10-03,PROP005,0.901,2,27,281.4,Monday,Fall,False
2022-10-03,PROP006,0.899,3,26,256.63,Monday,Fall,False
2022-10-03,PROP007,0.936,1,28,267.37,Monday,Fall,False
2022-10-03,PROP008,0.647,10,19,294.2,Monday,Fall,False
2022-10-03,PROP009,0.555,13,16,274.1,Monday,Fall,False
2022-10-03,PROP010,0.82,5,24,263.77,Monday,Fall,False
2022-10-04,PROP001,0.608,11,18,265.33,Tuesday,Fall,False
2022-10-04,PROP002,0.669,9,20,273.43,Tuesday,Fall,False
2022-10-04,PROP003,0.951,1,28,256.73,Tuesday,Fall,False
2022-10-04,PROP004,0.896,3,26,281.1,Tuesday,Fall,False
2022-10-04,PROP005,0.774,6,23,281.4,Tuesday,Fall,False
2022-10-04,PROP006,0.85,4,25,256.63,Tuesday,Fall,False
2022-10-04,PROP007,0.586,12,17,267.37,Tuesday,Fall,False
2022-10-04,PROP008,0.89,3,26,294.2,Tuesday,Fall,False
2022-10-04,PROP009,0.847,4,25,274.1,Tuesday,Fall,False
2022-10-04,PROP010,0.805,5,24,263.77,Tuesday,Fall,False
2022-10-05,PROP001,0.921,2,27,265.33,Wednesday,Fall,False
2022-10-05,PROP002,0.69,9,20,273.43,Wednesday,Fall,False
2022-10-05,PROP003,0.789,6,23,256.73,Wednesday,Fall,False
2022-10-05,PROP004,0.59,12,17,281.1,Wednesday,Fall,False
2022-10-05,PROP005,0.764,7,22,281.4,Wednesday,Fall,False
2022-10-05,PROP006,0.304,20,9,256.63,Wednesday,Fall,False
2022-10-05,PROP007,0.65,10,19,267.37,Wednesday,Fall,False
2022-10-05,PROP008,0.619,11,18,294.2,Wednesday,Fall,False
2022-10-05,PROP009,0.916,2,27,274.1,Wednesday,Fall,False
2022-10-05,PROP010,0.635,10,19,263.77,Wednesday,Fall,False
2022-10-06,PROP001,0.464,16,13,265.33,Thursday,Fall,False
2022-10-06,PROP002,0.826,5,24,273.43,Thursday,Fall,False
2022-10-06,PROP003,0.704,8,21,256.73,Thursday,Fall,False
2022-10-06,PROP004,0.497,15,14,281.1,Thursday,Fall,False
2022-10-06,PROP005,0.705,8,21,281.4,Thursday,Fall,False
2022-10-06,PROP006,0.507,14,15,256.63,Thursday,Fall,False
2022-10-06,PROP007,0.696,9,20,267.37,Thursday,Fall,False
2022-10-06,PROP008,0.824,5,24,294.2,Thursday,Fall,False
2022-10-06,PROP009,0.24,22,7,274.1,Thursday,Fall,False
2022-10-06,PROP010,0.653,10,19,263.77,Thursday,Fall,False
2022-10-07,PROP001,0.62,11,18,265.33,Friday,Fall,False
2022-10-07,PROP002,0.491,15,14,273.43,Friday,Fall,False
2022-10-07,PROP003,0.77,6,23,256.73,Friday,Fall,False
2022-10-07,PROP004,0.681,9,20,281.1,Friday,Fall,False
2022-10-07,PROP005,0.783,6,23,281.4,Friday,Fall,False
2022-10-07,PROP006,0.95,1,28,256.63,Friday,Fall,False
2022-10-07,PROP007,0.653,10,19,267.37,Friday,Fall,False
2022-10-07,PROP008,0.606,11,18,294.2,Friday,Fall,False
2022-10-07,PROP009,0.875,3,26,274.1,Friday,Fall,False
2022-10-07,PROP010,0.718,8,21,263.77,Friday,Fall,False
2022-10-08,PROP001,0.739,7,22,265.33,Saturday,Fall,True
2022-10-08,PROP002,0.738,7,22,273.43,Saturday,Fall,True
2022-10-08,PROP003,0.924,2,27,256.73,Saturday,Fall,True
2022-10-08,PROP004,0.922,2,27,281.1,Saturday,Fall,True
2022-10-08,PROP005,0.619,11,18,281.4,Saturday,Fall,True
2022-10-08,PROP006,0.924,2,27,256.63,Saturday,Fall,True
2022-10-08,PROP007,0.67,9,20,267.37,Saturday,Fall,True
2022-10-08,PROP008,0.95,1,28,294.2,Saturday,Fall,True
2022-10-08,PROP009,0.892,3,26,274.1,Saturday,Fall,True
2022-10-08,PROP010,0.76,7,22,263.77,Saturday,Fall,True
2022-10-09,PROP001,0.95,1,28,265.33,Sunday,Fall,True
2022-10-09,PROP002,0.913,2,27,273.43,Sunday,Fall,True
2022-10-09,PROP003,0.95,1,28,256.73,Sunday,Fall,True
2022-10-09,PROP004,0.95,1,28,281.1,Sunday,Fall,True
2022-10-09,PROP005,0.95,1,28,281.4,Sunday,Fall,True
2022-10-09,PROP006,0.814,5,24,256.63,Sunday,Fall,True
2022-10-09,PROP007,0.818,5,24,267.37,Sunday,Fall,True
2022-10-09,PROP008,0.741,7,22,294.2,Sunday,Fall,True
2022-10-09,PROP009,0.885,3,26,274.1,Sunday,Fall,True
2022-10-09,PROP010,0.817,5,24,263.77,Sunday,Fall,True
2022-10-10,PROP001,0.386,18,11,265.33,Monday,Fall,False
2022-10-10,PROP002,0.79,6,23,273.43,Monday,Fall,False
2022-10-10,PROP003,0.722,8,21,256.73,Monday,Fall,False
2022-10-10,PROP004,0.682,9,20,281.1,Monday,Fall,False
2022-10-10,PROP005,0.65,10,19,281.4,Monday,Fall,False
2022-10-10,PROP006,0.725,8,21,256.63,Monday,Fall,False
2022-10-10,PROP007,0.88,3,26,267.37,Monday,Fall,False
2022-10-10,PROP008,0.7,9,20,294.2,Monday,Fall,False
2022-10-10,PROP009,0.921,2,27,274.1,Monday,Fall,False
2022-10-10,PROP010,0.7,8,21,263.77,Monday,Fall,False
2022-10-11,PROP001,0.723,8,21,265.33,Tuesday,Fall,False
2022-10-11,PROP002,0.506,14,15,273.43,Tuesday,Fall,False
2022-10-11,PROP003,0.527,14,15,256.73,Tuesday,Fall,False
2022-10-11,PROP004,0.341,19,10,281.1,Tuesday,Fall,False
2022-10-11,PROP005,0.853,4,25,281.4,Tuesday,Fall,False
2022-10-11,PROP006,0.425,17,12,256.63,Tuesday,Fall,False
2022-10-11,PROP007,0.689,9,20,267.37,Tuesday,Fall,False
2022-10-11,PROP008,0.667,9,20,294.2,Tuesday,Fall,False
2022-10-11,PROP009,0.916,2,27,274.1,Tuesday,Fall,False
2022-10-11,PROP010,0.753,7,22,263.77,Tuesday,Fall,False
2022-10-12,PROP001,0.835,4,25,265.33,Wednesday,Fall,False
2022-10-12,PROP002,0.819,5,24,273.43,Wednesday,Fall,False
2022-10-12,PROP003,0.822,5,24,256.73,Wednesday,Fall,False
2022-10-12,PROP004,0.593,12,17,281.1,Wednesday,Fall,False
2022-10-12,PROP005,0.883,3,26,281.4,Wednesday,Fall,False
2022-10-12,PROP006,0.898,3,26,256.63,Wednesday,Fall,False
2022-10-12,PROP007,0.792,6,23,267.37,Wednesday,Fall,False
2022-10-12,PROP008,0.746,7,22,294.2,Wednesday,Fall,False
2022-10-12,PROP009,0.728,8,21,274.1,Wednesday,Fall,False
2022-10-12,PROP010,0.75,7,22,263.77,Wednesday,Fall,False
2022-10-13,PROP001,0.669,9,20,265.33,Thursday,Fall,False
2022-10-13,PROP002,0.808,5,24,273.43,Thursday,Fall,False
2022-10-13,PROP003,0.497,15,14,256.73,Thursday,Fall,False
2022-10-13,PROP004,0.646,10,19,281.1,Thursday,Fall,False
2022-10-13,PROP005,0.598,12,17,281.4,Thursday,Fall,False
2022-10-13,PROP006,0.592,12,17,256.63,Thursday,Fall,False
2022-10-13,PROP007,0.466,16,13,267.37,Thursday,Fall,False
2022-10-13,PROP008,0.871,3,26,294.2,Thursday,Fall,False
2022-10-13,PROP009,0.739,7,22,274.1,Thursday,Fall,False
2022-10-13,PROP010,0.721,8,21,263.77,Thursday,Fall,False
2022-10-14,PROP001,0.733,7,22,265.33,Friday,Fall,False
2022-10-14,PROP002,0.856,4,25,273.43,Friday,Fall,False
2022-10-14,PROP003,0.853,4,25,256.73,Friday,Fall,False
2022-10-14,PROP004,0.929,2,27,281.1,Friday,Fall,False
2022-10-14,PROP005,0.866,4,25,281.4,Friday,Fall,False
2022-10-14,PROP006,0.786,6,23,256.63,Friday,Fall,False
2022-10-14,PROP007,0.95,1,28,267.37,Friday,Fall,False
2022-10-14,PROP008,0.942,1,28,294.2,Friday,Fall,False
2022-10-14,PROP009,0.95,1,28,274.1,Friday,Fall,False
2022-10-14,PROP010,0.808,5,24,263.77,Friday,Fall,False
2022-10-15,PROP001,0.924,2,27,265.33,Saturday,Fall,True
2022-10-15,PROP002,0.692,9,20,273.43,Saturday,Fall,True
2022-10-15,PROP003,0.769,6,23,256.73,Saturday,Fall,True
2022-10-15,PROP004,0.785,6,23,281.1,Saturday,Fall,True
2022-10-15,PROP005,0.843,4,25,281.4,Saturday,Fall,True
2022-10-15,PROP006,0.84,4,25,256.63,Saturday,Fall,True
2022-10-15,PROP007,0.706,8,21,267.37,Saturday,Fall,True
2022-10-15,PROP008,0.849,4,25,294.2,Saturday,Fall,True
2022-10-15,PROP009,0.845,4,25,274.1,Saturday,Fall,True
2022-10-15,PROP010,0.946,1,28,263.77,Saturday,Fall,True
2022-10-16,PROP001,0.764,7,22,265.33,Sunday,Fall,True
2022-10-16,PROP002,0.715,8,21,273.43,Sunday,Fall,True
2022-10-16,PROP003,0.816,5,24,256.73,Sunday,Fall,True
2022-10-16,PROP004,0.853,4,25,281.1,Sunday,Fall,True
2022-10-16,PROP005,0.492,15,14,281.4,Sunday,Fall,True
2022-10-16,PROP006,0.731,8,21,256.63,Sunday,Fall,True
2022-10-16,PROP007,0.633,11,18,267.37,Sunday,Fall,True
2022-10-16,PROP008,0.712,8,21,294.2,Sunday,Fall,True
2022-10-16,PROP009,0.95,1,28,274.1,Sunday,Fall,True
2022-10-16,PROP010,0.95,1,28,263.77,Sunday,Fall,True
2022-10-17,PROP001,0.948,1,28,265.33,Monday,Fall,False
2022-10-17,PROP002,0.697,9,20,273.43,Monday,Fall,False
2022-10-17,PROP003,0.659,10,19,256.73,Monday,Fall,False
2022-10-17,PROP004,0.683,9,20,281.1,Monday,Fall,False
2022-10-17,PROP005,0.631,11,18,281.4,Monday,Fall,False
2022-10-17,PROP006,0.573,12,17,256.63,Monday,Fall,False
2022-10-17,PROP007,0.622,11,18,267.37,Monday,Fall,False
2022-10-17,PROP008,0.85,4,25,294.2,Monday,Fall,False
2022-10-17,PROP009,0.578,12,17,274.1,Monday,Fall,False
2022-10-17,PROP010,0.746,7,22,263.77,Monday,Fall,False
2022-10-18,PROP001,0.874,3,26,265.33,Tuesday,Fall,False
2022-10-18,PROP002,0.951,1,28,273.43,Tuesday,Fall,False
2022-10-18,PROP003,0.682,9,20,256.73,Tuesday,Fall,False
2022-10-18,PROP004,0.768,6,23,281.1,Tuesday,Fall,False
2022-10-18,PROP005,0.775,6,23,281.4,Tuesday,Fall,False
2022-10-18,PROP006,0.726,8,21,256.63,Tuesday,Fall,False
2022-10-18,PROP007,0.596,12,17,267.37,Tuesday,Fall,False
2022-10-18,PROP008,0.844,4,25,294.2,Tuesday,Fall,False
2022-10-18,PROP009,0.713,8,21,274.1,Tuesday,Fall,False
2022-10-18,PROP010,0.802,5,24,263.77,Tuesday,Fall,False
2022-10-19,PROP001,0.882,3,26,265.33,Wednesday,Fall,False
2022-10-19,PROP002,0.848,4,25,273.43,Wednesday,Fall,False
2022-10-19,PROP003,0.888,3,26,256.73,Wednesday,Fall,False
2022-10-19,PROP004,0.711,8,21,281.1,Wednesday,Fall,False
2022-10-19,PROP005,0.798,6,23,281.4,Wednesday,Fall,False
2022-10-19,PROP006,0.405,17,12,256.63,Wednesday,Fall,False
2022-10-19,PROP007,0.8,5,24,267.37,Wednesday,Fall,False
2022-10-19,PROP008,0.689,9,20,294.2,Wednesday,Fall,False
2022-10-19,PROP009,0.493,15,14,274.1,Wednesday,Fall,False
2022-10-19,PROP010,0.775,6,23,263.77,Wednesday,Fall,False
2022-10-20,PROP001,0.67,9,20,265.33,Thursday,Fall,False
2022-10-20,PROP002,0.846,4,25,273.43,Thursday,Fall,False
2022-10-20,PROP003,0.509,14,15,256.73,Thursday,Fall,False
2022-10-20,PROP004,0.738,7,22,281.1,Thursday,Fall,False
2022-10-20,PROP005,0.477,15,14,281.4,Thursday,Fall,False
2022-10-20,PROP006,0.788,6,23,256.63,Thursday,Fall,False
2022-10-20,PROP007,0.692,9,20,267.37,Thursday,Fall,False
2022-10-20,PROP008,0.394,18,11,294.2,Thursday,Fall,False
2022-10-20,PROP009,0.685,9,20,274.1,Thursday,Fall,False
2022-10-20,PROP010,0.731,8,21,263.77,Thursday,Fall,False
2022-10-21,PROP001,0.866,4,25,265.33,Friday,Fall,False
2022-10-21,PROP002,0.95,1,28,273.43,Friday,Fall,False
2022-10-21,PROP003,0.84,4,25,256.73,Friday,Fall,False
2022-10-21,PROP004,0.95,1,28,281.1,Friday,Fall,False
2022-10-21,PROP005,0.498,15,14,281.4,Friday,Fall,False
2022-10-21,PROP006,0.733,8,21,256.63,Friday,Fall,False
2022-10-21,PROP007,0.558,13,16,267.37,Friday,Fall,False
2022-10-21,PROP008,0.684,9,20,294.2,Friday,Fall,False
2022-10-21,PROP009,0.808,5,24,274.1,Friday,Fall,False
2022-10-21,PROP010,0.482,15,14,263.77,Friday,Fall,False
2022-10-22,PROP001,0.95,1,28,265.33,Saturday,Fall,True
2022-10-22,PROP002,0.95,1,28,273.43,Saturday,Fall,True
2022-10-22,PROP003,0.851,4,25,256.73,Saturday,Fall,True
2022-10-22,PROP004,0.855,4,25,281.1,Saturday,Fall,True
2022-10-22,PROP005,0.95,1,28,281.4,Saturday,Fall,True
2022-10-22,PROP006,0.349,19,10,256.63,Saturday,Fall,True
2022-10-22,PROP007,0.95,1,28,267.37,Saturday,Fall,True
2022-10-22,PROP008,0.683,9,20,294.2,Saturday,Fall,True
2022-10-22,PROP009,0.58,12,17,274.1,Saturday,Fall,True
2022-10-22,PROP010,0.781,6,23,263.77,Saturday,Fall,True
2022-10-23,PROP001,0.571,12,17,265.33,Sunday,Fall,True
2022-10-23,PROP002,0.95,1,28,273.43,Sunday,Fall,True
2022-10-23,PROP003,0.95,1,28,256.73,Sunday,Fall,True
2022-10-23,PROP004,0.95,1,28,281.1,Sunday,Fall,True
2022-10-23,PROP005,0.95,1,28,281.4,Sunday,Fall,True
2022-10-23,PROP006,0.83,5,24,256.63,Sunday,Fall,True
2022-10-23,PROP007,0.95,1,28,267.37,Sunday,Fall,True
2022-10-23,PROP008,0.847,4,25,294.2,Sunday,Fall,True
2022-10-23,PROP009,0.772,6,23,274.1,Sunday,Fall,True
2022-10-23,PROP010,0.853,4,25,263.77,Sunday,Fall,True
2022-10-24,PROP001,0.569,12,17,265.33,Monday,Fall,False
2022-10-24,PROP002,0.769,6,23,273.43,Monday,Fall,False
2022-10-24,PROP003,0.701,8,21,256.73,Monday,Fall,False
2022-10-24,PROP004,0.692,9,20,281.1,Monday,Fall,False
2022-10-24,PROP005,0.758,7,22,281.4,Monday,Fall,False
2022-10-24,PROP006,0.829,5,24,256.63,Monday,Fall,False
2022-10-24,PROP007,0.823,5,24,267.37,Monday,Fall,False
2022-10-24,PROP008,0.837,4,25,294.2,Monday,Fall,False
2022-10-24,PROP009,0.823,5,24,274.1,Monday,Fall,False
2022-10-24,PROP010,0.69,9,20,263.77,Monday,Fall,False
2022-10-25,PROP001,0.762,7,22,265.33,Tuesday,Fall,False
2022-10-25,PROP002,0.778,6,23,273.43,Tuesday,Fall,False
2022-10-25,PROP003,0.741,7,22,256.73,Tuesday,Fall,False
2022-10-25,PROP004,0.95,1,28,281.1,Tuesday,Fall,False
2022-10-25,PROP005,0.681,9,20,281.4,Tuesday,Fall,False
2022-10-25,PROP006,0.378,18,11,256.63,Tuesday,Fall,False
2022-10-25,PROP007,0.574,12,17,267.37,Tuesday,Fall,False
2022-10-25,PROP008,0.465,16,13,294.2,Tuesday,Fall,False
2022-10-25,PROP009,0.856,4,25,274.1,Tuesday,Fall,False
2022-10-25,PROP010,0.822,5,24,263.77,Tuesday,Fall,False
2022-10-26,PROP001,0.58,12,17,265.33,Wednesday,Fall,False
2022-10-26,PROP002,0.825,5,24,273.43,Wednesday,Fall,False
2022-10-26,PROP003,0.724,8,21,256.73,Wednesday,Fall,False
2022-10-26,PROP004,0.462,16,13,281.1,Wednesday,Fall,False
2022-10-26,PROP005,0.739,7,22,281.4,Wednesday,Fall,False
2022-10-26,PROP006,0.893,3,26,256.63,Wednesday,Fall,False
2022-10-26,PROP007,0.68,9,20,267.37,Wednesday,Fall,False
2022-10-26,PROP008,0.545,13,16,294.2,Wednesday,Fall,False
2022-10-26,PROP009,0.923,2,27,274.1,Wednesday,Fall,False
2022-10-26,PROP010,0.662,10,19,263.77,Wednesday,Fall,False
2022-10-27,PROP001,0.495,15,14,265.33,Thursday,Fall,False
2022-10-27,PROP002,0.647,10,19,273.43,Thursday,Fall,False
2022-10-27,PROP003,0.61,11,18,256.73,Thursday,Fall,False
2022-10-27,PROP004,0.8,6,23,281.1,Thursday,Fall,False
2022-10-27,PROP005,0.382,18,11,281.4,Thursday,Fall,False
2022-10-27,PROP006,0.871,3,26,256.63,Thursday,Fall,False
2022-10-27,PROP007,0.902,2,27,267.37,Thursday,Fall,False
2022-10-27,PROP008,0.75,7,22,294.2,Thursday,Fall,False
2022-10-27,PROP009,0.777,6,23,274.1,Thursday,Fall,False
2022-10-27,PROP010,0.53,14,15,263.77,Thursday,Fall,False
2022-10-28,PROP001,0.95,1,28,265.33,Friday,Fall,True
2022-10-28,PROP002,0.95,1,28,273.43,Friday,Fall,True
2022-10-28,PROP003,0.544,13,16,256.73,Friday,Fall,True
2022-10-28,PROP004,0.823,5,24,281.1,Friday,Fall,True
2022-10-28,PROP005,0.387,18,11,281.4,Friday,Fall,True
2022-10-28,PROP006,0.699,9,20,256.63,Friday,Fall,True
2022-10-28,PROP007,0.95,1,28,267.37,Friday,Fall,True
2022-10-28,PROP008,0.811,5,24,294.2,Friday,Fall,True
2022-10-28,PROP009,0.855,4,25,274.1,Friday,Fall,True
2022-10-28,PROP010,0.95,1,28,263.77,Friday,Fall,True
2022-10-29,PROP001,0.684,9,20,265.33,Saturday,Fall,True
2022-10-29,PROP002,0.458,16,13,273.43,Saturday,Fall,True
2022-10-29,PROP003,0.95,1,28,256.73,Saturday,Fall,True
2022-10-29,PROP004,0.787,6,23,281.1,Saturday,Fall,True
2022-10-29,PROP005,0.709,8,21,281.4,Saturday,Fall,True
2022-10-29,PROP006,0.733,8,21,256.63,Saturday,Fall,True
2022-10-29,PROP007,0.914,2,27,267.37,Saturday,Fall,True
2022-10-29,PROP008,0.901,2,27,294.2,Saturday,Fall,True
2022-10-29,PROP009,0.862,4,25,274.1,Saturday,Fall,True
2022-10-29,PROP010,0.78,6,23,263.77,Saturday,Fall,True
2022-10-30,PROP001,0.66,10,19,265.33,Sunday,Fall,True
2022-10-30,PROP002,0.935,1,28,273.43,Sunday,Fall,True
2022-10-30,PROP003,0.884,3,26,256.73,Sunday,Fall,True
2022-10-30,PROP004,0.717,8,21,281.1,Sunday,Fall,True
2022-10-30,PROP005,0.843,4,25,281.4,Sunday,Fall,True
2022-10-30,PROP006,0.785,6,23,256.63,Sunday,Fall,True
2022-10-30,PROP007,0.718,8,21,267.37,Sunday,Fall,True
2022-10-30,PROP008,0.651,10,19,294.2,Sunday,Fall,True
2022-10-30,PROP009,0.95,1,28,274.1,Sunday,Fall,True
2022-10-30,PROP010,0.857,4,25,263.77,Sunday,Fall,True
2022-10-31,PROP001,0.732,8,21,265.33,Monday,Fall,False
2022-10-31,PROP002,0.725,8,21,273.43,Monday,Fall,False
2022-10-31,PROP003,0.802,5,24,256.73,Monday,Fall,False
2022-10-31,PROP004,0.831,5,24,281.1,Monday,Fall,False
2022-10-31,PROP005,0.805,5,24,281.4,Monday,Fall,False
2022-10-31,PROP006,0.74,7,22,256.63,Monday,Fall,False
2022-10-31,PROP007,0.457,16,13,267.37,Monday,Fall,False
2022-10-31,PROP008,0.756,7,22,294.2,Monday,Fall,False
2022-10-31,PROP009,0.85,4,25,274.1,Monday,Fall,False
2022-10-31,PROP010,0.779,6,23,263.77,Monday,Fall,False
2022-11-01,PROP001,0.595,12,17,238.8,Tuesday,Fall,False
2022-11-01,PROP002,0.604,11,18,246.09,Tuesday,Fall,False
2022-11-01,PROP003,0.497,15,14,231.06,Tuesday,Fall,False
2022-11-01,PROP004,0.391,18,11,252.99,Tuesday,Fall,False
2022-11-01,PROP005,0.661,10,19,253.26,Tuesday,Fall,False
2022-11-01,PROP006,0.409,17,12,230.97,Tuesday,Fall,False
2022-11-01,PROP007,0.617,11,18,240.63,Tuesday,Fall,False
2022-11-01,PROP008,0.428,17,12,264.78,Tuesday,Fall,False
2022-11-01,PROP009,0.511,14,15,246.69,Tuesday,Fall,False
2022-11-01,PROP010,0.562,13,16,237.39,Tuesday,Fall,False
2022-11-02,PROP001,0.392,18,11,238.8,Wednesday,Fall,False
2022-11-02,PROP002,0.297,21,8,246.09,Wednesday,Fall,False
2022-11-02,PROP003,0.595,12,17,231.06,Wednesday,Fall,False
2022-11-02,PROP004,0.42,17,12,252.99,Wednesday,Fall,False
2022-11-02,PROP005,0.5,15,14,253.26,Wednesday,Fall,False
2022-11-02,PROP006,0.386,18,11,230.97,Wednesday,Fall,False
2022-11-02,PROP007,0.61,11,18,240.63,Wednesday,Fall,False
2022-11-02,PROP008,0.396,18,11,264.78,Wednesday,Fall,False
2022-11-02,PROP009,0.398,18,11,246.69,Wednesday,Fall,False
2022-11-02,PROP010,0.542,13,16,237.39,Wednesday,Fall,False
2022-11-03,PROP001,0.595,12,17,238.8,Thursday,Fall,False
2022-11-03,PROP002,0.525,14,15,246.09,Thursday,Fall,False
2022-11-03,PROP003,0.391,18,11,231.06,Thursday,Fall,False
2022-11-03,PROP004,0.65,10,19,252.99,Thursday,Fall,False
2022-11-03,PROP005,0.461,16,13,253.26,Thursday,Fall,False
2022-11-03,PROP006,0.644,10,19,230.97,Thursday,Fall,False
2022-11-03,PROP007,0.543,13,16,240.63,Thursday,Fall,False
2022-11-03,PROP008,0.616,11,18,264.78,Thursday,Fall,False
2022-11-03,PROP009,0.471,15,14,246.69,Thursday,Fall,False
2022-11-03,PROP010,0.506,14,15,237.39,Thursday,Fall,False
2022-11-04,PROP001,0.488,15,14,238.8,Friday,Fall,False
2022-11-04,PROP002,0.452,16,13,246.09,Friday,Fall,False
2022-11-04,PROP003,0.379,18,11,231.06,Friday,Fall,False
2022-11-04,PROP004,0.586,12,17,252.99,Friday,Fall,False
2022-11-04,PROP005,0.554,13,16,253.26,Friday,Fall,False
2022-11-04,PROP006,0.531,14,15,230.97,Friday,Fall,False
2022-11-04,PROP007,0.553,13,16,240.63,Friday,Fall,False
2022-11-04,PROP008,0.69,9,20,264.78,Friday,Fall,False
2022-11-04,PROP009,0.547,13,16,246.69,Friday,Fall,False
2022-11-04,PROP010,0.688,9,20,237.39,Friday,Fall,False
2022-11-05,PROP001,0.497,15,14,238.8,Saturday,Fall,True
2022-11-05,PROP002,0.606,11,18,246.09,Saturday,Fall,True
2022-11-05,PROP003,0.684,9,20,231.06,Saturday,Fall,True
2022-11-05,PROP004,0.676,9,20,252.99,Saturday,Fall,True
2022-11-05,PROP005,0.459,16,13,253.26,Saturday,Fall,True
2022-11-05,PROP006,0.549,13,16,230.97,Saturday,Fall,True
2022-11-05,PROP007,0.569,12,17,240.63,Saturday,Fall,True
2022-11-05,PROP008,0.552,13,16,264.78,Saturday,Fall,True
2022-11-05,PROP009,0.521,14,15,246.69,Saturday,Fall,True
2022-11-05,PROP010,0.614,11,18,237.39,Saturday,Fall,True
2022-11-06,PROP001,0.63,11,18,238.8,Sunday,Fall,True
2022-11-06,PROP002,0.619,11,18,246.09,Sunday,Fall,True
2022-11-06,PROP003,0.476,15,14,231.06,Sunday,Fall,True
2022-11-06,PROP004,0.638,10,19,252.99,Sunday,Fall,True
2022-11-06,PROP005,0.539,13,16,253.26,Sunday,Fall,True
2022-11-06,PROP006,0.619,11,18,230.97,Sunday,Fall,True
2022-11-06,PROP007,0.597,12,17,240.63,Sunday,Fall,True
2022-11-06,PROP008,0.646,10,19,264.78,Sunday,Fall,True
2022-11-06,PROP009,0.44,16,13,246.69,Sunday,Fall,True
2022-11-06,PROP010,0.308,20,9,237.39,Sunday,Fall,True
2022-11-07,PROP001,0.503,14,15,238.8,Monday,Fall,False
2022-11-07,PROP002,0.537,13,16,246.09,Monday,Fall,False
2022-11-07,PROP003,0.418,17,12,231.06,Monday,Fall,False
2022-11-07,PROP004,0.402,17,12,252.99,Monday,Fall,False
2022-11-07,PROP005,0.54,13,16,253.26,Monday,Fall,False
2022-11-07,PROP006,0.449,16,13,230.97,Monday,Fall,False
2022-11-07,PROP007,0.46,16,13,240.63,Monday,Fall,False
2022-11-07,PROP008,0.534,13,16,264.78,Monday,Fall,False
2022-11-07,PROP009,0.555,13,16,246.69,Monday,Fall,False
2022-11-07,PROP010,0.353,19,10,237.39,Monday,Fall,False
2022-11-08,PROP001,0.412,17,12,238.8,Tuesday,Fall,False
2022-11-08,PROP002,0.554,13,16,246.09,Tuesday,Fall,False
2022-11-08,PROP003,0.535,13,16,231.06,Tuesday,Fall,False
2022-11-08,PROP004,0.527,14,15,252.99,Tuesday,Fall,False
2022-11-08,PROP005,0.38,18,11,253.26,Tuesday,Fall,False
2022-11-08,PROP006,0.551,13,16,230.97,Tuesday,Fall,False
2022-11-08,PROP007,0.265,22,7,240.63,Tuesday,Fall,False
2022-11-08,PROP008,0.468,15,14,264.78,Tuesday,Fall,False
2022-11-08,PROP009,0.44,16,13,246.69,Tuesday,Fall,False
2022-11-08,PROP010,0.496,15,14,237.39,Tuesday,Fall,False
2022-11-09,PROP001,0.476,15,14,238.8,Wednesday,Fall,False
2022-11-09,PROP002,0.555,13,16,246.09,Wednesday,Fall,False
2022-11-09,PROP003,0.317,20,9,231.06,Wednesday,Fall,False
2022-11-09,PROP004,0.487,15,14,252.99,Wednesday,Fall,False
2022-11-09,PROP005,0.64,10,19,253.26,Wednesday,Fall,False
2022-11-09,PROP006,0.593,12,17,230.97,Wednesday,Fall,False
2022-11-09,PROP007,0.309,20,9,240.63,Wednesday,Fall,False
2022-11-09,PROP008,0.218,23,6,264.78,Wednesday,Fall,False
2022-11-09,PROP009,0.507,14,15,246.69,Wednesday,Fall,False
2022-11-09,PROP010,0.648,10,19,237.39,Wednesday,Fall,False
2022-11-10,PROP001,0.661,10,19,238.8,Thursday,Fall,False
2022-11-10,PROP002,0.615,11,18,246.09,Thursday,Fall,False
2022-11-10,PROP003,0.589,12,17,231.06,Thursday,Fall,False
2022-11-10,PROP004,0.455,16,13,252.99,Thursday,Fall,False
2022-11-10,PROP005,0.445,16,13,253.26,Thursday,Fall,False
2022-11-10,PROP006,0.535,13,16,230.97,Thursday,Fall,False
2022-11-10,PROP007,0.584,12,17,240.63,Thursday,Fall,False
2022-11-10,PROP008,0.398,18,11,264.78,Thursday,Fall,False
2022-11-10,PROP009,0.402,17,12,246.69,Thursday,Fall,False
2022-11-10,PROP010,0.362,19,10,237.39,Thursday,Fall,False
2022-11-11,PROP001,0.527,14,15,238.8,Friday,Fall,False
2022-11-11,PROP002,0.548,13,16,246.09,Friday,Fall,False
2022-11-11,PROP003,0.534,13,16,231.06,Friday,Fall,False
2022-11-11,PROP004,0.393,18,11,252.99,Friday,Fall,False
2022-11-11,PROP005,0.652,10,19,253.26,Friday,Fall,False
2022-11-11,PROP006,0.556,13,16,230.97,Friday,Fall,False
2022-11-11,PROP007,0.477,15,14,240.63,Friday,Fall,False
2022-11-11,PROP008,0.419,17,12,264.78,Friday,Fall,False
2022-11-11,PROP009,0.715,8,21,246.69,Friday,Fall,False
2022-11-11,PROP010,0.602,11,18,237.39,Friday,Fall,False
2022-11-12,PROP001,0.237,22,7,238.8,Saturday,Fall,True
2022-11-12,PROP002,0.672,9,20,246.09,Saturday,Fall,True
2022-11-12,PROP003,0.509,14,15,231.06,Saturday,Fall,True
2022-11-12,PROP004,0.64,10,19,252.99,Saturday,Fall,True
2022-11-12,PROP005,0.587,12,17,253.26,Saturday,Fall,True
2022-11-12,PROP006,0.471,15,14,230.97,Saturday,Fall,True
2022-11-12,PROP007,0.601,11,18,240.63,Saturday,Fall,True
2022-11-12,PROP008,0.645,10,19,264.78,Saturday,Fall,True
2022-11-12,PROP009,0.441,16,13,246.69,Saturday,Fall,True
2022-11-12,PROP010,0.62,11,18,237.39,Saturday,Fall,True
2022-11-13,PROP001,0.594,12,17,238.8,Sunday,Fall,True
2022-11-13,PROP002,0.721,8,21,246.09,Sunday,Fall,True
2022-11-13,PROP003,0.468,15,14,231.06,Sunday,Fall,True
2022-11-13,PROP004,0.488,15,14,252.99,Sunday,Fall,True
2022-11-13,PROP005,0.461,16,13,253.26,Sunday,Fall,True
2022-11-13,PROP006,0.61,11,18,230.97,Sunday,Fall,True
2022-11-13,PROP007,0.656,10,19,240.63,Sunday,Fall,True
2022-11-13,PROP008,0.651,10,19,264.78,Sunday,Fall,True
2022-11-13,PROP009,0.594,12,17,246.69,Sunday,Fall,True
2022-11-13,PROP010,0.55,13,16,237.39,Sunday,Fall,True
2022-11-14,PROP001,0.474,15,14,238.8,Monday,Fall,False
2022-11-14,PROP002,0.621,11,18,246.09,Monday,Fall,False
2022-11-14,PROP003,0.294,21,8,231.06,Monday,Fall,False
2022-11-14,PROP004,0.36,19,10,252.99,Monday,Fall,False
2022-11-14,PROP005,0.567,12,17,253.26,Monday,Fall,False
2022-11-14,PROP006,0.598,12,17,230.97,Monday,Fall,False
2022-11-14,PROP007,0.546,13,16,240.63,Monday,Fall,False
2022-11-14,PROP008,0.496,15,14,264.78,Monday,Fall,False
2022-11-14,PROP009,0.594,12,17,246.69,Monday,Fall,False
2022-11-14,PROP010,0.464,16,13,237.39,Monday,Fall,False
2022-11-15,PROP001,0.417,17,12,238.8,Tuesday,Fall,False
2022-11-15,PROP002,0.468,15,14,246.09,Tuesday,Fall,False
2022-11-15,PROP003,0.517,14,15,231.06,Tuesday,Fall,False
2022-11-15,PROP004,0.342,19,10,252.99,Tuesday,Fall,False
2022-11-15,PROP005,0.237,22,7,253.26,Tuesday,Fall,False
2022-11-15,PROP006,0.419,17,12,230.97,Tuesday,Fall,False
2022-11-15,PROP007,0.442,16,13,240.63,Tuesday,Fall,False
2022-11-15,PROP008,0.566,13,16,264.78,Tuesday,Fall,False
2022-11-15,PROP009,0.377,18,11,246.69,Tuesday,Fall,False
2022-11-15,PROP010,0.358,19,10,237.39,Tuesday,Fall,False
2022-11-16,PROP001,0.526,14,15,238.8,Wednesday,Fall,False
2022-11-16,PROP002,0.319,20,9,246.09,Wednesday,Fall,False
2022-11-16,PROP003,0.494,15,14,231.06,Wednesday,Fall,False
2022-11-16,PROP004,0.571,12,17,252.99,Wednesday,Fall,False
2022-11-16,PROP005,0.557,13,16,253.26,Wednesday,Fall,False
2022-11-16,PROP006,0.482,15,14,230.97,Wednesday,Fall,False
2022-11-16,PROP007,0.375,18,11,240.63,Wednesday,Fall,False
2022-11-16,PROP008,0.508,14,15,264.78,Wednesday,Fall,False
2022-11-16,PROP009,0.274,21,8,246.69,Wednesday,Fall,False
2022-11-16,PROP010,0.313,20,9,237.39,Wednesday,Fall,False
2022-11-17,PROP001,0.486,15,14,238.8,Thursday,Fall,False
2022-11-17,PROP002,0.363,19,10,246.09,Thursday,Fall,False
2022-11-17,PROP003,0.394,18,11,231.06,Thursday,Fall,False
2022-11-17,PROP004,0.495,15,14,252.99,Thursday,Fall,False
2022-11-17,PROP005,0.664,10,19,253.26,Thursday,Fall,False
2022-11-17,PROP006,0.591,12,17,230.97,Thursday,Fall,False
2022-11-17,PROP007,0.623,11,18,240.63,Thursday,Fall,False
2022-11-17,PROP008,0.333,19,10,264.78,Thursday,Fall,False
2022-11-17,PROP009,0.643,10,19,246.69,Thursday,Fall,False
2022-11-17,PROP010,0.34,19,10,237.39,Thursday,Fall,False
2022-11-18,PROP001,0.431,17,12,238.8,Friday,Fall,False
2022-11-18,PROP002,0.555,13,16,246.09,Friday,Fall,False
2022-11-18,PROP003,0.728,8,21,231.06,Friday,Fall,False
2022-11-18,PROP004,0.349,19,10,252.99,Friday,Fall,False
2022-11-18,PROP005,0.513,14,15,253.26,Friday,Fall,False
2022-11-18,PROP006,0.622,11,18,230.97,Friday,Fall,False
2022-11-18,PROP007,0.559,13,16,240.63,Friday,Fall,False
2022-11-18,PROP008,0.511,14,15,264.78,Friday,Fall,False
2022-11-18,PROP009,0.604,11,18,246.69,Friday,Fall,False
2022-11-18,PROP010,0.705,8,21,237.39,Friday,Fall,False
2022-11-19,PROP001,0.518,14,15,238.8,Saturday,Fall,True
2022-11-19,PROP002,0.781,6,23,246.09,Saturday,Fall,True
2022-11-19,PROP003,0.669,9,20,231.06,Saturday,Fall,True
2022-11-19,PROP004,0.543,13,16,252.99,Saturday,Fall,True
2022-11-19,PROP005,0.585,12,17,253.26,Saturday,Fall,True
2022-11-19,PROP006,0.458,16,13,230.97,Saturday,Fall,True
2022-11-19,PROP007,0.434,16,13,240.63,Saturday,Fall,True
2022-11-19,PROP008,0.466,16,13,264.78,Saturday,Fall,True
2022-11-19,PROP009,0.468,15,14,246.69,Saturday,Fall,True
2022-11-19,PROP010,0.675,9,20,237.39,Saturday,Fall,True
2022-11-20,PROP001,0.627,11,18,238.8,Sunday,Fall,True
2022-11-20,PROP002,0.6,12,17,246.09,Sunday,Fall,True
2022-11-20,PROP003,0.539,13,16,231.06,Sunday,Fall,True
2022-11-20,PROP004,0.407,17,12,252.99,Sunday,Fall,True
2022-11-20,PROP005,0.491,15,14,253.26,Sunday,Fall,True
2022-11-20,PROP006,0.7,8,21,230.97,Sunday,Fall,True
2022-11-20,PROP007,0.791,6,23,240.63,Sunday,Fall,True
2022-11-20,PROP008,0.511,14,15,264.78,Sunday,Fall,True
2022-11-20,PROP009,0.562,13,16,246.69,Sunday,Fall,True
2022-11-20,PROP010,0.617,11,18,237.39,Sunday,Fall,True
2022-11-21,PROP001,0.424,17,12,238.8,Monday,Fall,False
2022-11-21,PROP002,0.38,18,11,246.09,Monday,Fall,False
2022-11-21,PROP003,0.402,17,12,231.06,Monday,Fall,False
2022-11-21,PROP004,0.482,15,14,252.99,Monday,Fall,False
2022-11-21,PROP005,0.328,20,9,253.26,Monday,Fall,False
2022-11-21,PROP006,0.519,14,15,230.97,Monday,Fall,False
2022-11-21,PROP007,0.381,18,11,240.63,Monday,Fall,False
2022-11-21,PROP008,0.622,11,18,264.78,Monday,Fall,False
2022-11-21,PROP009,0.496,15,14,246.69,Monday,Fall,False
2022-11-21,PROP010,0.396,18,11,237.39,Monday,Fall,False
2022-11-22,PROP001,0.591,12,17,238.8,Tuesday,Fall,False
2022-11-22,PROP002,0.443,16,13,246.09,Tuesday,Fall,False
2022-11-22,PROP003,0.572,12,17,231.06,Tuesday,Fall,False
2022-11-22,PROP004,0.479,15,14,252.99,Tuesday,Fall,False
2022-11-22,PROP005,0.55,13,16,253.26,Tuesday,Fall,False
2022-11-22,PROP006,0.498,15,14,230.97,Tuesday,Fall,False
2022-11-22,PROP007,0.36,19,10,240.63,Tuesday,Fall,False
2022-11-22,PROP008,0.501,14,15,264.78,Tuesday,Fall,False
2022-11-22,PROP009,0.558,13,16,246.69,Tuesday,Fall,False
2022-11-22,PROP010,0.53,14,15,237.39,Tuesday,Fall,False
2022-11-23,PROP001,0.499,15,14,238.8,Wednesday,Fall,False
2022-11-23,PROP002,0.439,16,13,246.09,Wednesday,Fall,False
2022-11-23,PROP003,0.438,16,13,231.06,Wednesday,Fall,False
2022-11-23,PROP004,0.325,20,9,252.99,Wednesday,Fall,False
2022-11-23,PROP005,0.344,19,10,253.26,Wednesday,Fall,False
2022-11-23,PROP006,0.563,13,16,230.97,Wednesday,Fall,False
2022-11-23,PROP007,0.418,17,12,240.63,Wednesday,Fall,False
2022-11-23,PROP008,0.425,17,12,264.78,Wednesday,Fall,False
2022-11-23,PROP009,0.475,15,14,246.69,Wednesday,Fall,False
2022-11-23,PROP010,0.507,14,15,237.39,Wednesday,Fall,False
2022-11-24,PROP001,0.288,21,8,238.8,Thursday,Fall,False
2022-11-24,PROP002,0.176,24,5,246.09,Thursday,Fall,False
2022-11-24,PROP003,0.536,13,16,231.06,Thursday,Fall,False
2022-11-24,PROP004,0.374,18,11,252.99,Thursday,Fall,False
2022-11-24,PROP005,0.503,14,15,253.26,Thursday,Fall,False
2022-11-24,PROP006,0.477,15,14,230.97,Thursday,Fall,False
2022-11-24,PROP007,0.49,15,14,240.63,Thursday,Fall,False
2022-11-24,PROP008,0.323,20,9,264.78,Thursday,Fall,False
2022-11-24,PROP009,0.398,18,11,246.69,Thursday,Fall,False
2022-11-24,PROP010,0.52,14,15,237.39,Thursday,Fall,False
2022-11-25,PROP001,0.353,19,10,238.8,Friday,Fall,False
2022-11-25,PROP002,0.536,13,16,246.09,Friday,Fall,False
2022-11-25,PROP003,0.562,13,16,231.06,Friday,Fall,False
2022-11-25,PROP004,0.599,12,17,252.99,Friday,Fall,False
2022-11-25,PROP005,0.509,14,15,253.26,Friday,Fall,False
2022-11-25,PROP006,0.702,8,21,230.97,Friday,Fall,False
2022-11-25,PROP007,0.549,13,16,240.63,Friday,Fall,False
2022-11-25,PROP008,0.433,17,12,264.78,Friday,Fall,False
2022-11-25,PROP009,0.387,18,11,246.69,Friday,Fall,False
2022-11-25,PROP010,0.636,10,19,237.39,Friday,Fall,False
2022-11-26,PROP001,0.474,15,14,238.8,Saturday,Fall,True
2022-11-26,PROP002,0.441,16,13,246.09,Saturday,Fall,True
2022-11-26,PROP003,0.325,20,9,231.06,Saturday,Fall,True
2022-11-26,PROP004,0.472,15,14,252.99,Saturday,Fall,True
2022-11-26,PROP005,0.414,17,12,253.26,Saturday,Fall,True
2022-11-26,PROP006,0.525,14,15,230.97,Saturday,Fall,True
2022-11-26,PROP007,0.713,8,21,240.63,Saturday,Fall,True
2022-11-26,PROP008,0.606,11,18,264.78,Saturday,Fall,True
2022-11-26,PROP009,0.7,8,21,246.69,Saturday,Fall,True
2022-11-26,PROP010,0.614,11,18,237.39,Saturday,Fall,True
2022-11-27,PROP001,0.517,14,15,238.8,Sunday,Fall,True
2022-11-27,PROP002,0.606,11,18,246.09,Sunday,Fall,True
2022-11-27,PROP003,0.66,10,19,231.06,Sunday,Fall,True
2022-11-27,PROP004,0.691,9,20,252.99,Sunday,Fall,True
2022-11-27,PROP005,0.578,12,17,253.26,Sunday,Fall,True
2022-11-27,PROP006,0.505,14,15,230.97,Sunday,Fall,True
2022-11-27,PROP007,0.457,16,13,240.63,Sunday,Fall,True
2022-11-27,PROP008,0.673,9,20,264.78,Sunday,Fall,True
2022-11-27,PROP009,0.528,14,15,246.69,Sunday,Fall,True
2022-11-27,PROP010,0.426,17,12,237.39,Sunday,Fall,True
2022-11-28,PROP001,0.48,15,14,238.8,Monday,Fall,False
2022-11-28,PROP002,0.444,16,13,246.09,Monday,Fall,False
2022-11-28,PROP003,0.613,11,18,231.06,Monday,Fall,False
2022-11-28,PROP004,0.498,15,14,252.99,Monday,Fall,False
2022-11-28,PROP005,0.277,21,8,253.26,Monday,Fall,False
2022-11-28,PROP006,0.495,15,14,230.97,Monday,Fall,False
2022-11-28,PROP007,0.39,18,11,240.63,Monday,Fall,False
2022-11-28,PROP008,0.505,14,15,264.78,Monday,Fall,False
2022-11-28,PROP009,0.444,16,13,246.69,Monday,Fall,False
2022-11-28,PROP010,0.636,10,19,237.39,Monday,Fall,False
2022-11-29,PROP001,0.494,15,14,238.8,Tuesday,Fall,False
2022-11-29,PROP002,0.543,13,16,246.09,Tuesday,Fall,False
2022-11-29,PROP003,0.543,13,16,231.06,Tuesday,Fall,False
2022-11-29,PROP004,0.541,13,16,252.99,Tuesday,Fall,False
2022-11-29,PROP005,0.489,15,14,253.26,Tuesday,Fall,False
2022-11-29,PROP006,0.442,16,13,230.97,Tuesday,Fall,False
2022-11-29,PROP007,0.482,15,14,240.63,Tuesday,Fall,False
2022-11-29,PROP008,0.583,12,17,264.78,Tuesday,Fall,False
2022-11-29,PROP009,0.511,14,15,246.69,Tuesday,Fall,False
2022-11-29,PROP010,0.369,18,11,237.39,Tuesday,Fall,False
2022-11-30,PROP001,0.619,11,18,238.8,Wednesday,Fall,False
2022-11-30,PROP002,0.558,13,16,246.09,Wednesday,Fall,False
2022-11-30,PROP003,0.442,16,13,231.06,Wednesday,Fall,False
2022-11-30,PROP004,0.474,15,14,252.99,Wednesday,Fall,False
2022-11-30,PROP005,0.415,17,12,253.26,Wednesday,Fall,False
2022-11-30,PROP006,0.561,13,16,230.97,Wednesday,Fall,False
2022-11-30,PROP007,0.571,12,17,240.63,Wednesday,Fall,False
2022-11-30,PROP008,0.418,17,12,264.78,Wednesday,Fall,False
2022-11-30,PROP009,0.335,19,10,246.69,Wednesday,Fall,False
2022-11-30,PROP010,0.619,11,18,237.39,Wednesday,Fall,False
2022-12-01,PROP001,0.497,15,14,238.8,Thursday,Winter,False
2022-12-01,PROP002,0.576,12,17,246.09,Thursday,Winter,False
2022-12-01,PROP003,0.357,19,10,231.06,Thursday,Winter,False
2022-12-01,PROP004,0.407,17,12,252.99,Thursday,Winter,False
2022-12-01,PROP005,0.536,13,16,253.26,Thursday,Winter,False
2022-12-01,PROP006,0.583,12,17,230.97,Thursday,Winter,False
2022-12-01,PROP007,0.584,12,17,240.63,Thursday,Winter,False
2022-12-01,PROP008,0.555,13,16,264.78,Thursday,Winter,False
2022-12-01,PROP009,0.625,11,18,246.69,Thursday,Winter,False
2022-12-01,PROP010,0.646,10,19,237.39,Thursday,Winter,False
2022-12-02,PROP001,0.662,10,19,238.8,Friday,Winter,False
2022-12-02,PROP002,0.679,9,20,246.09,Friday,Winter,False
2022-12-02,PROP003,0.597,12,17,231.06,Friday,Winter,False
2022-12-02,PROP004,0.344,19,10,252.99,Friday,Winter,False
2022-12-02,PROP005,0.396,18,11,253.26,Friday,Winter,False
2022-12-02,PROP006,0.508,14,15,230.97,Friday,Winter,False
2022-12-02,PROP007,0.6,11,18,240.63,Friday,Winter,False
2022-12-02,PROP008,0.476,15,14,264.78,Friday,Winter,False
2022-12-02,PROP009,0.693,9,20,246.69,Friday,Winter,False
2022-12-02,PROP010,0.488,15,14,237.39,Friday,Winter,False
2022-12-03,PROP001,0.432,17,12,238.8,Saturday,Winter,True
2022-12-03,PROP002,0.587,12,17,246.09,Saturday,Winter,True
2022-12-03,PROP003,0.448,16,13,231.06,Saturday,Winter,True
2022-12-03,PROP004,0.581,12,17,252.99,Saturday,Winter,True
2022-12-03,PROP005,0.58,12,17,253.26,Saturday,Winter,True
2022-12-03,PROP006,0.597,12,17,230.97,Saturday,Winter,True
2022-12-03,PROP007,0.702,8,21,240.63,Saturday,Winter,True
2022-12-03,PROP008,0.505,14,15,264.78,Saturday,Winter,True
2022-12-03,PROP009,0.614,11,18,246.69,Saturday,Winter,True
2022-12-03,PROP010,0.689,9,20,237.39,Saturday,Winter,True
2022-12-04,PROP001,0.674,9,20,238.8,Sunday,Winter,True
2022-12-04,PROP002,0.731,8,21,246.09,Sunday,Winter,True
2022-12-04,PROP003,0.415,17,12,231.06,Sunday,Winter,True
2022-12-04,PROP004,0.655,10,19,252.99,Sunday,Winter,True
2022-12-04,PROP005,0.687,9,20,253.26,Sunday,Winter,True
2022-12-04,PROP006,0.627,11,18,230.97,Sunday,Winter,True
2022-12-04,PROP007,0.525,14,15,240.63,Sunday,Winter,True
2022-12-04,PROP008,0.714,8,21,264.78,Sunday,Winter,True
2022-12-04,PROP009,0.57,12,17,246.69,Sunday,Winter,True
2022-12-04,PROP010,0.367,18,11,237.39,Sunday,Winter,True
2022-12-05,PROP001,0.625,11,18,238.8,Monday,Winter,False
2022-12-05,PROP002,0.492,15,14,246.09,Monday,Winter,False
2022-12-05,PROP003,0.33,20,9,231.06,Monday,Winter,False
2022-12-05,PROP004,0.484,15,14,252.99,Monday,Winter,False
2022-12-05,PROP005,0.394,18,11,253.26,Monday,Winter,False
2022-12-05,PROP006,0.362,19,10,230.97,Monday,Winter,False
2022-12-05,PROP007,0.579,12,17,240.63,Monday,Winter,False
2022-12-05,PROP008,0.504,14,15,264.78,Monday,Winter,False
2022-12-05,PROP009,0.433,17,12,246.69,Monday,Winter,False
2022-12-05,PROP010,0.464,16,13,237.39,Monday,Winter,False
2022-12-06,PROP001,0.34,19,10,238.8,Tuesday,Winter,False
2022-12-06,PROP002,0.488,15,14,246.09,Tuesday,Winter,False
2022-12-06,PROP003,0.583,12,17,231.06,Tuesday,Winter,False
2022-12-06,PROP004,0.541,13,16,252.99,Tuesday,Winter,False
2022-12-06,PROP005,0.398,18,11,253.26,Tuesday,Winter,False
2022-12-06,PROP006,0.609,11,18,230.97,Tuesday,Winter,False
2022-12-06,PROP007,0.527,14,15,240.63,Tuesday,Winter,False
2022-12-06,PROP008,0.346,19,10,264.78,Tuesday,Winter,False
2022-12-06,PROP009,0.506,14,15,246.69,Tuesday,Winter,False
2022-12-06,PROP010,0.479,15,14,237.39,Tuesday,Winter,False
2022-12-07,PROP001,0.489,15,14,238.8,Wednesday,Winter,False
2022-12-07,PROP002,0.518,14,15,246.09,Wednesday,Winter,False
2022-12-07,PROP003,0.559,13,16,231.06,Wednesday,Winter,False
2022-12-07,PROP004,0.673,9,20,252.99,Wednesday,Winter,False
2022-12-07,PROP005,0.537,13,16,253.26,Wednesday,Winter,False
2022-12-07,PROP006,0.536,13,16,230.97,Wednesday,Winter,False
2022-12-07,PROP007,0.315,20,9,240.63,Wednesday,Winter,False
2022-12-07,PROP008,0.491,15,14,264.78,Wednesday,Winter,False
2022-12-07,PROP009,0.596,12,17,246.69,Wednesday,Winter,False
2022-12-07,PROP010,0.521,14,15,237.39,Wednesday,Winter,False
2022-12-08,PROP001,0.575,12,17,238.8,Thursday,Winter,False
2022-12-08,PROP002,0.645,10,19,246.09,Thursday,Winter,False
2022-12-08,PROP003,0.596,12,17,231.06,Thursday,Winter,False
2022-12-08,PROP004,0.414,17,12,252.99,Thursday,Winter,False
2022-12-08,PROP005,0.561,13,16,253.26,Thursday,Winter,False
2022-12-08,PROP006,0.46,16,13,230.97,Thursday,Winter,False
2022-12-08,PROP007,0.511,14,15,240.63,Thursday,Winter,False
2022-12-08,PROP008,0.519,14,15,264.78,Thursday,Winter,False
2022-12-08,PROP009,0.386,18,11,246.69,Thursday,Winter,False
2022-12-08,PROP010,0.467,15,14,237.39,Thursday,Winter,False
2022-12-09,PROP001,0.291,21,8,238.8,Friday,Winter,False
2022-12-09,PROP002,0.695,9,20,246.09,Friday,Winter,False
2022-12-09,PROP003,0.77,6,23,231.06,Friday,Winter,False
2022-12-09,PROP004,0.582,12,17,252.99,Friday,Winter,False
2022-12-09,PROP005,0.513,14,15,253.26,Friday,Winter,False
2022-12-09,PROP006,0.279,21,8,230.97,Friday,Winter,False
2022-12-09,PROP007,0.419,17,12,240.63,Friday,Winter,False
2022-12-09,PROP008,0.601,11,18,264.78,Friday,Winter,False
2022-12-09,PROP009,0.613,11,18,246.69,Friday,Winter,False
2022-12-09,PROP010,0.481,15,14,237.39,Friday,Winter,False
2022-12-10,PROP001,0.597,12,17,238.8,Saturday,Winter,True
2022-12-10,PROP002,0.772,6,23,246.09,Saturday,Winter,True
2022-12-10,PROP003,0.579,12,17,231.06,Saturday,Winter,True
2022-12-10,PROP004,0.515,14,15,252.99,Saturday,Winter,True
2022-12-10,PROP005,0.511,14,15,253.26,Saturday,Winter,True
2022-12-10,PROP006,0.57,12,17,230.97,Saturday,Winter,True
2022-12-10,PROP007,0.656,10,19,240.63,Saturday,Winter,True
2022-12-10,PROP008,0.493,15,14,264.78,Saturday,Winter,True
2022-12-10,PROP009,0.424,17,12,246.69,Saturday,Winter,True
2022-12-10,PROP010,0.572,12,17,237.39,Saturday,Winter,True
2022-12-11,PROP001,0.731,8,21,238.8,Sunday,Winter,True
2022-12-11,PROP002,0.651,10,19,246.09,Sunday,Winter,True
2022-12-11,PROP003,0.699,9,20,231.06,Sunday,Winter,True
2022-12-11,PROP004,0.547,13,16,252.99,Sunday,Winter,True
2022-12-11,PROP005,0.577,12,17,253.26,Sunday,Winter,True
2022-12-11,PROP006,0.561,13,16,230.97,Sunday,Winter,True
2022-12-11,PROP007,0.417,17,12,240.63,Sunday,Winter,True
2022-12-11,PROP008,0.607,11,18,264.78,Sunday,Winter,True
2022-12-11,PROP009,0.522,14,15,246.69,Sunday,Winter,True
2022-12-11,PROP010,0.533,14,15,237.39,Sunday,Winter,True
2022-12-12,PROP001,0.486,15,14,238.8,Monday,Winter,False
2022-12-12,PROP002,0.475,15,14,246.09,Monday,Winter,False
2022-12-12,PROP003,0.378,18,11,231.06,Monday,Winter,False
2022-12-12,PROP004,0.493,15,14,252.99,Monday,Winter,False
2022-12-12,PROP005,0.533,14,15,253.26,Monday,Winter,False
2022-12-12,PROP006,0.651,10,19,230.97,Monday,Winter,False
2022-12-12,PROP007,0.513,14,15,240.63,Monday,Winter,False
2022-12-12,PROP008,0.305,20,9,264.78,Monday,Winter,False
2022-12-12,PROP009,0.625,11,18,246.69,Monday,Winter,False
2022-12-12,PROP010,0.469,15,14,237.39,Monday,Winter,False
2022-12-13,PROP001,0.655,10,19,238.8,Tuesday,Winter,False
2022-12-13,PROP002,0.5,15,14,246.09,Tuesday,Winter,False
2022-12-13,PROP003,0.426,17,12,231.06,Tuesday,Winter,False
2022-12-13,PROP004,0.47,15,14,252.99,Tuesday,Winter,False
2022-12-13,PROP005,0.683,9,20,253.26,Tuesday,Winter,False
2022-12-13,PROP006,0.606,11,18,230.97,Tuesday,Winter,False
2022-12-13,PROP007,0.469,15,14,240.63,Tuesday,Winter,False
2022-12-13,PROP008,0.554,13,16,264.78,Tuesday,Winter,False
2022-12-13,PROP009,0.437,16,13,246.69,Tuesday,Winter,False
2022-12-13,PROP010,0.393,18,11,237.39,Tuesday,Winter,False
2022-12-14,PROP001,0.252,22,7,238.8,Wednesday,Winter,False
2022-12-14,PROP002,0.547,13,16,246.09,Wednesday,Winter,False
2022-12-14,PROP003,0.514,14,15,231.06,Wednesday,Winter,False
2022-12-14,PROP004,0.595,12,17,252.99,Wednesday,Winter,False
2022-12-14,PROP005,0.485,15,14,253.26,Wednesday,Winter,False
2022-12-14,PROP006,0.551,13,16,230.97,Wednesday,Winter,False
2022-12-14,PROP007,0.501,14,15,240.63,Wednesday,Winter,False
2022-12-14,PROP008,0.483,15,14,264.78,Wednesday,Winter,False
2022-12-14,PROP009,0.331,20,9,246.69,Wednesday,Winter,False
2022-12-14,PROP010,0.607,11,18,237.39,Wednesday,Winter,False
2022-12-15,PROP001,0.488,15,14,238.8,Thursday,Winter,False
2022-12-15,PROP002,0.621,11,18,246.09,Thursday,Winter,False
2022-12-15,PROP003,0.518,14,15,231.06,Thursday,Winter,False
2022-12-15,PROP004,0.579,12,17,252.99,Thursday,Winter,False
2022-12-15,PROP005,0.426,17,12,253.26,Thursday,Winter,False
2022-12-15,PROP006,0.48,15,14,230.97,Thursday,Winter,False
2022-12-15,PROP007,0.502,14,15,240.63,Thursday,Winter,False
2022-12-15,PROP008,0.48,15,14,264.78,Thursday,Winter,False
2022-12-15,PROP009,0.471,15,14,246.69,Thursday,Winter,False
2022-12-15,PROP010,0.666,10,19,237.39,Thursday,Winter,False
2022-12-16,PROP001,0.491,15,14,238.8,Friday,Winter,False
2022-12-16,PROP002,0.668,9,20,246.09,Friday,Winter,False
2022-12-16,PROP003,0.65,10,19,231.06,Friday,Winter,False
2022-12-16,PROP004,0.386,18,11,252.99,Friday,Winter,False
2022-12-16,PROP005,0.766,7,22,253.26,Friday,Winter,False
2022-12-16,PROP006,0.48,15,14,230.97,Friday,Winter,False
2022-12-16,PROP007,0.383,18,11,240.63,Friday,Winter,False
2022-12-16,PROP008,0.704,8,21,264.78,Friday,Winter,False
2022-12-16,PROP009,0.439,16,13,246.69,Friday,Winter,False
2022-12-16,PROP010,0.537,13,16,237.39,Friday,Winter,False
2022-12-17,PROP001,0.672,9,20,238.8,Saturday,Winter,True
2022-12-17,PROP002,0.516,14,15,246.09,Saturday,Winter,True
2022-12-17,PROP003,0.596,12,17,231.06,Saturday,Winter,True
2022-12-17,PROP004,0.649,10,19,252.99,Saturday,Winter,True
2022-12-17,PROP005,0.524,14,15,253.26,Saturday,Winter,True
2022-12-17,PROP006,0.598,12,17,230.97,Saturday,Winter,True
2022-12-17,PROP007,0.448,16,13,240.63,Saturday,Winter,True
2022-12-17,PROP008,0.718,8,21,264.78,Saturday,Winter,True
2022-12-17,PROP009,0.338,19,10,246.69,Saturday,Winter,True
2022-12-17,PROP010,0.444,16,13,237.39,Saturday,Winter,True
2022-12-18,PROP001,0.512,14,15,238.8,Sunday,Winter,True
2022-12-18,PROP002,0.496,15,14,246.09,Sunday,Winter,True
2022-12-18,PROP003,0.398,18,11,231.06,Sunday,Winter,True
2022-12-18,PROP004,0.515,14,15,252.99,Sunday,Winter,True
2022-12-18,PROP005,0.591,12,17,253.26,Sunday,Winter,True
2022-12-18,PROP006,0.781,6,23,230.97,Sunday,Winter,True
2022-12-18,PROP007,0.603,11,18,240.63,Sunday,Winter,True
2022-12-18,PROP008,0.55,13,16,264.78,Sunday,Winter,True
2022-12-18,PROP009,0.427,17,12,246.69,Sunday,Winter,True
2022-12-18,PROP010,0.664,10,19,237.39,Sunday,Winter,True
2022-12-19,PROP001,0.552,13,16,238.8,Monday,Winter,False
2022-12-19,PROP002,0.477,15,14,246.09,Monday,Winter,False
2022-12-19,PROP003,0.561,13,16,231.06,Monday,Winter,False
2022-12-19,PROP004,0.562,13,16,252.99,Monday,Winter,False
2022-12-19,PROP005,0.508,14,15,253.26,Monday,Winter,False
2022-12-19,PROP006,0.47,15,14,230.97,Monday,Winter,False
2022-12-19,PROP007,0.363,19,10,240.63,Monday,Winter,False
2022-12-19,PROP008,0.609,11,18,264.78,Monday,Winter,False
2022-12-19,PROP009,0.391,18,11,246.69,Monday,Winter,False
2022-12-19,PROP010,0.52,14,15,237.39,Monday,Winter,False
2022-12-20,PROP001,0.424,17,12,238.8,Tuesday,Winter,False
2022-12-20,PROP002,0.431,17,12,246.09,Tuesday,Winter,False
2022-12-20,PROP003,0.475,15,14,231.06,Tuesday,Winter,False
2022-12-20,PROP004,0.468,15,14,252.99,Tuesday,Winter,False
2022-12-20,PROP005,0.521,14,15,253.26,Tuesday,Winter,False
2022-12-20,PROP006,0.52,14,15,230.97,Tuesday,Winter,False
2022-12-20,PROP007,0.604,11,18,240.63,Tuesday,Winter,False
2022-12-20,PROP008,0.508,14,15,264.78,Tuesday,Winter,False
2022-12-20,PROP009,0.466,16,13,246.69,Tuesday,Winter,False
2022-12-20,PROP010,0.394,18,11,237.39,Tuesday,Winter,False
2022-12-21,PROP001,0.407,17,12,238.8,Wednesday,Winter,False
2022-12-21,PROP002,0.535,13,16,246.09,Wednesday,Winter,False
2022-12-21,PROP003,0.518,14,15,231.06,Wednesday,Winter,False
2022-12-21,PROP004,0.399,18,11,252.99,Wednesday,Winter,False
2022-12-21,PROP005,0.511,14,15,253.26,Wednesday,Winter,False
2022-12-21,PROP006,0.473,15,14,230.97,Wednesday,Winter,False
2022-12-21,PROP007,0.367,18,11,240.63,Wednesday,Winter,False
2022-12-21,PROP008,0.555,13,16,264.78,Wednesday,Winter,False
2022-12-21,PROP009,0.242,22,7,246.69,Wednesday,Winter,False
2022-12-21,PROP010,0.473,15,14,237.39,Wednesday,Winter,False
2022-12-22,PROP001,0.401,17,12,238.8,Thursday,Winter,False
2022-12-22,PROP002,0.332,20,9,246.09,Thursday,Winter,False
2022-12-22,PROP003,0.602,11,18,231.06,Thursday,Winter,False
2022-12-22,PROP004,0.642,10,19,252.99,Thursday,Winter,False
2022-12-22,PROP005,0.418,17,12,253.26,Thursday,Winter,False
2022-12-22,PROP006,0.546,13,16,230.97,Thursday,Winter,False
2022-12-22,PROP007,0.567,12,17,240.63,Thursday,Winter,False
2022-12-22,PROP008,0.492,15,14,264.78,Thursday,Winter,False
2022-12-22,PROP009,0.573,12,17,246.69,Thursday,Winter,False
2022-12-22,PROP010,0.509,14,15,237.39,Thursday,Winter,False
2022-12-23,PROP001,0.382,18,11,238.8,Friday,Winter,False
2022-12-23,PROP002,0.527,14,15,246.09,Friday,Winter,False
2022-12-23,PROP003,0.273,21,8,231.06,Friday,Winter,False
2022-12-23,PROP004,0.321,20,9,252.99,Friday,Winter,False
2022-12-23,PROP005,0.719,8,21,253.26,Friday,Winter,False
2022-12-23,PROP006,0.483,15,14,230.97,Friday,Winter,False
2022-12-23,PROP007,0.623,11,18,240.63,Friday,Winter,False
2022-12-23,PROP008,0.639,10,19,264.78,Friday,Winter,False
2022-12-23,PROP009,0.397,18,11,246.69,Friday,Winter,False
2022-12-23,PROP010,0.551,13,16,237.39,Friday,Winter,False
2022-12-24,PROP001,0.588,12,17,238.8,Saturday,Winter,True
2022-12-24,PROP002,0.588,12,17,246.09,Saturday,Winter,True
2022-12-24,PROP003,0.532,14,15,231.06,Saturday,Winter,True
2022-12-24,PROP004,0.575,12,17,252.99,Saturday,Winter,True
2022-12-24,PROP005,0.428,17,12,253.26,Saturday,Winter,True
2022-12-24,PROP006,0.433,17,12,230.97,Saturday,Winter,True
2022-12-24,PROP007,0.625,11,18,240.63,Saturday,Winter,True
2022-12-24,PROP008,0.473,15,14,264.78,Saturday,Winter,True
2022-12-24,PROP009,0.669,9,20,246.69,Saturday,Winter,True
2022-12-24,PROP010,0.541,13,16,237.39,Saturday,Winter,True
2022-12-25,PROP001,0.522,14,15,238.8,Sunday,Winter,True
2022-12-25,PROP002,0.584,12,17,246.09,Sunday,Winter,True
2022-12-25,PROP003,0.479,15,14,231.06,Sunday,Winter,True
2022-12-25,PROP004,0.622,11,18,252.99,Sunday,Winter,True
2022-12-25,PROP005,0.622,11,18,253.26,Sunday,Winter,True
2022-12-25,PROP006,0.65,10,19,230.97,Sunday,Winter,True
2022-12-25,PROP007,0.516,14,15,240.63,Sunday,Winter,True
2022-12-25,PROP008,0.683,9,20,264.78,Sunday,Winter,True
2022-12-25,PROP009,0.55,13,16,246.69,Sunday,Winter,True
2022-12-25,PROP010,0.442,16,13,237.39,Sunday,Winter,True
2022-12-26,PROP001,0.478,15,14,238.8,Monday,Winter,True
2022-12-26,PROP002,0.597,12,17,246.09,Monday,Winter,True
2022-12-26,PROP003,0.583,12,17,231.06,Monday,Winter,True
2022-12-26,PROP004,0.568,12,17,252.99,Monday,Winter,True
2022-12-26,PROP005,0.457,16,13,253.26,Monday,Winter,True
2022-12-26,PROP006,0.274,21,8,230.97,Monday,Winter,True
2022-12-26,PROP007,0.504,14,15,240.63,Monday,Winter,True
2022-12-26,PROP008,0.605,11,18,264.78,Monday,Winter,True
2022-12-26,PROP009,0.661,10,19,246.69,Monday,Winter,True
2022-12-26,PROP010,0.585,12,17,237.39,Monday,Winter,True
2022-12-27,PROP001,0.532,14,15,238.8,Tuesday,Winter,False
2022-12-27,PROP002,0.321,20,9,246.09,Tuesday,Winter,False
2022-12-27,PROP003,0.47,15,14,231.06,Tuesday,Winter,False
2022-12-27,PROP004,0.493,15,14,252.99,Tuesday,Winter,False
2022-12-27,PROP005,0.579,12,17,253.26,Tuesday,Winter,False
2022-12-27,PROP006,0.353,19,10,230.97,Tuesday,Winter,False
2022-12-27,PROP007,0.59,12,17,240.63,Tuesday,Winter,False
2022-12-27,PROP008,0.48,15,14,264.78,Tuesday,Winter,False
2022-12-27,PROP009,0.463,16,13,246.69,Tuesday,Winter,False
2022-12-27,PROP010,0.655,10,19,237.39,Tuesday,Winter,False
2022-12-28,PROP001,0.549,13,16,238.8,Wednesday,Winter,False
2022-12-28,PROP002,0.339,19,10,246.09,Wednesday,Winter,False
2022-12-28,PROP003,0.444,16,13,231.06,Wednesday,Winter,False
2022-12-28,PROP004,0.613,11,18,252.99,Wednesday,Winter,False
2022-12-28,PROP005,0.233,23,6,253.26,Wednesday,Winter,False
2022-12-28,PROP006,0.669,9,20,230.97,Wednesday,Winter,False
2022-12-28,PROP007,0.63,11,18,240.63,Wednesday,Winter,False
2022-12-28,PROP008,0.383,18,11,264.78,Wednesday,Winter,False
2022-12-28,PROP009,0.607,11,18,246.69,Wednesday,Winter,False
2022-12-28,PROP010,0.533,14,15,237.39,Wednesday,Winter,False
2022-12-29,PROP001,0.462,16,13,238.8,Thursday,Winter,False
2022-12-29,PROP002,0.502,14,15,246.09,Thursday,Winter,False
2022-12-29,PROP003,0.36,19,10,231.06,Thursday,Winter,False
2022-12-29,PROP004,0.523,14,15,252.99,Thursday,Winter,False
2022-12-29,PROP005,0.551,13,16,253.26,Thursday,Winter,False
2022-12-29,PROP006,0.527,14,15,230.97,Thursday,Winter,False
2022-12-29,PROP007,0.409,17,12,240.63,Thursday,Winter,False
2022-12-29,PROP008,0.437,16,13,264.78,Thursday,Winter,False
2022-12-29,PROP009,0.454,16,13,246.69,Thursday,Winter,False
2022-12-29,PROP010,0.551,13,16,237.39,Thursday,Winter,False
2022-12-30,PROP001,0.403,17,12,238.8,Friday,Winter,False
2022-12-30,PROP002,0.671,9,20,246.09,Friday,Winter,False
2022-12-30,PROP003,0.559,13,16,231.06,Friday,Winter,False
2022-12-30,PROP004,0.521,14,15,252.99,Friday,Winter,False
2022-12-30,PROP005,0.457,16,13,253.26,Friday,Winter,False
2022-12-30,PROP006,0.648,10,19,230.97,Friday,Winter,False
2022-12-30,PROP007,0.617,11,18,240.63,Friday,Winter,False
2022-12-30,PROP008,0.323,20,9,264.78,Friday,Winter,False
2022-12-30,PROP009,0.395,18,11,246.69,Friday,Winter,False
2022-12-30,PROP010,0.502,14,15,237.39,Friday,Winter,False
2022-12-31,PROP001,0.358,19,10,238.8,Saturday,Winter,True
2022-12-31,PROP002,0.56,13,16,246.09,Saturday,Winter,True
2022-12-31,PROP003,0.661,10,19,231.06,Saturday,Winter,True
2022-12-31,PROP004,0.46,16,13,252.99,Saturday,Winter,True
2022-12-31,PROP005,0.68,9,20,253.26,Saturday,Winter,True
2022-12-31,PROP006,0.537,13,16,230.97,Saturday,Winter,True
2022-12-31,PROP007,0.715,8,21,240.63,Saturday,Winter,True
2022-12-31,PROP008,0.696,9,20,264.78,Saturday,Winter,True
2022-12-31,PROP009,0.567,12,17,246.69,Saturday,Winter,True
2022-12-31,PROP010,0.663,10,19,237.39,Saturday,Winter,True
2023-01-01,PROP001,0.633,11,18,238.8,Sunday,Winter,True
2023-01-01,PROP002,0.575,12,17,246.09,Sunday,Winter,True
2023-01-01,PROP003,0.574,12,17,231.06,Sunday,Winter,True
2023-01-01,PROP004,0.625,11,18,252.99,Sunday,Winter,True
2023-01-01,PROP005,0.499,15,14,253.26,Sunday,Winter,True
2023-01-01,PROP006,0.305,20,9,230.97,Sunday,Winter,True
2023-01-01,PROP007,0.586,12,17,240.63,Sunday,Winter,True
2023-01-01,PROP008,0.584,12,17,264.78,Sunday,Winter,True
2023-01-01,PROP009,0.617,11,18,246.69,Sunday,Winter,True
2023-01-01,PROP010,0.318,20,9,237.39,Sunday,Winter,True
2023-01-02,PROP001,0.498,15,14,238.8,Monday,Winter,False
2023-01-02,PROP002,0.55,13,16,246.09,Monday,Winter,False
2023-01-02,PROP003,0.584,12,17,231.06,Monday,Winter,False
2023-01-02,PROP004,0.453,16,13,252.99,Monday,Winter,False
2023-01-02,PROP005,0.391,18,11,253.26,Monday,Winter,False
2023-01-02,PROP006,0.418,17,12,230.97,Monday,Winter,False
2023-01-02,PROP007,0.593,12,17,240.63,Monday,Winter,False
2023-01-02,PROP008,0.331,20,9,264.78,Monday,Winter,False
2023-01-02,PROP009,0.602,11,18,246.69,Monday,Winter,False
2023-01-02,PROP010,0.546,13,16,237.39,Monday,Winter,False
2023-01-03,PROP001,0.565,13,16,238.8,Tuesday,Winter,False
2023-01-03,PROP002,0.449,16,13,246.09,Tuesday,Winter,False
2023-01-03,PROP003,0.582,12,17,231.06,Tuesday,Winter,False
2023-01-03,PROP004,0.653,10,19,252.99,Tuesday,Winter,False
2023-01-03,PROP005,0.616,11,18,253.26,Tuesday,Winter,False
2023-01-03,PROP006,0.495,15,14,230.97,Tuesday,Winter,False
2023-01-03,PROP007,0.618,11,18,240.63,Tuesday,Winter,False
2023-01-03,PROP008,0.348,19,10,264.78,Tuesday,Winter,False
2023-01-03,PROP009,0.519,14,15,246.69,Tuesday,Winter,False
2023-01-03,PROP010,0.583,12,17,237.39,Tuesday,Winter,False
2023-01-04,PROP001,0.57,12,17,238.8,Wednesday,Winter,False
2023-01-04,PROP002,0.624,11,18,246.09,Wednesday,Winter,False
2023-01-04,PROP003,0.452,16,13,231.06,Wednesday,Winter,False
2023-01-04,PROP004,0.651,10,19,252.99,Wednesday,Winter,False
2023-01-04,PROP005,0.423,17,12,253.26,Wednesday,Winter,False
2023-01-04,PROP006,0.488,15,14,230.97,Wednesday,Winter,False
2023-01-04,PROP007,0.574,12,17,240.63,Wednesday,Winter,False
2023-01-04,PROP008,0.436,16,13,264.78,Wednesday,Winter,False
2023-01-04,PROP009,0.495,15,14,246.69,Wednesday,Winter,False
2023-01-04,PROP010,0.314,20,9,237.39,Wednesday,Winter,False
2023-01-05,PROP001,0.403,17,12,238.8,Thursday,Winter,False
2023-01-05,PROP002,0.378,18,11,246.09,Thursday,Winter,False
2023-01-05,PROP003,0.631,11,18,231.06,Thursday,Winter,False
2023-01-05,PROP004,0.414,17,12,252.99,Thursday,Winter,False
2023-01-05,PROP005,0.495,15,14,253.26,Thursday,Winter,False
2023-01-05,PROP006,0.548,13,16,230.97,Thursday,Winter,False
2023-01-05,PROP007,0.678,9,20,240.63,Thursday,Winter,False
2023-01-05,PROP008,0.387,18,11,264.78,Thursday,Winter,False
2023-01-05,PROP009,0.412,17,12,246.69,Thursday,Winter,False
2023-01-05,PROP010,0.209,23,6,237.39,Thursday,Winter,False
2023-01-06,PROP001,0.722,8,21,238.8,Friday,Winter,False
2023-01-06,PROP002,0.548,13,16,246.09,Friday,Winter,False
2023-01-06,PROP003,0.533,14,15,231.06,Friday,Winter,False
2023-01-06,PROP004,0.556,13,16,252.99,Friday,Winter,False
2023-01-06,PROP005,0.691,9,20,253.26,Friday,Winter,False
2023-01-06,PROP006,0.757,7,22,230.97,Friday,Winter,False
2023-01-06,PROP007,0.553,13,16,240.63,Friday,Winter,False
2023-01-06,PROP008,0.535,13,16,264.78,Friday,Winter,False
2023-01-06,PROP009,0.446,16,13,246.69,Friday,Winter,False
2023-01-06,PROP010,0.544,13,16,237.39,Friday,Winter,False
2023-01-07,PROP001,0.558,13,16,238.8,Saturday,Winter,True
2023-01-07,PROP002,0.727,8,21,246.09,Saturday,Winter,True
2023-01-07,PROP003,0.635,10,19,231.06,Saturday,Winter,True
2023-01-07,PROP004,0.544,13,16,252.99,Saturday,Winter,True
2023-01-07,PROP005,0.523,14,15,253.26,Saturday,Winter,True
2023-01-07,PROP006,0.687,9,20,230.97,Saturday,Winter,True
2023-01-07,PROP007,0.408,17,12,240.63,Saturday,Winter,True
2023-01-07,PROP008,0.561,13,16,264.78,Saturday,Winter,True
2023-01-07,PROP009,0.6,11,18,246.69,Saturday,Winter,True
2023-01-07,PROP010,0.538,13,16,237.39,Saturday,Winter,True
2023-01-08,PROP001,0.467,15,14,238.8,Sunday,Winter,True
2023-01-08,PROP002,0.719,8,21,246.09,Sunday,Winter,True
2023-01-08,PROP003,0.75,7,22,231.06,Sunday,Winter,True
2023-01-08,PROP004,0.589,12,17,252.99,Sunday,Winter,True
2023-01-08,PROP005,0.664,10,19,253.26,Sunday,Winter,True
2023-01-08,PROP006,0.506,14,15,230.97,Sunday,Winter,True
2023-01-08,PROP007,0.714,8,21,240.63,Sunday,Winter,True
2023-01-08,PROP008,0.475,15,14,264.78,Sunday,Winter,True
2023-01-08,PROP009,0.654,10,19,246.69,Sunday,Winter,True
2023-01-08,PROP010,0.561,13,16,237.39,Sunday,Winter,True
2023-01-09,PROP001,0.579,12,17,238.8,Monday,Winter,False
2023-01-09,PROP002,0.564,13,16,246.09,Monday,Winter,False
2023-01-09,PROP003,0.364,19,10,231.06,Monday,Winter,False
2023-01-09,PROP004,0.542,13,16,252.99,Monday,Winter,False
2023-01-09,PROP005,0.435,16,13,253.26,Monday,Winter,False
2023-01-09,PROP006,0.548,13,16,230.97,Monday,Winter,False
2023-01-09,PROP007,0.35,19,10,240.63,Monday,Winter,False
2023-01-09,PROP008,0.496,15,14,264.78,Monday,Winter,False
2023-01-09,PROP009,0.494,15,14,246.69,Monday,Winter,False
2023-01-09,PROP010,0.5,14,15,237.39,Monday,Winter,False
2023-01-10,PROP001,0.479,15,14,238.8,Tuesday,Winter,False
2023-01-10,PROP002,0.571,12,17,246.09,Tuesday,Winter,False
2023-01-10,PROP003,0.491,15,14,231.06,Tuesday,Winter,False
2023-01-10,PROP004,0.437,16,13,252.99,Tuesday,Winter,False
2023-01-10,PROP005,0.398,18,11,253.26,Tuesday,Winter,False
2023-01-10,PROP006,0.574,12,17,230.97,Tuesday,Winter,False
2023-01-10,PROP007,0.386,18,11,240.63,Tuesday,Winter,False
2023-01-10,PROP008,0.341,19,10,264.78,Tuesday,Winter,False
2023-01-10,PROP009,0.586,12,17,246.69,Tuesday,Winter,False
2023-01-10,PROP010,0.435,16,13,237.39,Tuesday,Winter,False
2023-01-11,PROP001,0.569,12,17,238.8,Wednesday,Winter,False
2023-01-11,PROP002,0.676,9,20,246.09,Wednesday,Winter,False
2023-01-11,PROP003,0.321,20,9,231.06,Wednesday,Winter,False
2023-01-11,PROP004,0.539,13,16,252.99,Wednesday,Winter,False
2023-01-11,PROP005,0.481,15,14,253.26,Wednesday,Winter,False
2023-01-11,PROP006,0.355,19,10,230.97,Wednesday,Winter,False
2023-01-11,PROP007,0.513,14,15,240.63,Wednesday,Winter,False
2023-01-11,PROP008,0.583,12,17,264.78,Wednesday,Winter,False
2023-01-11,PROP009,0.481,15,14,246.69,Wednesday,Winter,False
2023-01-11,PROP010,0.343,19,10,237.39,Wednesday,Winter,False
2023-01-12,PROP001,0.525,14,15,238.8,Thursday,Winter,False
2023-01-12,PROP002,0.46,16,13,246.09,Thursday,Winter,False
2023-01-12,PROP003,0.285,21,8,231.06,Thursday,Winter,False
2023-01-12,PROP004,0.327,20,9,252.99,Thursday,Winter,False
2023-01-12,PROP005,0.603,11,18,253.26,Thursday,Winter,False
2023-01-12,PROP006,0.376,18,11,230.97,Thursday,Winter,False
2023-01-12,PROP007,0.54,13,16,240.63,Thursday,Winter,False
2023-01-12,PROP008,0.419,17,12,264.78,Thursday,Winter,False
2023-01-12,PROP009,0.565,13,16,246.69,Thursday,Winter,False
2023-01-12,PROP010,0.478,15,14,237.39,Thursday,Winter,False
2023-01-13,PROP001,0.725,8,21,238.8,Friday,Winter,False
2023-01-13,PROP002,0.626,11,18,246.09,Friday,Winter,False
2023-01-13,PROP003,0.512,14,15,231.06,Friday,Winter,False
2023-01-13,PROP004,0.337,19,10,252.99,Friday,Winter,False
2023-01-13,PROP005,0.615,11,18,253.26,Friday,Winter,False
2023-01-13,PROP006,0.588,12,17,230.97,Friday,Winter,False
2023-01-13,PROP007,0.255,22,7,240.63,Friday,Winter,False
2023-01-13,PROP008,0.367,18,11,264.78,Friday,Winter,False
2023-01-13,PROP009,0.754,7,22,246.69,Friday,Winter,False
2023-01-13,PROP010,0.502,14,15,237.39,Friday,Winter,False
2023-01-14,PROP001,0.637,10,19,238.8,Saturday,Winter,True
2023-01-14,PROP002,0.515,14,15,246.09,Saturday,Winter,True
2023-01-14,PROP003,0.75,7,22,231.06,Saturday,Winter,True
2023-01-14,PROP004,0.719,8,21,252.99,Saturday,Winter,True
2023-01-14,PROP005,0.698,9,20,253.26,Saturday,Winter,True
2023-01-14,PROP006,0.55,13,16,230.97,Saturday,Winter,True
2023-01-14,PROP007,0.678,9,20,240.63,Saturday,Winter,True
2023-01-14,PROP008,0.448,16,13,264.78,Saturday,Winter,True
2023-01-14,PROP009,0.618,11,18,246.69,Saturday,Winter,True
2023-01-14,PROP010,0.588,12,17,237.39,Saturday,Winter,True
2023-01-15,PROP001,0.41,17,12,238.8,Sunday,Winter,True
2023-01-15,PROP002,0.742,7,22,246.09,Sunday,Winter,True
2023-01-15,PROP003,0.575,12,17,231.06,Sunday,Winter,True
2023-01-15,PROP004,0.563,13,16,252.99,Sunday,Winter,True
2023-01-15,PROP005,0.312,20,9,253.26,Sunday,Winter,True
2023-01-15,PROP006,0.46,16,13,230.97,Sunday,Winter,True
2023-01-15,PROP007,0.612,11,18,240.63,Sunday,Winter,True
2023-01-15,PROP008,0.501,14,15,264.78,Sunday,Winter,True
2023-01-15,PROP009,0.439,16,13,246.69,Sunday,Winter,True
2023-01-15,PROP010,0.515,14,15,237.39,Sunday,Winter,True
2023-01-16,PROP001,0.566,13,16,238.8,Monday,Winter,False
2023-01-16,PROP002,0.331,20,9,246.09,Monday,Winter,False
2023-01-16,PROP003,0.552,13,16,231.06,Monday,Winter,False
2023-01-16,PROP004,0.544,13,16,252.99,Monday,Winter,False
2023-01-16,PROP005,0.584,12,17,253.26,Monday,Winter,False
2023-01-16,PROP006,0.431,17,12,230.97,Monday,Winter,False
2023-01-16,PROP007,0.436,16,13,240.63,Monday,Winter,False
2023-01-16,PROP008,0.543,13,16,264.78,Monday,Winter,False
2023-01-16,PROP009,0.578,12,17,246.69,Monday,Winter,False
2023-01-16,PROP010,0.545,13,16,237.39,Monday,Winter,False
2023-01-17,PROP001,0.524,14,15,238.8,Tuesday,Winter,False
2023-01-17,PROP002,0.516,14,15,246.09,Tuesday,Winter,False
2023-01-17,PROP003,0.445,16,13,231.06,Tuesday,Winter,False
2023-01-17,PROP004,0.507,14,15,252.99,Tuesday,Winter,False
2023-01-17,PROP005,0.483,15,14,253.26,Tuesday,Winter,False
2023-01-17,PROP006,0.354,19,10,230.97,Tuesday,Winter,False
2023-01-17,PROP007,0.468,15,14,240.63,Tuesday,Winter,False
2023-01-17,PROP008,0.384,18,11,264.78,Tuesday,Winter,False
2023-01-17,PROP009,0.426,17,12,246.69,Tuesday,Winter,False
2023-01-17,PROP010,0.52,14,15,237.39,Tuesday,Winter,False
2023-01-18,PROP001,0.527,14,15,238.8,Wednesday,Winter,False
2023-01-18,PROP002,0.467,15,14,246.09,Wednesday,Winter,False
2023-01-18,PROP003,0.576,12,17,231.06,Wednesday,Winter,False
2023-01-18,PROP004,0.468,15,14,252.99,Wednesday,Winter,False
2023-01-18,PROP005,0.541,13,16,253.26,Wednesday,Winter,False
2023-01-18,PROP006,0.338,19,10,230.97,Wednesday,Winter,False
2023-01-18,PROP007,0.368,18,11,240.63,Wednesday,Winter,False
2023-01-18,PROP008,0.616,11,18,264.78,Wednesday,Winter,False
2023-01-18,PROP009,0.46,16,13,246.69,Wednesday,Winter,False
2023-01-18,PROP010,0.36,19,10,237.39,Wednesday,Winter,False
2023-01-19,PROP001,0.601,11,18,238.8,Thursday,Winter,False
2023-01-19,PROP002,0.494,15,14,246.09,Thursday,Winter,False
2023-01-19,PROP003,0.275,21,8,231.06,Thursday,Winter,False
2023-01-19,PROP004,0.379,18,11,252.99,Thursday,Winter,False
2023-01-19,PROP005,0.296,21,8,253.26,Thursday,Winter,False
2023-01-19,PROP006,0.459,16,13,230.97,Thursday,Winter,False
2023-01-19,PROP007,0.556,13,16,240.63,Thursday,Winter,False
2023-01-19,PROP008,0.506,14,15,264.78,Thursday,Winter,False
2023-01-19,PROP009,0.553,13,16,246.69,Thursday,Winter,False
2023-01-19,PROP010,0.325,20,9,237.39,Thursday,Winter,False
2023-01-20,PROP001,0.706,8,21,238.8,Friday,Winter,False
2023-01-20,PROP002,0.558,13,16,246.09,Friday,Winter,False
2023-01-20,PROP003,0.598,12,17,231.06,Friday,Winter,False
2023-01-20,PROP004,0.509,14,15,252.99,Friday,Winter,False
2023-01-20,PROP005,0.549,13,16,253.26,Friday,Winter,False
2023-01-20,PROP006,0.593,12,17,230.97,Friday,Winter,False
2023-01-20,PROP007,0.525,14,15,240.63,Friday,Winter,False
2023-01-20,PROP008,0.687,9,20,264.78,Friday,Winter,False
2023-01-20,PROP009,0.438,16,13,246.69,Friday,Winter,False
2023-01-20,PROP010,0.428,17,12,237.39,Friday,Winter,False
2023-01-21,PROP001,0.453,16,13,238.8,Saturday,Winter,True
2023-01-21,PROP002,0.494,15,14,246.09,Saturday,Winter,True
2023-01-21,PROP003,0.667,9,20,231.06,Saturday,Winter,True
2023-01-21,PROP004,0.71,8,21,252.99,Saturday,Winter,True
2023-01-21,PROP005,0.606,11,18,253.26,Saturday,Winter,True
2023-01-21,PROP006,0.654,10,19,230.97,Saturday,Winter,True
2023-01-21,PROP007,0.739,7,22,240.63,Saturday,Winter,True
2023-01-21,PROP008,0.576,12,17,264.78,Saturday,Winter,True
2023-01-21,PROP009,0.559,13,16,246.69,Saturday,Winter,True
2023-01-21,PROP010,0.567,12,17,237.39,Saturday,Winter,True
2023-01-22,PROP001,0.454,16,13,238.8,Sunday,Winter,True
2023-01-22,PROP002,0.311,20,9,246.09,Sunday,Winter,True
2023-01-22,PROP003,0.73,8,21,231.06,Sunday,Winter,True
2023-01-22,PROP004,0.613,11,18,252.99,Sunday,Winter,True
2023-01-22,PROP005,0.537,13,16,253.26,Sunday,Winter,True
2023-01-22,PROP006,0.48,15,14,230.97,Sunday,Winter,True
2023-01-22,PROP007,0.667,9,20,240.63,Sunday,Winter,True
2023-01-22,PROP008,0.467,15,14,264.78,Sunday,Winter,True
2023-01-22,PROP009,0.746,7,22,246.69,Sunday,Winter,True
2023-01-22,PROP010,0.564,13,16,237.39,Sunday,Winter,True
2023-01-23,PROP001,0.527,14,15,238.8,Monday,Winter,False
2023-01-23,PROP002,0.44,16,13,246.09,Monday,Winter,False
2023-01-23,PROP003,0.536,13,16,231.06,Monday,Winter,False
2023-01-23,PROP004,0.409,17,12,252.99,Monday,Winter,False
2023-01-23,PROP005,0.414,17,12,253.26,Monday,Winter,False
2023-01-23,PROP006,0.328,20,9,230.97,Monday,Winter,False
2023-01-23,PROP007,0.562,13,16,240.63,Monday,Winter,False
2023-01-23,PROP008,0.499,15,14,264.78,Monday,Winter,False
2023-01-23,PROP009,0.613,11,18,246.69,Monday,Winter,False
2023-01-23,PROP010,0.386,18,11,237.39,Monday,Winter,False
2023-01-24,PROP001,0.621,11,18,238.8,Tuesday,Winter,False
2023-01-24,PROP002,0.543,13,16,246.09,Tuesday,Winter,False
2023-01-24,PROP003,0.539,13,16,231.06,Tuesday,Winter,False
2023-01-24,PROP004,0.438,16,13,252.99,Tuesday,Winter,False
2023-01-24,PROP005,0.598,12,17,253.26,Tuesday,Winter,False
2023-01-24,PROP006,0.318,20,9,230.97,Tuesday,Winter,False
2023-01-24,PROP007,0.603,11,18,240.63,Tuesday,Winter,False
2023-01-24,PROP008,0.632,11,18,264.78,Tuesday,Winter,False
2023-01-24,PROP009,0.449,16,13,246.69,Tuesday,Winter,False
2023-01-24,PROP010,0.351,19,10,237.39,Tuesday,Winter,False
2023-01-25,PROP001,0.455,16,13,238.8,Wednesday,Winter,False
2023-01-25,PROP002,0.521,14,15,246.09,Wednesday,Winter,False
2023-01-25,PROP003,0.409,17,12,231.06,Wednesday,Winter,False
2023-01-25,PROP004,0.634,10,19,252.99,Wednesday,Winter,False
2023-01-25,PROP005,0.541,13,16,253.26,Wednesday,Winter,False
2023-01-25,PROP006,0.618,11,18,230.97,Wednesday,Winter,False
2023-01-25,PROP007,0.676,9,20,240.63,Wednesday,Winter,False
2023-01-25,PROP008,0.495,15,14,264.78,Wednesday,Winter,False
2023-01-25,PROP009,0.484,15,14,246.69,Wednesday,Winter,False
2023-01-25,PROP010,0.48,15,14,237.39,Wednesday,Winter,False
2023-01-26,PROP001,0.438,16,13,238.8,Thursday,Winter,False
2023-01-26,PROP002,0.488,15,14,246.09,Thursday,Winter,False
2023-01-26,PROP003,0.315,20,9,231.06,Thursday,Winter,False
2023-01-26,PROP004,0.36,19,10,252.99,Thursday,Winter,False
2023-01-26,PROP005,0.392,18,11,253.26,Thursday,Winter,False
2023-01-26,PROP006,0.572,12,17,230.97,Thursday,Winter,False
2023-01-26,PROP007,0.554,13,16,240.63,Thursday,Winter,False
2023-01-26,PROP008,0.494,15,14,264.78,Thursday,Winter,False
2023-01-26,PROP009,0.449,16,13,246.69,Thursday,Winter,False
2023-01-26,PROP010,0.622,11,18,237.39,Thursday,Winter,False
2023-01-27,PROP001,0.711,8,21,238.8,Friday,Winter,False
2023-01-27,PROP002,0.431,17,12,246.09,Friday,Winter,False
2023-01-27,PROP003,0.417,17,12,231.06,Friday,Winter,False
2023-01-27,PROP004,0.636,10,19,252.99,Friday,Winter,False
2023-01-27,PROP005,0.574,12,17,253.26,Friday,Winter,False
2023-01-27,PROP006,0.604,11,18,230.97,Friday,Winter,False
2023-01-27,PROP007,0.727,8,21,240.63,Friday,Winter,False
2023-01-27,PROP008,0.496,15,14,264.78,Friday,Winter,False
2023-01-27,PROP009,0.37,18,11,246.69,Friday,Winter,False
2023-01-27,PROP010,0.71,8,21,237.39,Friday,Winter,False
2023-01-28,PROP001,0.516,14,15,238.8,Saturday,Winter,True
2023-01-28,PROP002,0.466,16,13,246.09,Saturday,Winter,True
2023-01-28,PROP003,0.649,10,19,231.06,Saturday,Winter,True
2023-01-28,PROP004,0.596,12,17,252.99,Saturday,Winter,True
2023-01-28,PROP005,0.504,14,15,253.26,Saturday,Winter,True
2023-01-28,PROP006,0.608,11,18,230.97,Saturday,Winter,True
2023-01-28,PROP007,0.678,9,20,240.63,Saturday,Winter,True
2023-01-28,PROP008,0.589,12,17,264.78,Saturday,Winter,True
2023-01-28,PROP009,0.508,14,15,246.69,Saturday,Winter,True
2023-01-28,PROP010,0.267,21,8,237.39,Saturday,Winter,True
2023-01-29,PROP001,0.517,14,15,238.8,Sunday,Winter,True
2023-01-29,PROP002,0.469,15,14,246.09,Sunday,Winter,True
2023-01-29,PROP003,0.301,20,9,231.06,Sunday,Winter,True
2023-01-29,PROP004,0.633,11,18,252.99,Sunday,Winter,True
2023-01-29,PROP005,0.512,14,15,253.26,Sunday,Winter,True
2023-01-29,PROP006,0.385,18,11,230.97,Sunday,Winter,True
2023-01-29,PROP007,0.629,11,18,240.63,Sunday,Winter,True
2023-01-29,PROP008,0.589,12,17,264.78,Sunday,Winter,True
2023-01-29,PROP009,0.639,10,19,246.69,Sunday,Winter,True
2023-01-29,PROP010,0.294,21,8,237.39,Sunday,Winter,True
2023-01-30,PROP001,0.463,16,13,238.8,Monday,Winter,False
2023-01-30,PROP002,0.572,12,17,246.09,Monday,Winter,False
2023-01-30,PROP003,0.512,14,15,231.06,Monday,Winter,False
2023-01-30,PROP004,0.623,11,18,252.99,Monday,Winter,False
2023-01-30,PROP005,0.386,18,11,253.26,Monday,Winter,False
2023-01-30,PROP006,0.628,11,18,230.97,Monday,Winter,False
2023-01-30,PROP007,0.47,15,14,240.63,Monday,Winter,False
2023-01-30,PROP008,0.637,10,19,264.78,Monday,Winter,False
2023-01-30,PROP009,0.498,15,14,246.69,Monday,Winter,False
2023-01-30,PROP010,0.272,21,8,237.39,Monday,Winter,False
2023-01-31,PROP001,0.288,21,8,238.8,Tuesday,Winter,False
2023-01-31,PROP002,0.512,14,15,246.09,Tuesday,Winter,False
2023-01-31,PROP003,0.353,19,10,231.06,Tuesday,Winter,False
2023-01-31,PROP004,0.561,13,16,252.99,Tuesday,Winter,False
2023-01-31,PROP005,0.264,22,7,253.26,Tuesday,Winter,False
2023-01-31,PROP006,0.557,13,16,230.97,Tuesday,Winter,False
2023-01-31,PROP007,0.566,13,16,240.63,Tuesday,Winter,False
2023-01-31,PROP008,0.418,17,12,264.78,Tuesday,Winter,False
2023-01-31,PROP009,0.604,11,18,246.69,Tuesday,Winter,False
2023-01-31,PROP010,0.302,20,9,237.39,Tuesday,Winter,False
2023-02-01,PROP001,0.414,17,12,238.8,Wednesday,Winter,False
2023-02-01,PROP002,0.404,17,12,246.09,Wednesday,Winter,False
2023-02-01,PROP003,0.544,13,16,231.06,Wednesday,Winter,False
2023-02-01,PROP004,0.568,12,17,252.99,Wednesday,Winter,False
2023-02-01,PROP005,0.553,13,16,253.26,Wednesday,Winter,False
2023-02-01,PROP006,0.557,13,16,230.97,Wednesday,Winter,False
2023-02-01,PROP007,0.553,13,16,240.63,Wednesday,Winter,False
2023-02-01,PROP008,0.54,13,16,264.78,Wednesday,Winter,False
2023-02-01,PROP009,0.604,11,18,246.69,Wednesday,Winter,False
2023-02-01,PROP010,0.62,11,18,237.39,Wednesday,Winter,False
2023-02-02,PROP001,0.619,11,18,238.8,Thursday,Winter,False
2023-02-02,PROP002,0.371,18,11,246.09,Thursday,Winter,False
2023-02-02,PROP003,0.594,12,17,231.06,Thursday,Winter,False
2023-02-02,PROP004,0.527,14,15,252.99,Thursday,Winter,False
2023-02-02,PROP005,0.425,17,12,253.26,Thursday,Winter,False
2023-02-02,PROP006,0.417,17,12,230.97,Thursday,Winter,False
2023-02-02,PROP007,0.573,12,17,240.63,Thursday,Winter,False
2023-02-02,PROP008,0.581,12,17,264.78,Thursday,Winter,False
2023-02-02,PROP009,0.475,15,14,246.69,Thursday,Winter,False
2023-02-02,PROP010,0.535,13,16,237.39,Thursday,Winter,False
2023-02-03,PROP001,0.48,15,14,238.8,Friday,Winter,False
2023-02-03,PROP002,0.666,10,19,246.09,Friday,Winter,False
2023-02-03,PROP003,0.398,18,11,231.06,Friday,Winter,False
2023-02-03,PROP004,0.659,10,19,252.99,Friday,Winter,False
2023-02-03,PROP005,0.602,11,18,253.26,Friday,Winter,False
2023-02-03,PROP006,0.741,7,22,230.97,Friday,Winter,False
2023-02-03,PROP007,0.704,8,21,240.63,Friday,Winter,False
2023-02-03,PROP008,0.652,10,19,264.78,Friday,Winter,False
2023-02-03,PROP009,0.585,12,17,246.69,Friday,Winter,False
2023-02-03,PROP010,0.601,11,18,237.39,Friday,Winter,False
2023-02-04,PROP001,0.628,11,18,238.8,Saturday,Winter,True
2023-02-04,PROP002,0.555,13,16,246.09,Saturday,Winter,True
2023-02-04,PROP003,0.577,12,17,231.06,Saturday,Winter,True
2023-02-04,PROP004,0.494,15,14,252.99,Saturday,Winter,True
2023-02-04,PROP005,0.601,11,18,253.26,Saturday,Winter,True
2023-02-04,PROP006,0.592,12,17,230.97,Saturday,Winter,True
2023-02-04,PROP007,0.641,10,19,240.63,Saturday,Winter,True
2023-02-04,PROP008,0.624,11,18,264.78,Saturday,Winter,True
2023-02-04,PROP009,0.558,13,16,246.69,Saturday,Winter,True
2023-02-04,PROP010,0.6,11,18,237.39,Saturday,Winter,True
2023-02-05,PROP001,0.638,10,19,238.8,Sunday,Winter,True
2023-02-05,PROP002,0.743,7,22,246.09,Sunday,Winter,True
2023-02-05,PROP003,0.636,10,19,231.06,Sunday,Winter,True
2023-02-05,PROP004,0.456,16,13,252.99,Sunday,Winter,True
2023-02-05,PROP005,0.676,9,20,253.26,Sunday,Winter,True
2023-02-05,PROP006,0.579,12,17,230.97,Sunday,Winter,True
2023-02-05,PROP007,0.51,14,15,240.63,Sunday,Winter,True
2023-02-05,PROP008,0.428,17,12,264.78,Sunday,Winter,True
2023-02-05,PROP009,0.498,15,14,246.69,Sunday,Winter,True
2023-02-05,PROP010,0.598,12,17,237.39,Sunday,Winter,True
2023-02-06,PROP001,0.596,12,17,238.8,Monday,Winter,False
2023-02-06,PROP002,0.437,16,13,246.09,Monday,Winter,False
2023-02-06,PROP003,0.613,11,18,231.06,Monday,Winter,False
2023-02-06,PROP004,0.607,11,18,252.99,Monday,Winter,False
2023-02-06,PROP005,0.386,18,11,253.26,Monday,Winter,False
2023-02-06,PROP006,0.526,14,15,230.97,Monday,Winter,False
2023-02-06,PROP007,0.461,16,13,240.63,Monday,Winter,False
2023-02-06,PROP008,0.443,16,13,264.78,Monday,Winter,False
2023-02-06,PROP009,0.331,20,9,246.69,Monday,Winter,False
2023-02-06,PROP010,0.572,12,17,237.39,Monday,Winter,False
2023-02-07,PROP001,0.251,22,7,238.8,Tuesday,Winter,False
2023-02-07,PROP002,0.55,13,16,246.09,Tuesday,Winter,False
2023-02-07,PROP003,0.569,12,17,231.06,Tuesday,Winter,False
2023-02-07,PROP004,0.319,20,9,252.99,Tuesday,Winter,False
2023-02-07,PROP005,0.468,15,14,253.26,Tuesday,Winter,False
2023-02-07,PROP006,0.467,15,14,230.97,Tuesday,Winter,False
2023-02-07,PROP007,0.478,15,14,240.63,Tuesday,Winter,False
2023-02-07,PROP008,0.439,16,13,264.78,Tuesday,Winter,False
2023-02-07,PROP009,0.385,18,11,246.69,Tuesday,Winter,False
2023-02-07,PROP010,0.442,16,13,237.39,Tuesday,Winter,False
2023-02-08,PROP001,0.393,18,11,238.8,Wednesday,Winter,False
2023-02-08,PROP002,0.446,16,13,246.09,Wednesday,Winter,False
2023-02-08,PROP003,0.445,16,13,231.06,Wednesday,Winter,False
2023-02-08,PROP004,0.455,16,13,252.99,Wednesday,Winter,False
2023-02-08,PROP005,0.421,17,12,253.26,Wednesday,Winter,False
2023-02-08,PROP006,0.594,12,17,230.97,Wednesday,Winter,False
2023-02-08,PROP007,0.646,10,19,240.63,Wednesday,Winter,False
2023-02-08,PROP008,0.547,13,16,264.78,Wednesday,Winter,False
2023-02-08,PROP009,0.31,20,9,246.69,Wednesday,Winter,False
2023-02-08,PROP010,0.6,11,18,237.39,Wednesday,Winter,False
2023-02-09,PROP001,0.528,14,15,238.8,Thursday,Winter,False
2023-02-09,PROP002,0.452,16,13,246.09,Thursday,Winter,False
2023-02-09,PROP003,0.5,15,14,231.06,Thursday,Winter,False
2023-02-09,PROP004,0.548,13,16,252.99,Thursday,Winter,False
2023-02-09,PROP005,0.4,18,11,253.26,Thursday,Winter,False
2023-02-09,PROP006,0.475,15,14,230.97,Thursday,Winter,False
2023-02-09,PROP007,0.51,14,15,240.63,Thursday,Winter,False
2023-02-09,PROP008,0.643,10,19,264.78,Thursday,Winter,False
2023-02-09,PROP009,0.465,16,13,246.69,Thursday,Winter,False
2023-02-09,PROP010,0.419,17,12,237.39,Thursday,Winter,False
2023-02-10,PROP001,0.57,12,17,238.8,Friday,Winter,False
2023-02-10,PROP002,0.689,9,20,246.09,Friday,Winter,False
2023-02-10,PROP003,0.415,17,12,231.06,Friday,Winter,False
2023-02-10,PROP004,0.625,11,18,252.99,Friday,Winter,False
2023-02-10,PROP005,0.577,12,17,253.26,Friday,Winter,False
2023-02-10,PROP006,0.529,14,15,230.97,Friday,Winter,False
2023-02-10,PROP007,0.65,10,19,240.63,Friday,Winter,False
2023-02-10,PROP008,0.622,11,18,264.78,Friday,Winter,False
2023-02-10,PROP009,0.607,11,18,246.69,Friday,Winter,False
2023-02-10,PROP010,0.45,16,13,237.39,Friday,Winter,False
2023-02-11,PROP001,0.592,12,17,238.8,Saturday,Winter,True
2023-02-11,PROP002,0.489,15,14,246.09,Saturday,Winter,True
2023-02-11,PROP003,0.666,10,19,231.06,Saturday,Winter,True
2023-02-11,PROP004,0.736,7,22,252.99,Saturday,Winter,True
2023-02-11,PROP005,0.659,10,19,253.26,Saturday,Winter,True
2023-02-11,PROP006,0.405,17,12,230.97,Saturday,Winter,True
2023-02-11,PROP007,0.597,12,17,240.63,Saturday,Winter,True
2023-02-11,PROP008,0.732,8,21,264.78,Saturday,Winter,True
2023-02-11,PROP009,0.622,11,18,246.69,Saturday,Winter,True
2023-02-11,PROP010,0.51,14,15,237.39,Saturday,Winter,True
2023-02-12,PROP001,0.579,12,17,238.8,Sunday,Winter,True
2023-02-12,PROP002,0.629,11,18,246.09,Sunday,Winter,True
2023-02-12,PROP003,0.647,10,19,231.06,Sunday,Winter,True
2023-02-12,PROP004,0.585,12,17,252.99,Sunday,Winter,True
2023-02-12,PROP005,0.607,11,18,253.26,Sunday,Winter,True
2023-02-12,PROP006,0.637,10,19,230.97,Sunday,Winter,True
2023-02-12,PROP007,0.396,18,11,240.63,Sunday,Winter,True
2023-02-12,PROP008,0.691,9,20,264.78,Sunday,Winter,True
2023-02-12,PROP009,0.695,9,20,246.69,Sunday,Winter,True
2023-02-12,PROP010,0.471,15,14,237.39,Sunday,Winter,True
2023-02-13,PROP001,0.518,14,15,238.8,Monday,Winter,False
2023-02-13,PROP002,0.38,18,11,246.09,Monday,Winter,False
2023-02-13,PROP003,0.495,15,14,231.06,Monday,Winter,False
2023-02-13,PROP004,0.55,13,16,252.99,Monday,Winter,False
2023-02-13,PROP005,0.36,19,10,253.26,Monday,Winter,False
2023-02-13,PROP006,0.484,15,14,230.97,Monday,Winter,False
2023-02-13,PROP007,0.547,13,16,240.63,Monday,Winter,False
2023-02-13,PROP008,0.584,12,17,264.78,Monday,Winter,False
2023-02-13,PROP009,0.528,14,15,246.69,Monday,Winter,False
2023-02-13,PROP010,0.505,14,15,237.39,Monday,Winter,False
2023-02-14,PROP001,0.481,15,14,238.8,Tuesday,Winter,False
2023-02-14,PROP002,0.556,13,16,246.09,Tuesday,Winter,False
2023-02-14,PROP003,0.55,13,16,231.06,Tuesday,Winter,False
2023-02-14,PROP004,0.529,14,15,252.99,Tuesday,Winter,False
2023-02-14,PROP005,0.434,16,13,253.26,Tuesday,Winter,False
2023-02-14,PROP006,0.326,20,9,230.97,Tuesday,Winter,False
2023-02-14,PROP007,0.384,18,11,240.63,Tuesday,Winter,False
2023-02-14,PROP008,0.476,15,14,264.78,Tuesday,Winter,False
2023-02-14,PROP009,0.373,18,11,246.69,Tuesday,Winter,False
2023-02-14,PROP010,0.466,16,13,237.39,Tuesday,Winter,False
2023-02-15,PROP001,0.482,15,14,238.8,Wednesday,Winter,False
2023-02-15,PROP002,0.611,11,18,246.09,Wednesday,Winter,False
2023-02-15,PROP003,0.544,13,16,231.06,Wednesday,Winter,False
2023-02-15,PROP004,0.446,16,13,252.99,Wednesday,Winter,False
2023-02-15,PROP005,0.589,12,17,253.26,Wednesday,Winter,False
2023-02-15,PROP006,0.412,17,12,230.97,Wednesday,Winter,False
2023-02-15,PROP007,0.549,13,16,240.63,Wednesday,Winter,False
2023-02-15,PROP008,0.378,18,11,264.78,Wednesday,Winter,False
2023-02-15,PROP009,0.623,11,18,246.69,Wednesday,Winter,False
2023-02-15,PROP010,0.411,17,12,237.39,Wednesday,Winter,False
2023-02-16,PROP001,0.449,16,13,238.8,Thursday,Winter,False
2023-02-16,PROP002,0.611,11,18,246.09,Thursday,Winter,False
2023-02-16,PROP003,0.5,14,15,231.06,Thursday,Winter,False
2023-02-16,PROP004,0.318,20,9,252.99,Thursday,Winter,False
2023-02-16,PROP005,0.564,13,16,253.26,Thursday,Winter,False
2023-02-16,PROP006,0.523,14,15,230.97,Thursday,Winter,False
2023-02-16,PROP007,0.596,12,17,240.63,Thursday,Winter,False
2023-02-16,PROP008,0.476,15,14,264.78,Thursday,Winter,False
2023-02-16,PROP009,0.537,13,16,246.69,Thursday,Winter,False
2023-02-16,PROP010,0.607,11,18,237.39,Thursday,Winter,False
2023-02-17,PROP001,0.401,17,12,238.8,Friday,Winter,False
2023-02-17,PROP002,0.406,17,12,246.09,Friday,Winter,False
2023-02-17,PROP003,0.72,8,21,231.06,Friday,Winter,False
2023-02-17,PROP004,0.577,12,17,252.99,Friday,Winter,False
2023-02-17,PROP005,0.661,10,19,253.26,Friday,Winter,False
2023-02-17,PROP006,0.419,17,12,230.97,Friday,Winter,False
2023-02-17,PROP007,0.487,15,14,240.63,Friday,Winter,False
2023-02-17,PROP008,0.554,13,16,264.78,Friday,Winter,False
2023-02-17,PROP009,0.682,9,20,246.69,Friday,Winter,False
2023-02-17,PROP010,0.631,11,18,237.39,Friday,Winter,False
2023-02-18,PROP001,0.583,12,17,238.8,Saturday,Winter,True
2023-02-18,PROP002,0.596,12,17,246.09,Saturday,Winter,True
2023-02-18,PROP003,0.49,15,14,231.06,Saturday,Winter,True
2023-02-18,PROP004,0.574,12,17,252.99,Saturday,Winter,True
2023-02-18,PROP005,0.549,13,16,253.26,Saturday,Winter,True
2023-02-18,PROP006,0.516,14,15,230.97,Saturday,Winter,True
2023-02-18,PROP007,0.604,11,18,240.63,Saturday,Winter,True
2023-02-18,PROP008,0.632,11,18,264.78,Saturday,Winter,True
2023-02-18,PROP009,0.633,11,18,246.69,Saturday,Winter,True
2023-02-18,PROP010,0.642,10,19,237.39,Saturday,Winter,True
2023-02-19,PROP001,0.68,9,20,238.8,Sunday,Winter,True
2023-02-19,PROP002,0.401,17,12,246.09,Sunday,Winter,True
2023-02-19,PROP003,0.494,15,14,231.06,Sunday,Winter,True
2023-02-19,PROP004,0.595,12,17,252.99,Sunday,Winter,True
2023-02-19,PROP005,0.589,12,17,253.26,Sunday,Winter,True
2023-02-19,PROP006,0.725,8,21,230.97,Sunday,Winter,True
2023-02-19,PROP007,0.582,12,17,240.63,Sunday,Winter,True
2023-02-19,PROP008,0.741,7,22,264.78,Sunday,Winter,True
2023-02-19,PROP009,0.389,18,11,246.69,Sunday,Winter,True
2023-02-19,PROP010,0.342,19,10,237.39,Sunday,Winter,True
2023-02-20,PROP001,0.436,16,13,238.8,Monday,Winter,False
2023-02-20,PROP002,0.577,12,17,246.09,Monday,Winter,False
2023-02-20,PROP003,0.455,16,13,231.06,Monday,Winter,False
2023-02-20,PROP004,0.416,17,12,252.99,Monday,Winter,False
2023-02-20,PROP005,0.315,20,9,253.26,Monday,Winter,False
2023-02-20,PROP006,0.478,15,14,230.97,Monday,Winter,False
2023-02-20,PROP007,0.521,14,15,240.63,Monday,Winter,False
2023-02-20,PROP008,0.411,17,12,264.78,Monday,Winter,False
2023-02-20,PROP009,0.577,12,17,246.69,Monday,Winter,False
2023-02-20,PROP010,0.646,10,19,237.39,Monday,Winter,False
2023-02-21,PROP001,0.481,15,14,238.8,Tuesday,Winter,False
2023-02-21,PROP002,0.418,17,12,246.09,Tuesday,Winter,False
2023-02-21,PROP003,0.506,14,15,231.06,Tuesday,Winter,False
2023-02-21,PROP004,0.567,12,17,252.99,Tuesday,Winter,False
2023-02-21,PROP005,0.474,15,14,253.26,Tuesday,Winter,False
2023-02-21,PROP006,0.583,12,17,230.97,Tuesday,Winter,False
2023-02-21,PROP007,0.564,13,16,240.63,Tuesday,Winter,False
2023-02-21,PROP008,0.444,16,13,264.78,Tuesday,Winter,False
2023-02-21,PROP009,0.518,14,15,246.69,Tuesday,Winter,False
2023-02-21,PROP010,0.386,18,11,237.39,Tuesday,Winter,False
2023-02-22,PROP001,0.592,12,17,238.8,Wednesday,Winter,False
2023-02-22,PROP002,0.607,11,18,246.09,Wednesday,Winter,False
2023-02-22,PROP003,0.425,17,12,231.06,Wednesday,Winter,False
2023-02-22,PROP004,0.579,12,17,252.99,Wednesday,Winter,False
2023-02-22,PROP005,0.505,14,15,253.26,Wednesday,Winter,False
2023-02-22,PROP006,0.586,12,17,230.97,Wednesday,Winter,False
2023-02-22,PROP007,0.461,16,13,240.63,Wednesday,Winter,False
2023-02-22,PROP008,0.451,16,13,264.78,Wednesday,Winter,False
2023-02-22,PROP009,0.346,19,10,246.69,Wednesday,Winter,False
2023-02-22,PROP010,0.266,22,7,237.39,Wednesday,Winter,False
2023-02-23,PROP001,0.338,19,10,238.8,Thursday,Winter,False
2023-02-23,PROP002,0.541,13,16,246.09,Thursday,Winter,False
2023-02-23,PROP003,0.453,16,13,231.06,Thursday,Winter,False
2023-02-23,PROP004,0.61,11,18,252.99,Thursday,Winter,False
2023-02-23,PROP005,0.476,15,14,253.26,Thursday,Winter,False
2023-02-23,PROP006,0.376,18,11,230.97,Thursday,Winter,False
2023-02-23,PROP007,0.57,12,17,240.63,Thursday,Winter,False
2023-02-23,PROP008,0.548,13,16,264.78,Thursday,Winter,False
2023-02-23,PROP009,0.523,14,15,246.69,Thursday,Winter,False
2023-02-23,PROP010,0.606,11,18,237.39,Thursday,Winter,False
2023-02-24,PROP001,0.758,7,22,238.8,Friday,Winter,False
2023-02-24,PROP002,0.441,16,13,246.09,Friday,Winter,False
2023-02-24,PROP003,0.612,11,18,231.06,Friday,Winter,False
2023-02-24,PROP004,0.73,8,21,252.99,Friday,Winter,False
2023-02-24,PROP005,0.628,11,18,253.26,Friday,Winter,False
2023-02-24,PROP006,0.644,10,19,230.97,Friday,Winter,False
2023-02-24,PROP007,0.492,15,14,240.63,Friday,Winter,False
2023-02-24,PROP008,0.525,14,15,264.78,Friday,Winter,False
2023-02-24,PROP009,0.199,24,5,246.69,Friday,Winter,False
2023-02-24,PROP010,0.51,14,15,237.39,Friday,Winter,False
2023-02-25,PROP001,0.673,9,20,238.8,Saturday,Winter,True
2023-02-25,PROP002,0.529,14,15,246.09,Saturday,Winter,True
2023-02-25,PROP003,0.467,15,14,231.06,Saturday,Winter,True
2023-02-25,PROP004,0.546,13,16,252.99,Saturday,Winter,True
2023-02-25,PROP005,0.541,13,16,253.26,Saturday,Winter,True
2023-02-25,PROP006,0.277,21,8,230.97,Saturday,Winter,True
2023-02-25,PROP007,0.36,19,10,240.63,Saturday,Winter,True
2023-02-25,PROP008,0.688,9,20,264.78,Saturday,Winter,True
2023-02-25,PROP009,0.539,13,16,246.69,Saturday,Winter,True
2023-02-25,PROP010,0.542,13,16,237.39,Saturday,Winter,True
2023-02-26,PROP001,0.562,13,16,238.8,Sunday,Winter,True
2023-02-26,PROP002,0.439,16,13,246.09,Sunday,Winter,True
2023-02-26,PROP003,0.494,15,14,231.06,Sunday,Winter,True
2023-02-26,PROP004,0.449,16,13,252.99,Sunday,Winter,True
2023-02-26,PROP005,0.582,12,17,253.26,Sunday,Winter,True
2023-02-26,PROP006,0.563,13,16,230.97,Sunday,Winter,True
2023-02-26,PROP007,0.544,13,16,240.63,Sunday,Winter,True
2023-02-26,PROP008,0.646,10,19,264.78,Sunday,Winter,True
2023-02-26,PROP009,0.603,11,18,246.69,Sunday,Winter,True
2023-02-26,PROP010,0.795,6,23,237.39,Sunday,Winter,True
2023-02-27,PROP001,0.386,18,11,238.8,Monday,Winter,False
2023-02-27,PROP002,0.494,15,14,246.09,Monday,Winter,False
2023-02-27,PROP003,0.65,10,19,231.06,Monday,Winter,False
2023-02-27,PROP004,0.498,15,14,252.99,Monday,Winter,False
2023-02-27,PROP005,0.552,13,16,253.26,Monday,Winter,False
2023-02-27,PROP006,0.345,19,10,230.97,Monday,Winter,False
2023-02-27,PROP007,0.424,17,12,240.63,Monday,Winter,False
2023-02-27,PROP008,0.28,21,8,264.78,Monday,Winter,False
2023-02-27,PROP009,0.385,18,11,246.69,Monday,Winter,False
2023-02-27,PROP010,0.547,13,16,237.39,Monday,Winter,False
2023-02-28,PROP001,0.519,14,15,238.8,Tuesday,Winter,False
2023-02-28,PROP002,0.466,16,13,246.09,Tuesday,Winter,False
2023-02-28,PROP003,0.344,19,10,231.06,Tuesday,Winter,False
2023-02-28,PROP004,0.457,16,13,252.99,Tuesday,Winter,False
2023-02-28,PROP005,0.519,14,15,253.26,Tuesday,Winter,False
2023-02-28,PROP006,0.571,12,17,230.97,Tuesday,Winter,False
2023-02-28,PROP007,0.465,16,13,240.63,Tuesday,Winter,False
2023-02-28,PROP008,0.43,17,12,264.78,Tuesday,Winter,False
2023-02-28,PROP009,0.411,17,12,246.69,Tuesday,Winter,False
2023-02-28,PROP010,0.483,15,14,237.39,Tuesday,Winter,False
2023-03-01,PROP001,0.796,6,23,265.33,Wednesday,Spring,False
2023-03-01,PROP002,0.587,12,17,273.43,Wednesday,Spring,False
2023-03-01,PROP003,0.848,4,25,256.73,Wednesday,Spring,False
2023-03-01,PROP004,0.355,19,10,281.1,Wednesday,Spring,False
2023-03-01,PROP005,0.77,6,23,281.4,Wednesday,Spring,False
2023-03-01,PROP006,0.579,12,17,256.63,Wednesday,Spring,False
2023-03-01,PROP007,0.701,8,21,267.37,Wednesday,Spring,False
2023-03-01,PROP008,0.682,9,20,294.2,Wednesday,Spring,False
2023-03-01,PROP009,0.463,16,13,274.1,Wednesday,Spring,False
2023-03-01,PROP010,0.661,10,19,263.77,Wednesday,Spring,False
2023-03-02,PROP001,0.785,6,23,265.33,Thursday,Spring,False
2023-03-02,PROP002,0.758,7,22,273.43,Thursday,Spring,False
2023-03-02,PROP003,0.484,15,14,256.73,Thursday,Spring,False
2023-03-02,PROP004,0.783,6,23,281.1,Thursday,Spring,False
2023-03-02,PROP005,0.575,12,17,281.4,Thursday,Spring,False
2023-03-02,PROP006,0.943,1,28,256.63,Thursday,Spring,False
2023-03-02,PROP007,0.844,4,25,267.37,Thursday,Spring,False
2023-03-02,PROP008,0.699,9,20,294.2,Thursday,Spring,False
2023-03-02,PROP009,0.876,3,26,274.1,Thursday,Spring,False
2023-03-02,PROP010,0.848,4,25,263.77,Thursday,Spring,False
2023-03-03,PROP001,0.922,2,27,265.33,Friday,Spring,False
2023-03-03,PROP002,0.813,5,24,273.43,Friday,Spring,False
2023-03-03,PROP003,0.443,16,13,256.73,Friday,Spring,False
2023-03-03,PROP004,0.87,3,26,281.1,Friday,Spring,False
2023-03-03,PROP005,0.754,7,22,281.4,Friday,Spring,False
2023-03-03,PROP006,0.372,18,11,256.63,Friday,Spring,False
2023-03-03,PROP007,0.719,8,21,267.37,Friday,Spring,False
2023-03-03,PROP008,0.912,2,27,294.2,Friday,Spring,False
2023-03-03,PROP009,0.778,6,23,274.1,Friday,Spring,False
2023-03-03,PROP010,0.95,1,28,263.77,Friday,Spring,False
2023-03-04,PROP001,0.796,6,23,265.33,Saturday,Spring,True
2023-03-04,PROP002,0.681,9,20,273.43,Saturday,Spring,True
2023-03-04,PROP003,0.95,1,28,256.73,Saturday,Spring,True
2023-03-04,PROP004,0.759,7,22,281.1,Saturday,Spring,True
2023-03-04,PROP005,0.742,7,22,281.4,Saturday,Spring,True
2023-03-04,PROP006,0.868,3,26,256.63,Saturday,Spring,True
2023-03-04,PROP007,0.885,3,26,267.37,Saturday,Spring,True
2023-03-04,PROP008,0.95,1,28,294.2,Saturday,Spring,True
2023-03-04,PROP009,0.843,4,25,274.1,Saturday,Spring,True
2023-03-04,PROP010,0.711,8,21,263.77,Saturday,Spring,True
2023-03-05,PROP001,0.695,9,20,265.33,Sunday,Spring,True
2023-03-05,PROP002,0.711,8,21,273.43,Sunday,Spring,True
2023-03-05,PROP003,0.853,4,25,256.73,Sunday,Spring,True
2023-03-05,PROP004,0.512,14,15,281.1,Sunday,Spring,True
2023-03-05,PROP005,0.668,9,20,281.4,Sunday,Spring,True
2023-03-05,PROP006,0.875,3,26,256.63,Sunday,Spring,True
2023-03-05,PROP007,0.842,4,25,267.37,Sunday,Spring,True
2023-03-05,PROP008,0.758,7,22,294.2,Sunday,Spring,True
2023-03-05,PROP009,0.95,1,28,274.1,Sunday,Spring,True
2023-03-05,PROP010,0.95,1,28,263.77,Sunday,Spring,True
2023-03-06,PROP001,0.452,16,13,265.33,Monday,Spring,False
2023-03-06,PROP002,0.638,10,19,273.43,Monday,Spring,False
2023-03-06,PROP003,0.451,16,13,256.73,Monday,Spring,False
2023-03-06,PROP004,0.636,10,19,281.1,Monday,Spring,False
2023-03-06,PROP005,0.757,7,22,281.4,Monday,Spring,False
2023-03-06,PROP006,0.815,5,24,256.63,Monday,Spring,False
2023-03-06,PROP007,0.825,5,24,267.37,Monday,Spring,False
2023-03-06,PROP008,0.617,11,18,294.2,Monday,Spring,False
2023-03-06,PROP009,0.686,9,20,274.1,Monday,Spring,False
2023-03-06,PROP010,0.632,11,18,263.77,Monday,Spring,False
2023-03-07,PROP001,0.885,3,26,265.33,Tuesday,Spring,False
2023-03-07,PROP002,0.711,8,21,273.43,Tuesday,Spring,False
2023-03-07,PROP003,0.688,9,20,256.73,Tuesday,Spring,False
2023-03-07,PROP004,0.621,11,18,281.1,Tuesday,Spring,False
2023-03-07,PROP005,0.509,14,15,281.4,Tuesday,Spring,False
2023-03-07,PROP006,0.388,18,11,256.63,Tuesday,Spring,False
2023-03-07,PROP007,0.864,4,25,267.37,Tuesday,Spring,False
2023-03-07,PROP008,0.638,10,19,294.2,Tuesday,Spring,False
2023-03-07,PROP009,0.828,5,24,274.1,Tuesday,Spring,False
2023-03-07,PROP010,0.806,5,24,263.77,Tuesday,Spring,False
2023-03-08,PROP001,0.716,8,21,265.33,Wednesday,Spring,False
2023-03-08,PROP002,0.653,10,19,273.43,Wednesday,Spring,False
2023-03-08,PROP003,0.57,12,17,256.73,Wednesday,Spring,False
2023-03-08,PROP004,0.858,4,25,281.1,Wednesday,Spring,False
2023-03-08,PROP005,0.735,7,22,281.4,Wednesday,Spring,False
2023-03-08,PROP006,0.552,13,16,256.63,Wednesday,Spring,False
2023-03-08,PROP007,0.921,2,27,267.37,Wednesday,Spring,False
2023-03-08,PROP008,0.616,11,18,294.2,Wednesday,Spring,False
2023-03-08,PROP009,0.637,10,19,274.1,Wednesday,Spring,False
2023-03-08,PROP010,0.48,15,14,263.77,Wednesday,Spring,False
2023-03-09,PROP001,0.607,11,18,265.33,Thursday,Spring,False
2023-03-09,PROP002,0.819,5,24,273.43,Thursday,Spring,False
2023-03-09,PROP003,0.793,6,23,256.73,Thursday,Spring,False
2023-03-09,PROP004,0.576,12,17,281.1,Thursday,Spring,False
2023-03-09,PROP005,0.597,12,17,281.4,Thursday,Spring,False
2023-03-09,PROP006,0.664,10,19,256.63,Thursday,Spring,False
2023-03-09,PROP007,0.833,5,24,267.37,Thursday,Spring,False
2023-03-09,PROP008,0.567,12,17,294.2,Thursday,Spring,False
2023-03-09,PROP009,0.876,3,26,274.1,Thursday,Spring,False
2023-03-09,PROP010,0.574,12,17,263.77,Thursday,Spring,False
2023-03-10,PROP001,0.527,14,15,265.33,Friday,Spring,False
2023-03-10,PROP002,0.627,11,18,273.43,Friday,Spring,False
2023-03-10,PROP003,0.95,1,28,256.73,Friday,Spring,False
2023-03-10,PROP004,0.932,2,27,281.1,Friday,Spring,False
2023-03-10,PROP005,0.63,11,18,281.4,Friday,Spring,False
2023-03-10,PROP006,0.931,2,27,256.63,Friday,Spring,False
2023-03-10,PROP007,0.939,1,28,267.37,Friday,Spring,False
2023-03-10,PROP008,0.95,1,28,294.2,Friday,Spring,False
2023-03-10,PROP009,0.693,9,20,274.1,Friday,Spring,False
2023-03-10,PROP010,0.905,2,27,263.77,Friday,Spring,False
2023-03-11,PROP001,0.519,14,15,265.33,Saturday,Spring,True
2023-03-11,PROP002,0.647,10,19,273.43,Saturday,Spring,True
2023-03-11,PROP003,0.611,11,18,256.73,Saturday,Spring,True
2023-03-11,PROP004,0.74,7,22,281.1,Saturday,Spring,True
2023-03-11,PROP005,0.783,6,23,281.4,Saturday,Spring,True
2023-03-11,PROP006,0.95,1,28,256.63,Saturday,Spring,True
2023-03-11,PROP007,0.414,17,12,267.37,Saturday,Spring,True
2023-03-11,PROP008,0.862,4,25,294.2,Saturday,Spring,True
2023-03-11,PROP009,0.345,19,10,274.1,Saturday,Spring,True
2023-03-11,PROP010,0.899,3,26,263.77,Saturday,Spring,True
2023-03-12,PROP001,0.542,13,16,265.33,Sunday,Spring,True
2023-03-12,PROP002,0.922,2,27,273.43,Sunday,Spring,True
2023-03-12,PROP003,0.63,11,18,256.73,Sunday,Spring,True
2023-03-12,PROP004,0.883,3,26,281.1,Sunday,Spring,True
2023-03-12,PROP005,0.556,13,16,281.4,Sunday,Spring,True
2023-03-12,PROP006,0.894,3,26,256.63,Sunday,Spring,True
2023-03-12,PROP007,0.878,3,26,267.37,Sunday,Spring,True
2023-03-12,PROP008,0.921,2,27,294.2,Sunday,Spring,True
2023-03-12,PROP009,0.856,4,25,274.1,Sunday,Spring,True
2023-03-12,PROP010,0.834,4,25,263.77,Sunday,Spring,True
2023-03-13,PROP001,0.835,4,25,265.33,Monday,Spring,False
2023-03-13,PROP002,0.588,12,17,273.43,Monday,Spring,False
2023-03-13,PROP003,0.702,8,21,256.73,Monday,Spring,False
2023-03-13,PROP004,0.551,13,16,281.1,Monday,Spring,False
2023-03-13,PROP005,0.528,14,15,281.4,Monday,Spring,False
2023-03-13,PROP006,0.844,4,25,256.63,Monday,Spring,False
2023-03-13,PROP007,0.345,19,10,267.37,Monday,Spring,False
2023-03-13,PROP008,0.624,11,18,294.2,Monday,Spring,False
2023-03-13,PROP009,0.555,13,16,274.1,Monday,Spring,False
2023-03-13,PROP010,0.744,7,22,263.77,Monday,Spring,False
2023-03-14,PROP001,0.596,12,17,265.33,Tuesday,Spring,False
2023-03-14,PROP002,0.669,9,20,273.43,Tuesday,Spring,False
2023-03-14,PROP003,0.655,10,19,256.73,Tuesday,Spring,False
2023-03-14,PROP004,0.829,5,24,281.1,Tuesday,Spring,False
2023-03-14,PROP005,0.838,4,25,281.4,Tuesday,Spring,False
2023-03-14,PROP006,0.716,8,21,256.63,Tuesday,Spring,False
2023-03-14,PROP007,0.6,11,18,267.37,Tuesday,Spring,False
2023-03-14,PROP008,0.661,10,19,294.2,Tuesday,Spring,False
2023-03-14,PROP009,0.294,21,8,274.1,Tuesday,Spring,False
2023-03-14,PROP010,0.669,9,20,263.77,Tuesday,Spring,False
2023-03-15,PROP001,0.784,6,23,265.33,Wednesday,Spring,False
2023-03-15,PROP002,0.873,3,26,273.43,Wednesday,Spring,False
2023-03-15,PROP003,0.444,16,13,256.73,Wednesday,Spring,False
2023-03-15,PROP004,0.345,19,10,281.1,Wednesday,Spring,False
2023-03-15,PROP005,0.638,10,19,281.4,Wednesday,Spring,False
2023-03-15,PROP006,0.404,17,12,256.63,Wednesday,Spring,False
2023-03-15,PROP007,0.835,4,25,267.37,Wednesday,Spring,False
2023-03-15,PROP008,0.791,6,23,294.2,Wednesday,Spring,False
2023-03-15,PROP009,0.631,11,18,274.1,Wednesday,Spring,False
2023-03-15,PROP010,0.732,8,21,263.77,Wednesday,Spring,False
2023-03-16,PROP001,0.475,15,14,265.33,Thursday,Spring,False
2023-03-16,PROP002,0.51,14,15,273.43,Thursday,Spring,False
2023-03-16,PROP003,0.392,18,11,256.73,Thursday,Spring,False
2023-03-16,PROP004,0.594,12,17,281.1,Thursday,Spring,False
2023-03-16,PROP005,0.418,17,12,281.4,Thursday,Spring,False
2023-03-16,PROP006,0.893,3,26,256.63,Thursday,Spring,False
2023-03-16,PROP007,0.674,9,20,267.37,Thursday,Spring,False
2023-03-16,PROP008,0.855,4,25,294.2,Thursday,Spring,False
2023-03-16,PROP009,0.478,15,14,274.1,Thursday,Spring,False
2023-03-16,PROP010,0.654,10,19,263.77,Thursday,Spring,False
2023-03-17,PROP001,0.835,4,25,265.33,Friday,Spring,False
2023-03-17,PROP002,0.95,1,28,273.43,Friday,Spring,False
2023-03-17,PROP003,0.837,4,25,256.73,Friday,Spring,False
2023-03-17,PROP004,0.912,2,27,281.1,Friday,Spring,False
2023-03-17,PROP005,0.809,5,24,281.4,Friday,Spring,False
2023-03-17,PROP006,0.59,12,17,256.63,Friday,Spring,False
2023-03-17,PROP007,0.657,10,19,267.37,Friday,Spring,False
2023-03-17,PROP008,0.791,6,23,294.2,Friday,Spring,False
2023-03-17,PROP009,0.95,1,28,274.1,Friday,Spring,False
2023-03-17,PROP010,0.619,11,18,263.77,Friday,Spring,False
2023-03-18,PROP001,0.892,3,26,265.33,Saturday,Spring,True
2023-03-18,PROP002,0.706,8,21,273.43,Saturday,Spring,True
2023-03-18,PROP003,0.774,6,23,256.73,Saturday,Spring,True
2023-03-18,PROP004,0.448,16,13,281.1,Saturday,Spring,True
2023-03-18,PROP005,0.921,2,27,281.4,Saturday,Spring,True
2023-03-18,PROP006,0.91,2,27,256.63,Saturday,Spring,True
2023-03-18,PROP007,0.95,1,28,267.37,Saturday,Spring,True
2023-03-18,PROP008,0.489,15,14,294.2,Saturday,Spring,True
2023-03-18,PROP009,0.696,9,20,274.1,Saturday,Spring,True
2023-03-18,PROP010,0.665,10,19,263.77,Saturday,Spring,True
2023-03-19,PROP001,0.557,13,16,265.33,Sunday,Spring,True
2023-03-19,PROP002,0.548,13,16,273.43,Sunday,Spring,True
2023-03-19,PROP003,0.769,6,23,256.73,Sunday,Spring,True
2023-03-19,PROP004,0.95,1,28,281.1,Sunday,Spring,True
2023-03-19,PROP005,0.95,1,28,281.4,Sunday,Spring,True
2023-03-19,PROP006,0.95,1,28,256.63,Sunday,Spring,True
2023-03-19,PROP007,0.507,14,15,267.37,Sunday,Spring,True
2023-03-19,PROP008,0.679,9,20,294.2,Sunday,Spring,True
2023-03-19,PROP009,0.589,12,17,274.1,Sunday,Spring,True
2023-03-19,PROP010,0.887,3,26,263.77,Sunday,Spring,True
2023-03-20,PROP001,0.575,12,17,265.33,Monday,Spring,False
2023-03-20,PROP002,0.802,5,24,273.43,Monday,Spring,False
2023-03-20,PROP003,0.818,5,24,256.73,Monday,Spring,False
2023-03-20,PROP004,0.623,11,18,281.1,Monday,Spring,False
2023-03-20,PROP005,0.873,3,26,281.4,Monday,Spring,False
2023-03-20,PROP006,0.902,2,27,256.63,Monday,Spring,False
2023-03-20,PROP007,0.789,6,23,267.37,Monday,Spring,False
2023-03-20,PROP008,0.662,10,19,294.2,Monday,Spring,False
2023-03-20,PROP009,0.445,16,13,274.1,Monday,Spring,False
2023-03-20,PROP010,0.701,8,21,263.77,Monday,Spring,False
2023-03-21,PROP001,0.853,4,25,265.33,Tuesday,Spring,False
2023-03-21,PROP002,0.636,10,19,273.43,Tuesday,Spring,False
2023-03-21,PROP003,0.806,5,24,256.73,Tuesday,Spring,False
2023-03-21,PROP004,0.801,5,24,281.1,Tuesday,Spring,False
2023-03-21,PROP005,0.894,3,26,281.4,Tuesday,Spring,False
2023-03-21,PROP006,0.796,6,23,256.63,Tuesday,Spring,False
2023-03-21,PROP007,0.832,5,24,267.37,Tuesday,Spring,False
2023-03-21,PROP008,0.551,13,16,294.2,Tuesday,Spring,False
2023-03-21,PROP009,0.609,11,18,274.1,Tuesday,Spring,False
2023-03-21,PROP010,0.692,9,20,263.77,Tuesday,Spring,False
2023-03-22,PROP001,0.792,6,23,265.33,Wednesday,Spring,False
2023-03-22,PROP002,0.51,14,15,273.43,Wednesday,Spring,False
2023-03-22,PROP003,0.781,6,23,256.73,Wednesday,Spring,False
2023-03-22,PROP004,0.445,16,13,281.1,Wednesday,Spring,False
2023-03-22,PROP005,0.706,8,21,281.4,Wednesday,Spring,False
2023-03-22,PROP006,0.594,12,17,256.63,Wednesday,Spring,False
2023-03-22,PROP007,0.684,9,20,267.37,Wednesday,Spring,False
2023-03-22,PROP008,0.699,9,20,294.2,Wednesday,Spring,False
2023-03-22,PROP009,0.67,9,20,274.1,Wednesday,Spring,False
2023-03-22,PROP010,0.64,10,19,263.77,Wednesday,Spring,False
2023-03-23,PROP001,0.666,10,19,265.33,Thursday,Spring,False
2023-03-23,PROP002,0.607,11,18,273.43,Thursday,Spring,False
2023-03-23,PROP003,0.79,6,23,256.73,Thursday,Spring,False
2023-03-23,PROP004,0.718,8,21,281.1,Thursday,Spring,False
2023-03-23,PROP005,0.845,4,25,281.4,Thursday,Spring,False
2023-03-23,PROP006,0.72,8,21,256.63,Thursday,Spring,False
2023-03-23,PROP007,0.816,5,24,267.37,Thursday,Spring,False
2023-03-23,PROP008,0.958,1,28,294.2,Thursday,Spring,False
2023-03-23,PROP009,0.782,6,23,274.1,Thursday,Spring,False
2023-03-23,PROP010,0.726,8,21,263.77,Thursday,Spring,False
2023-03-24,PROP001,0.796,6,23,265.33,Friday,Spring,False
2023-03-24,PROP002,0.397,18,11,273.43,Friday,Spring,False
2023-03-24,PROP003,0.95,1,28,256.73,Friday,Spring,False
2023-03-24,PROP004,0.907,2,27,281.1,Friday,Spring,False
2023-03-24,PROP005,0.798,6,23,281.4,Friday,Spring,False
2023-03-24,PROP006,0.95,1,28,256.63,Friday,Spring,False
2023-03-24,PROP007,0.839,4,25,267.37,Friday,Spring,False
2023-03-24,PROP008,0.95,1,28,294.2,Friday,Spring,False
2023-03-24,PROP009,0.95,1,28,274.1,Friday,Spring,False
2023-03-24,PROP010,0.811,5,24,263.77,Friday,Spring,False
2023-03-25,PROP001,0.705,8,21,265.33,Saturday,Spring,True
2023-03-25,PROP002,0.832,5,24,273.43,Saturday,Spring,True
2023-03-25,PROP003,0.624,11,18,256.73,Saturday,Spring,True
2023-03-25,PROP004,0.688,9,20,281.1,Saturday,Spring,True
2023-03-25,PROP005,0.862,4,25,281.4,Saturday,Spring,True
2023-03-25,PROP006,0.529,14,15,256.63,Saturday,Spring,True
2023-03-25,PROP007,0.795,6,23,267.37,Saturday,Spring,True
2023-03-25,PROP008,0.95,1,28,294.2,Saturday,Spring,True
2023-03-25,PROP009,0.707,8,21,274.1,Saturday,Spring,True
2023-03-25,PROP010,0.931,2,27,263.77,Saturday,Spring,True
2023-03-26,PROP001,0.877,3,26,265.33,Sunday,Spring,True
2023-03-26,PROP002,0.502,14,15,273.43,Sunday,Spring,True
2023-03-26,PROP003,0.95,1,28,256.73,Sunday,Spring,True
2023-03-26,PROP004,0.92,2,27,281.1,Sunday,Spring,True
2023-03-26,PROP005,0.95,1,28,281.4,Sunday,Spring,True
2023-03-26,PROP006,0.563,13,16,256.63,Sunday,Spring,True
2023-03-26,PROP007,0.938,1,28,267.37,Sunday,Spring,True
2023-03-26,PROP008,0.95,1,28,294.2,Sunday,Spring,True
2023-03-26,PROP009,0.889,3,26,274.1,Sunday,Spring,True
2023-03-26,PROP010,0.564,13,16,263.77,Sunday,Spring,True
2023-03-27,PROP001,0.511,14,15,265.33,Monday,Spring,False
2023-03-27,PROP002,0.753,7,22,273.43,Monday,Spring,False
2023-03-27,PROP003,0.793,6,23,256.73,Monday,Spring,False
2023-03-27,PROP004,0.503,14,15,281.1,Monday,Spring,False
2023-03-27,PROP005,0.751,7,22,281.4,Monday,Spring,False
2023-03-27,PROP006,0.951,1,28,256.63,Monday,Spring,False
2023-03-27,PROP007,0.451,16,13,267.37,Monday,Spring,False
2023-03-27,PROP008,0.821,5,24,294.2,Monday,Spring,False
2023-03-27,PROP009,0.794,6,23,274.1,Monday,Spring,False
2023-03-27,PROP010,0.819,5,24,263.77,Monday,Spring,False
2023-03-28,PROP001,0.843,4,25,265.33,Tuesday,Spring,False
2023-03-28,PROP002,0.839,4,25,273.43,Tuesday,Spring,False
2023-03-28,PROP003,0.777,6,23,256.73,Tuesday,Spring,False
2023-03-28,PROP004,0.715,8,21,281.1,Tuesday,Spring,False
2023-03-28,PROP005,0.784,6,23,281.4,Tuesday,Spring,False
2023-03-28,PROP006,0.599,12,17,256.63,Tuesday,Spring,False
2023-03-28,PROP007,0.614,11,18,267.37,Tuesday,Spring,False
2023-03-28,PROP008,0.946,1,28,294.2,Tuesday,Spring,False
2023-03-28,PROP009,0.743,7,22,274.1,Tuesday,Spring,False
2023-03-28,PROP010,0.764,7,22,263.77,Tuesday,Spring,False
2023-03-29,PROP001,0.697,9,20,265.33,Wednesday,Spring,False
2023-03-29,PROP002,0.855,4,25,273.43,Wednesday,Spring,False
2023-03-29,PROP003,0.667,9,20,256.73,Wednesday,Spring,False
2023-03-29,PROP004,0.523,14,15,281.1,Wednesday,Spring,False
2023-03-29,PROP005,0.837,4,25,281.4,Wednesday,Spring,False
2023-03-29,PROP006,0.812,5,24,256.63,Wednesday,Spring,False
2023-03-29,PROP007,0.682,9,20,267.37,Wednesday,Spring,False
2023-03-29,PROP008,0.69,9,20,294.2,Wednesday,Spring,False
2023-03-29,PROP009,0.46,16,13,274.1,Wednesday,Spring,False
2023-03-29,PROP010,0.496,15,14,263.77,Wednesday,Spring,False
2023-03-30,PROP001,0.931,2,27,265.33,Thursday,Spring,False
2023-03-30,PROP002,0.56,13,16,273.43,Thursday,Spring,False
2023-03-30,PROP003,0.789,6,23,256.73,Thursday,Spring,False
2023-03-30,PROP004,0.792,6,23,281.1,Thursday,Spring,False
2023-03-30,PROP005,0.742,7,22,281.4,Thursday,Spring,False
2023-03-30,PROP006,0.739,7,22,256.63,Thursday,Spring,False
2023-03-30,PROP007,0.663,10,19,267.37,Thursday,Spring,False
2023-03-30,PROP008,0.834,4,25,294.2,Thursday,Spring,False
2023-03-30,PROP009,0.701,8,21,274.1,Thursday,Spring,False
2023-03-30,PROP010,0.494,15,14,263.77,Thursday,Spring,False
2023-03-31,PROP001,0.912,2,27,265.33,Friday,Spring,False
2023-03-31,PROP002,0.561,13,16,273.43,Friday,Spring,False
2023-03-31,PROP003,0.765,7,22,256.73,Friday,Spring,False
2023-03-31,PROP004,0.924,2,27,281.1,Friday,Spring,False
2023-03-31,PROP005,0.54,13,16,281.4,Friday,Spring,False
2023-03-31,PROP006,0.722,8,21,256.63,Friday,Spring,False
2023-03-31,PROP007,0.692,9,20,267.37,Friday,Spring,False
2023-03-31,PROP008,0.688,9,20,294.2,Friday,Spring,False
2023-03-31,PROP009,0.95,1,28,274.1,Friday,Spring,False
2023-03-31,PROP010,0.695,9,20,263.77,Friday,Spring,False
2023-04-01,PROP001,0.894,3,26,265.33,Saturday,Spring,True
2023-04-01,PROP002,0.772,6,23,273.43,Saturday,Spring,True
2023-04-01,PROP003,0.858,4,25,256.73,Saturday,Spring,True
2023-04-01,PROP004,0.95,1,28,281.1,Saturday,Spring,True
2023-04-01,PROP005,0.894,3,26,281.4,Saturday,Spring,True
2023-04-01,PROP006,0.927,2,27,256.63,Saturday,Spring,True
2023-04-01,PROP007,0.681,9,20,267.37,Saturday,Spring,True
2023-04-01,PROP008,0.638,10,19,294.2,Saturday,Spring,True
2023-04-01,PROP009,0.95,1,28,274.1,Saturday,Spring,True
2023-04-01,PROP010,0.642,10,19,263.77,Saturday,Spring,True
2023-04-02,PROP001,0.826,5,24,265.33,Sunday,Spring,True
2023-04-02,PROP002,0.66,10,19,273.43,Sunday,Spring,True
2023-04-02,PROP003,0.744,7,22,256.73,Sunday,Spring,True
2023-04-02,PROP004,0.634,10,19,281.1,Sunday,Spring,True
2023-04-02,PROP005,0.489,15,14,281.4,Sunday,Spring,True
2023-04-02,PROP006,0.881,3,26,256.63,Sunday,Spring,True
2023-04-02,PROP007,0.748,7,22,267.37,Sunday,Spring,True
2023-04-02,PROP008,0.95,1,28,294.2,Sunday,Spring,True
2023-04-02,PROP009,0.903,2,27,274.1,Sunday,Spring,True
2023-04-02,PROP010,0.78,6,23,263.77,Sunday,Spring,True
2023-04-03,PROP001,0.563,13,16,265.33,Monday,Spring,False
2023-04-03,PROP002,0.757,7,22,273.43,Monday,Spring,False
2023-04-03,PROP003,0.788,6,23,256.73,Monday,Spring,False
2023-04-03,PROP004,0.485,15,14,281.1,Monday,Spring,False
2023-04-03,PROP005,0.763,7,22,281.4,Monday,Spring,False
2023-04-03,PROP006,0.479,15,14,256.63,Monday,Spring,False
2023-04-03,PROP007,0.686,9,20,267.37,Monday,Spring,False
2023-04-03,PROP008,0.718,8,21,294.2,Monday,Spring,False
2023-04-03,PROP009,0.744,7,22,274.1,Monday,Spring,False
2023-04-03,PROP010,0.571,12,17,263.77,Monday,Spring,False
2023-04-04,PROP001,0.902,2,27,265.33,Tuesday,Spring,False
2023-04-04,PROP002,0.771,6,23,273.43,Tuesday,Spring,False
2023-04-04,PROP003,0.577,12,17,256.73,Tuesday,Spring,False
2023-04-04,PROP004,0.849,4,25,281.1,Tuesday,Spring,False
2023-04-04,PROP005,0.792,6,23,281.4,Tuesday,Spring,False
2023-04-04,PROP006,0.562,13,16,256.63,Tuesday,Spring,False
2023-04-04,PROP007,0.814,5,24,267.37,Tuesday,Spring,False
2023-04-04,PROP008,0.717,8,21,294.2,Tuesday,Spring,False
2023-04-04,PROP009,0.801,5,24,274.1,Tuesday,Spring,False
2023-04-04,PROP010,0.792,6,23,263.77,Tuesday,Spring,False
2023-04-05,PROP001,0.837,4,25,265.33,Wednesday,Spring,False
2023-04-05,PROP002,0.494,15,14,273.43,Wednesday,Spring,False
2023-04-05,PROP003,0.735,7,22,256.73,Wednesday,Spring,False
2023-04-05,PROP004,0.792,6,23,281.1,Wednesday,Spring,False
2023-04-05,PROP005,0.971,0,29,281.4,Wednesday,Spring,False
2023-04-05,PROP006,0.685,9,20,256.63,Wednesday,Spring,False
2023-04-05,PROP007,0.545,13,16,267.37,Wednesday,Spring,False
2023-04-05,PROP008,0.753,7,22,294.2,Wednesday,Spring,False
2023-04-05,PROP009,0.754,7,22,274.1,Wednesday,Spring,False
2023-04-05,PROP010,0.649,10,19,263.77,Wednesday,Spring,False
2023-04-06,PROP001,0.786,6,23,265.33,Thursday,Spring,False
2023-04-06,PROP002,0.725,8,21,273.43,Thursday,Spring,False
2023-04-06,PROP003,0.756,7,22,256.73,Thursday,Spring,False
2023-04-06,PROP004,0.872,3,26,281.1,Thursday,Spring,False
2023-04-06,PROP005,0.823,5,24,281.4,Thursday,Spring,False
2023-04-06,PROP006,0.34,19,10,256.63,Thursday,Spring,False
2023-04-06,PROP007,0.771,6,23,267.37,Thursday,Spring,False
2023-04-06,PROP008,0.534,13,16,294.2,Thursday,Spring,False
2023-04-06,PROP009,0.817,5,24,274.1,Thursday,Spring,False
2023-04-06,PROP010,0.932,2,27,263.77,Thursday,Spring,False
2023-04-07,PROP001,0.862,4,25,265.33,Friday,Spring,False
2023-04-07,PROP002,0.706,8,21,273.43,Friday,Spring,False
2023-04-07,PROP003,0.908,2,27,256.73,Friday,Spring,False
2023-04-07,PROP004,0.817,5,24,281.1,Friday,Spring,False
2023-04-07,PROP005,0.612,11,18,281.4,Friday,Spring,False
2023-04-07,PROP006,0.902,2,27,256.63,Friday,Spring,False
2023-04-07,PROP007,0.693,9,20,267.37,Friday,Spring,False
2023-04-07,PROP008,0.785,6,23,294.2,Friday,Spring,False
2023-04-07,PROP009,0.704,8,21,274.1,Friday,Spring,False
2023-04-07,PROP010,0.95,1,28,263.77,Friday,Spring,False
2023-04-08,PROP001,0.81,5,24,265.33,Saturday,Spring,True
2023-04-08,PROP002,0.82,5,24,273.43,Saturday,Spring,True
2023-04-08,PROP003,0.816,5,24,256.73,Saturday,Spring,True
2023-04-08,PROP004,0.942,1,28,281.1,Saturday,Spring,True
2023-04-08,PROP005,0.704,8,21,281.4,Saturday,Spring,True
2023-04-08,PROP006,0.881,3,26,256.63,Saturday,Spring,True
2023-04-08,PROP007,0.95,1,28,267.37,Saturday,Spring,True
2023-04-08,PROP008,0.906,2,27,294.2,Saturday,Spring,True
2023-04-08,PROP009,0.95,1,28,274.1,Saturday,Spring,True
2023-04-08,PROP010,0.862,4,25,263.77,Saturday,Spring,True
2023-04-09,PROP001,0.846,4,25,265.33,Sunday,Spring,True
2023-04-09,PROP002,0.763,7,22,273.43,Sunday,Spring,True
2023-04-09,PROP003,0.95,1,28,256.73,Sunday,Spring,True
2023-04-09,PROP004,0.689,9,20,281.1,Sunday,Spring,True
2023-04-09,PROP005,0.95,1,28,281.4,Sunday,Spring,True
2023-04-09,PROP006,0.79,6,23,256.63,Sunday,Spring,True
2023-04-09,PROP007,0.95,1,28,267.37,Sunday,Spring,True
2023-04-09,PROP008,0.733,8,21,294.2,Sunday,Spring,True
2023-04-09,PROP009,0.815,5,24,274.1,Sunday,Spring,True
2023-04-09,PROP010,0.829,5,24,263.77,Sunday,Spring,True
2023-04-10,PROP001,0.776,6,23,265.33,Monday,Spring,False
2023-04-10,PROP002,0.836,4,25,273.43,Monday,Spring,False
2023-04-10,PROP003,0.616,11,18,256.73,Monday,Spring,False
2023-04-10,PROP004,0.511,14,15,281.1,Monday,Spring,False
2023-04-10,PROP005,0.476,15,14,281.4,Monday,Spring,False
2023-04-10,PROP006,0.881,3,26,256.63,Monday,Spring,False
2023-04-10,PROP007,0.915,2,27,267.37,Monday,Spring,False
2023-04-10,PROP008,0.751,7,22,294.2,Monday,Spring,False
2023-04-10,PROP009,0.733,8,21,274.1,Monday,Spring,False
2023-04-10,PROP010,0.704,8,21,263.77,Monday,Spring,False
2023-04-11,PROP001,0.534,13,16,265.33,Tuesday,Spring,False
2023-04-11,PROP002,0.663,10,19,273.43,Tuesday,Spring,False
2023-04-11,PROP003,0.568,12,17,256.73,Tuesday,Spring,False
2023-04-11,PROP004,0.681,9,20,281.1,Tuesday,Spring,False
2023-04-11,PROP005,0.837,4,25,281.4,Tuesday,Spring,False
2023-04-11,PROP006,0.86,4,25,256.63,Tuesday,Spring,False
2023-04-11,PROP007,0.731,8,21,267.37,Tuesday,Spring,False
2023-04-11,PROP008,0.775,6,23,294.2,Tuesday,Spring,False
2023-04-11,PROP009,0.53,14,15,274.1,Tuesday,Spring,False
2023-04-11,PROP010,0.746,7,22,263.77,Tuesday,Spring,False
2023-04-12,PROP001,0.73,8,21,265.33,Wednesday,Spring,False
2023-04-12,PROP002,0.714,8,21,273.43,Wednesday,Spring,False
2023-04-12,PROP003,0.522,14,15,256.73,Wednesday,Spring,False
2023-04-12,PROP004,0.8,6,23,281.1,Wednesday,Spring,False
2023-04-12,PROP005,0.848,4,25,281.4,Wednesday,Spring,False
2023-04-12,PROP006,0.76,7,22,256.63,Wednesday,Spring,False
2023-04-12,PROP007,0.842,4,25,267.37,Wednesday,Spring,False
2023-04-12,PROP008,0.756,7,22,294.2,Wednesday,Spring,False
2023-04-12,PROP009,0.825,5,24,274.1,Wednesday,Spring,False
2023-04-12,PROP010,0.654,10,19,263.77,Wednesday,Spring,False
2023-04-13,PROP001,0.527,14,15,265.33,Thursday,Spring,False
2023-04-13,PROP002,0.793,6,23,273.43,Thursday,Spring,False
2023-04-13,PROP003,0.596,12,17,256.73,Thursday,Spring,False
2023-04-13,PROP004,0.732,8,21,281.1,Thursday,Spring,False
2023-04-13,PROP005,0.661,10,19,281.4,Thursday,Spring,False
2023-04-13,PROP006,0.589,12,17,256.63,Thursday,Spring,False
2023-04-13,PROP007,0.564,13,16,267.37,Thursday,Spring,False
2023-04-13,PROP008,0.515,14,15,294.2,Thursday,Spring,False
2023-04-13,PROP009,0.91,2,27,274.1,Thursday,Spring,False
2023-04-13,PROP010,0.709,8,21,263.77,Thursday,Spring,False
2023-04-14,PROP001,0.867,3,26,265.33,Friday,Spring,False
2023-04-14,PROP002,0.921,2,27,273.43,Friday,Spring,False
2023-04-14,PROP003,0.526,14,15,256.73,Friday,Spring,False
2023-04-14,PROP004,0.823,5,24,281.1,Friday,Spring,False
2023-04-14,PROP005,0.95,1,28,281.4,Friday,Spring,False
2023-04-14,PROP006,0.95,1,28,256.63,Friday,Spring,False
2023-04-14,PROP007,0.875,3,26,267.37,Friday,Spring,False
2023-04-14,PROP008,0.684,9,20,294.2,Friday,Spring,False
2023-04-14,PROP009,0.921,2,27,274.1,Friday,Spring,False
2023-04-14,PROP010,0.896,3,26,263.77,Friday,Spring,False
2023-04-15,PROP001,0.712,8,21,265.33,Saturday,Spring,True
2023-04-15,PROP002,0.742,7,22,273.43,Saturday,Spring,True
2023-04-15,PROP003,0.788,6,23,256.73,Saturday,Spring,True
2023-04-15,PROP004,0.691,9,20,281.1,Saturday,Spring,True
2023-04-15,PROP005,0.921,2,27,281.4,Saturday,Spring,True
2023-04-15,PROP006,0.379,18,11,256.63,Saturday,Spring,True
2023-04-15,PROP007,0.95,1,28,267.37,Saturday,Spring,True
2023-04-15,PROP008,0.95,1,28,294.2,Saturday,Spring,True
2023-04-15,PROP009,0.719,8,21,274.1,Saturday,Spring,True
2023-04-15,PROP010,0.84,4,25,263.77,Saturday,Spring,True
2023-04-16,PROP001,0.741,7,22,265.33,Sunday,Spring,True
2023-04-16,PROP002,0.95,1,28,273.43,Sunday,Spring,True
2023-04-16,PROP003,0.949,1,28,256.73,Sunday,Spring,True
2023-04-16,PROP004,0.784,6,23,281.1,Sunday,Spring,True
2023-04-16,PROP005,0.722,8,21,281.4,Sunday,Spring,True
2023-04-16,PROP006,0.546,13,16,256.63,Sunday,Spring,True
2023-04-16,PROP007,0.95,1,28,267.37,Sunday,Spring,True
2023-04-16,PROP008,0.857,4,25,294.2,Sunday,Spring,True
2023-04-16,PROP009,0.833,5,24,274.1,Sunday,Spring,True
2023-04-16,PROP010,0.781,6,23,263.77,Sunday,Spring,True
2023-04-17,PROP001,0.68,9,20,265.33,Monday,Spring,False
2023-04-17,PROP002,0.79,6,23,273.43,Monday,Spring,False
2023-04-17,PROP003,0.728,8,21,256.73,Monday,Spring,False
2023-04-17,PROP004,0.738,7,22,281.1,Monday,Spring,False
2023-04-17,PROP005,0.429,17,12,281.4,Monday,Spring,False
2023-04-17,PROP006,0.472,15,14,256.63,Monday,Spring,False
2023-04-17,PROP007,0.911,2,27,267.37,Monday,Spring,False
2023-04-17,PROP008,0.534,13,16,294.2,Monday,Spring,False
2023-04-17,PROP009,0.865,4,25,274.1,Monday,Spring,False
2023-04-17,PROP010,0.751,7,22,263.77,Monday,Spring,False
2023-04-18,PROP001,0.79,6,23,265.33,Tuesday,Spring,False
2023-04-18,PROP002,0.741,7,22,273.43,Tuesday,Spring,False
2023-04-18,PROP003,0.838,4,25,256.73,Tuesday,Spring,False
2023-04-18,PROP004,0.894,3,26,281.1,Tuesday,Spring,False
2023-04-18,PROP005,0.65,10,19,281.4,Tuesday,Spring,False
2023-04-18,PROP006,0.489,15,14,256.63,Tuesday,Spring,False
2023-04-18,PROP007,0.819,5,24,267.37,Tuesday,Spring,False
2023-04-18,PROP008,0.972,0,29,294.2,Tuesday,Spring,False
2023-04-18,PROP009,0.573,12,17,274.1,Tuesday,Spring,False
2023-04-18,PROP010,0.93,2,27,263.77,Tuesday,Spring,False
2023-04-19,PROP001,0.882,3,26,265.33,Wednesday,Spring,False
2023-04-19,PROP002,0.521,14,15,273.43,Wednesday,Spring,False
2023-04-19,PROP003,0.746,7,22,256.73,Wednesday,Spring,False
2023-04-19,PROP004,0.696,9,20,281.1,Wednesday,Spring,False
2023-04-19,PROP005,0.608,11,18,281.4,Wednesday,Spring,False
2023-04-19,PROP006,0.807,5,24,256.63,Wednesday,Spring,False
2023-04-19,PROP007,0.82,5,24,267.37,Wednesday,Spring,False
2023-04-19,PROP008,0.658,10,19,294.2,Wednesday,Spring,False
2023-04-19,PROP009,0.681,9,20,274.1,Wednesday,Spring,False
2023-04-19,PROP010,0.55,13,16,263.77,Wednesday,Spring,False
2023-04-20,PROP001,0.659,10,19,265.33,Thursday,Spring,False
2023-04-20,PROP002,0.705,8,21,273.43,Thursday,Spring,False
2023-04-20,PROP003,0.705,8,21,256.73,Thursday,Spring,False
2023-04-20,PROP004,0.504,14,15,281.1,Thursday,Spring,False
2023-04-20,PROP005,0.85,4,25,281.4,Thursday,Spring,False
2023-04-20,PROP006,0.53,14,15,256.63,Thursday,Spring,False
2023-04-20,PROP007,0.741,7,22,267.37,Thursday,Spring,False
2023-04-20,PROP008,0.637,10,19,294.2,Thursday,Spring,False
2023-04-20,PROP009,0.679,9,20,274.1,Thursday,Spring,False
2023-04-20,PROP010,0.571,12,17,263.77,Thursday,Spring,False
2023-04-21,PROP001,0.855,4,25,265.33,Friday,Spring,False
2023-04-21,PROP002,0.95,1,28,273.43,Friday,Spring,False
2023-04-21,PROP003,0.95,1,28,256.73,Friday,Spring,False
2023-04-21,PROP004,0.701,8,21,281.1,Friday,Spring,False
2023-04-21,PROP005,0.733,8,21,281.4,Friday,Spring,False
2023-04-21,PROP006,0.682,9,20,256.63,Friday,Spring,False
2023-04-21,PROP007,0.524,14,15,267.37,Friday,Spring,False
2023-04-21,PROP008,0.639,10,19,294.2,Friday,Spring,False
2023-04-21,PROP009,0.926,2,27,274.1,Friday,Spring,False
2023-04-21,PROP010,0.812,5,24,263.77,Friday,Spring,False
2023-04-22,PROP001,0.95,1,28,265.33,Saturday,Spring,True
2023-04-22,PROP002,0.772,6,23,273.43,Saturday,Spring,True
2023-04-22,PROP003,0.702,8,21,256.73,Saturday,Spring,True
2023-04-22,PROP004,0.929,2,27,281.1,Saturday,Spring,True
2023-04-22,PROP005,0.908,2,27,281.4,Saturday,Spring,True
2023-04-22,PROP006,0.591,12,17,256.63,Saturday,Spring,True
2023-04-22,PROP007,0.681,9,20,267.37,Saturday,Spring,True
2023-04-22,PROP008,0.937,1,28,294.2,Saturday,Spring,True
2023-04-22,PROP009,0.703,8,21,274.1,Saturday,Spring,True
2023-04-22,PROP010,0.87,3,26,263.77,Saturday,Spring,True
2023-04-23,PROP001,0.95,1,28,265.33,Sunday,Spring,True
2023-04-23,PROP002,0.95,1,28,273.43,Sunday,Spring,True
2023-04-23,PROP003,0.95,1,28,256.73,Sunday,Spring,True
2023-04-23,PROP004,0.493,15,14,281.1,Sunday,Spring,True
2023-04-23,PROP005,0.607,11,18,281.4,Sunday,Spring,True
2023-04-23,PROP006,0.95,1,28,256.63,Sunday,Spring,True
2023-04-23,PROP007,0.95,1,28,267.37,Sunday,Spring,True
2023-04-23,PROP008,0.713,8,21,294.2,Sunday,Spring,True
2023-04-23,PROP009,0.604,11,18,274.1,Sunday,Spring,True
2023-04-23,PROP010,0.95,1,28,263.77,Sunday,Spring,True
2023-04-24,PROP001,0.794,6,23,265.33,Monday,Spring,False
2023-04-24,PROP002,0.782,6,23,273.43,Monday,Spring,False
2023-04-24,PROP003,0.772,6,23,256.73,Monday,Spring,False
2023-04-24,PROP004,0.695,9,20,281.1,Monday,Spring,False
2023-04-24,PROP005,0.704,8,21,281.4,Monday,Spring,False
2023-04-24,PROP006,0.783,6,23,256.63,Monday,Spring,False
2023-04-24,PROP007,0.44,16,13,267.37,Monday,Spring,False
2023-04-24,PROP008,0.758,7,22,294.2,Monday,Spring,False
2023-04-24,PROP009,0.69,9,20,274.1,Monday,Spring,False
2023-04-24,PROP010,0.761,7,22,263.77,Monday,Spring,False
2023-04-25,PROP001,0.808,5,24,265.33,Tuesday,Spring,False
2023-04-25,PROP002,0.802,5,24,273.43,Tuesday,Spring,False
2023-04-25,PROP003,0.623,11,18,256.73,Tuesday,Spring,False
2023-04-25,PROP004,0.671,9,20,281.1,Tuesday,Spring,False
2023-04-25,PROP005,0.63,11,18,281.4,Tuesday,Spring,False
2023-04-25,PROP006,0.536,13,16,256.63,Tuesday,Spring,False
2023-04-25,PROP007,0.745,7,22,267.37,Tuesday,Spring,False
2023-04-25,PROP008,0.418,17,12,294.2,Tuesday,Spring,False
2023-04-25,PROP009,0.807,5,24,274.1,Tuesday,Spring,False
2023-04-25,PROP010,0.626,11,18,263.77,Tuesday,Spring,False
2023-04-26,PROP001,0.604,11,18,265.33,Wednesday,Spring,False
2023-04-26,PROP002,0.617,11,18,273.43,Wednesday,Spring,False
2023-04-26,PROP003,0.449,16,13,256.73,Wednesday,Spring,False
2023-04-26,PROP004,0.783,6,23,281.1,Wednesday,Spring,False
2023-04-26,PROP005,0.744,7,22,281.4,Wednesday,Spring,False
2023-04-26,PROP006,0.823,5,24,256.63,Wednesday,Spring,False
2023-04-26,PROP007,0.653,10,19,267.37,Wednesday,Spring,False
2023-04-26,PROP008,0.6,11,18,294.2,Wednesday,Spring,False
2023-04-26,PROP009,0.812,5,24,274.1,Wednesday,Spring,False
2023-04-26,PROP010,0.655,10,19,263.77,Wednesday,Spring,False
2023-04-27,PROP001,0.888,3,26,265.33,Thursday,Spring,False
2023-04-27,PROP002,0.791,6,23,273.43,Thursday,Spring,False
2023-04-27,PROP003,0.622,11,18,256.73,Thursday,Spring,False
2023-04-27,PROP004,0.784,6,23,281.1,Thursday,Spring,False
2023-04-27,PROP005,0.769,6,23,281.4,Thursday,Spring,False
2023-04-27,PROP006,0.751,7,22,256.63,Thursday,Spring,False
2023-04-27,PROP007,0.678,9,20,267.37,Thursday,Spring,False
2023-04-27,PROP008,0.906,2,27,294.2,Thursday,Spring,False
2023-04-27,PROP009,0.543,13,16,274.1,Thursday,Spring,False
2023-04-27,PROP010,0.788,6,23,263.77,Thursday,Spring,False
2023-04-28,PROP001,0.784,6,23,265.33,Friday,Spring,False
2023-04-28,PROP002,0.95,1,28,273.43,Friday,Spring,False
2023-04-28,PROP003,0.405,17,12,256.73,Friday,Spring,False
2023-04-28,PROP004,0.853,4,25,281.1,Friday,Spring,False
2023-04-28,PROP005,0.95,1,28,281.4,Friday,Spring,False
2023-04-28,PROP006,0.703,8,21,256.63,Friday,Spring,False
2023-04-28,PROP007,0.891,3,26,267.37,Friday,Spring,False
2023-04-28,PROP008,0.598,12,17,294.2,Friday,Spring,False
2023-04-28,PROP009,0.949,1,28,274.1,Friday,Spring,False
2023-04-28,PROP010,0.614,11,18,263.77,Friday,Spring,False
2023-04-29,PROP001,0.613,11,18,265.33,Saturday,Spring,True
2023-04-29,PROP002,0.743,7,22,273.43,Saturday,Spring,True
2023-04-29,PROP003,0.756,7,22,256.73,Saturday,Spring,True
2023-04-29,PROP004,0.671,9,20,281.1,Saturday,Spring,True
2023-04-29,PROP005,0.835,4,25,281.4,Saturday,Spring,True
2023-04-29,PROP006,0.813,5,24,256.63,Saturday,Spring,True
2023-04-29,PROP007,0.896,3,26,267.37,Saturday,Spring,True
2023-04-29,PROP008,0.526,14,15,294.2,Saturday,Spring,True
2023-04-29,PROP009,0.95,1,28,274.1,Saturday,Spring,True
2023-04-29,PROP010,0.569,12,17,263.77,Saturday,Spring,True
2023-04-30,PROP001,0.95,1,28,265.33,Sunday,Spring,True
2023-04-30,PROP002,0.756,7,22,273.43,Sunday,Spring,True
2023-04-30,PROP003,0.709,8,21,256.73,Sunday,Spring,True
2023-04-30,PROP004,0.903,2,27,281.1,Sunday,Spring,True
2023-04-30,PROP005,0.782,6,23,281.4,Sunday,Spring,True
2023-04-30,PROP006,0.95,1,28,256.63,Sunday,Spring,True
2023-04-30,PROP007,0.95,1,28,267.37,Sunday,Spring,True
2023-04-30,PROP008,0.902,2,27,294.2,Sunday,Spring,True
2023-04-30,PROP009,0.925,2,27,274.1,Sunday,Spring,True
2023-04-30,PROP010,0.703,8,21,263.77,Sunday,Spring,True
2023-05-01,PROP001,0.672,9,20,265.33,Monday,Spring,True
2023-05-01,PROP002,0.975,0,29,273.43,Monday,Spring,True
2023-05-01,PROP003,0.913,2,27,256.73,Monday,Spring,True
2023-05-01,PROP004,0.92,2,27,281.1,Monday,Spring,True
2023-05-01,PROP005,0.719,8,21,281.4,Monday,Spring,True
2023-05-01,PROP006,0.873,3,26,256.63,Monday,Spring,True
2023-05-01,PROP007,0.82,5,24,267.37,Monday,Spring,True
2023-05-01,PROP008,0.805,5,24,294.2,Monday,Spring,True
2023-05-01,PROP009,0.819,5,24,274.1,Monday,Spring,True
2023-05-01,PROP010,0.722,8,21,263.77,Monday,Spring,True
2023-05-02,PROP001,0.786,6,23,265.33,Tuesday,Spring,False
2023-05-02,PROP002,0.542,13,16,273.43,Tuesday,Spring,False
2023-05-02,PROP003,0.838,4,25,256.73,Tuesday,Spring,False
2023-05-02,PROP004,0.764,7,22,281.1,Tuesday,Spring,False
2023-05-02,PROP005,0.673,9,20,281.4,Tuesday,Spring,False
2023-05-02,PROP006,0.414,17,12,256.63,Tuesday,Spring,False
2023-05-02,PROP007,0.632,11,18,267.37,Tuesday,Spring,False
2023-05-02,PROP008,0.766,7,22,294.2,Tuesday,Spring,False
2023-05-02,PROP009,0.854,4,25,274.1,Tuesday,Spring,False
2023-05-02,PROP010,0.711,8,21,263.77,Tuesday,Spring,False
2023-05-03,PROP001,0.501,14,15,265.33,Wednesday,Spring,False
2023-05-03,PROP002,0.468,15,14,273.43,Wednesday,Spring,False
2023-05-03,PROP003,0.767,6,23,256.73,Wednesday,Spring,False
2023-05-03,PROP004,0.685,9,20,281.1,Wednesday,Spring,False
2023-05-03,PROP005,0.638,10,19,281.4,Wednesday,Spring,False
2023-05-03,PROP006,0.746,7,22,256.63,Wednesday,Spring,False
2023-05-03,PROP007,0.932,2,27,267.37,Wednesday,Spring,False
2023-05-03,PROP008,0.884,3,26,294.2,Wednesday,Spring,False
2023-05-03,PROP009,0.817,5,24,274.1,Wednesday,Spring,False
2023-05-03,PROP010,0.613,11,18,263.77,Wednesday,Spring,False
2023-05-04,PROP001,0.855,4,25,265.33,Thursday,Spring,False
2023-05-04,PROP002,0.364,19,10,273.43,Thursday,Spring,False
2023-05-04,PROP003,0.61,11,18,256.73,Thursday,Spring,False
2023-05-04,PROP004,0.845,4,25,281.1,Thursday,Spring,False
2023-05-04,PROP005,0.701,8,21,281.4,Thursday,Spring,False
2023-05-04,PROP006,0.842,4,25,256.63,Thursday,Spring,False
2023-05-04,PROP007,0.398,18,11,267.37,Thursday,Spring,False
2023-05-04,PROP008,0.833,5,24,294.2,Thursday,Spring,False
2023-05-04,PROP009,0.588,12,17,274.1,Thursday,Spring,False
2023-05-04,PROP010,0.756,7,22,263.77,Thursday,Spring,False
2023-05-05,PROP001,0.68,9,20,265.33,Friday,Spring,False
2023-05-05,PROP002,0.786,6,23,273.43,Friday,Spring,False
2023-05-05,PROP003,0.95,1,28,256.73,Friday,Spring,False
2023-05-05,PROP004,0.95,1,28,281.1,Friday,Spring,False
2023-05-05,PROP005,0.95,1,28,281.4,Friday,Spring,False
2023-05-05,PROP006,0.648,10,19,256.63,Friday,Spring,False
2023-05-05,PROP007,0.95,1,28,267.37,Friday,Spring,False
2023-05-05,PROP008,0.886,3,26,294.2,Friday,Spring,False
2023-05-05,PROP009,0.95,1,28,274.1,Friday,Spring,False
2023-05-05,PROP010,0.95,1,28,263.77,Friday,Spring,False
2023-05-06,PROP001,0.792,6,23,265.33,Saturday,Spring,True
2023-05-06,PROP002,0.703,8,21,273.43,Saturday,Spring,True
2023-05-06,PROP003,0.859,4,25,256.73,Saturday,Spring,True
2023-05-06,PROP004,0.862,4,25,281.1,Saturday,Spring,True
2023-05-06,PROP005,0.739,7,22,281.4,Saturday,Spring,True
2023-05-06,PROP006,0.75,7,22,256.63,Saturday,Spring,True
2023-05-06,PROP007,0.848,4,25,267.37,Saturday,Spring,True
2023-05-06,PROP008,0.701,8,21,294.2,Saturday,Spring,True
2023-05-06,PROP009,0.887,3,26,274.1,Saturday,Spring,True
2023-05-06,PROP010,0.95,1,28,263.77,Saturday,Spring,True
2023-05-07,PROP001,0.95,1,28,265.33,Sunday,Spring,True
2023-05-07,PROP002,0.796,6,23,273.43,Sunday,Spring,True
2023-05-07,PROP003,0.663,10,19,256.73,Sunday,Spring,True
2023-05-07,PROP004,0.95,1,28,281.1,Sunday,Spring,True
2023-05-07,PROP005,0.554,13,16,281.4,Sunday,Spring,True
2023-05-07,PROP006,0.882,3,26,256.63,Sunday,Spring,True
2023-05-07,PROP007,0.95,1,28,267.37,Sunday,Spring,True
2023-05-07,PROP008,0.637,10,19,294.2,Sunday,Spring,True
2023-05-07,PROP009,0.747,7,22,274.1,Sunday,Spring,True
2023-05-07,PROP010,0.786,6,23,263.77,Sunday,Spring,True
2023-05-08,PROP001,0.274,21,8,265.33,Monday,Spring,False
2023-05-08,PROP002,0.566,13,16,273.43,Monday,Spring,False
2023-05-08,PROP003,0.558,13,16,256.73,Monday,Spring,False
2023-05-08,PROP004,0.826,5,24,281.1,Monday,Spring,False
2023-05-08,PROP005,0.602,11,18,281.4,Monday,Spring,False
2023-05-08,PROP006,0.655,10,19,256.63,Monday,Spring,False
2023-05-08,PROP007,0.758,7,22,267.37,Monday,Spring,False
2023-05-08,PROP008,0.644,10,19,294.2,Monday,Spring,False
2023-05-08,PROP009,0.767,6,23,274.1,Monday,Spring,False
2023-05-08,PROP010,0.531,14,15,263.77,Monday,Spring,False
2023-05-09,PROP001,0.731,8,21,265.33,Tuesday,Spring,False
2023-05-09,PROP002,0.659,10,19,273.43,Tuesday,Spring,False
2023-05-09,PROP003,0.826,5,24,256.73,Tuesday,Spring,False
2023-05-09,PROP004,0.619,11,18,281.1,Tuesday,Spring,False
2023-05-09,PROP005,0.376,18,11,281.4,Tuesday,Spring,False
2023-05-09,PROP006,0.744,7,22,256.63,Tuesday,Spring,False
2023-05-09,PROP007,0.459,16,13,267.37,Tuesday,Spring,False
2023-05-09,PROP008,0.558,13,16,294.2,Tuesday,Spring,False
2023-05-09,PROP009,0.661,10,19,274.1,Tuesday,Spring,False
2023-05-09,PROP010,0.831,5,24,263.77,Tuesday,Spring,False
2023-05-10,PROP001,0.762,7,22,265.33,Wednesday,Spring,False
2023-05-10,PROP002,0.841,4,25,273.43,Wednesday,Spring,False
2023-05-10,PROP003,0.715,8,21,256.73,Wednesday,Spring,False
2023-05-10,PROP004,0.889,3,26,281.1,Wednesday,Spring,False
2023-05-10,PROP005,0.533,14,15,281.4,Wednesday,Spring,False
2023-05-10,PROP006,0.784,6,23,256.63,Wednesday,Spring,False
2023-05-10,PROP007,0.889,3,26,267.37,Wednesday,Spring,False
2023-05-10,PROP008,0.336,19,10,294.2,Wednesday,Spring,False
2023-05-10,PROP009,0.626,11,18,274.1,Wednesday,Spring,False
2023-05-10,PROP010,0.593,12,17,263.77,Wednesday,Spring,False
2023-05-11,PROP001,0.81,5,24,265.33,Thursday,Spring,False
2023-05-11,PROP002,0.694,9,20,273.43,Thursday,Spring,False
2023-05-11,PROP003,0.434,16,13,256.73,Thursday,Spring,False
2023-05-11,PROP004,0.532,14,15,281.1,Thursday,Spring,False
2023-05-11,PROP005,0.84,4,25,281.4,Thursday,Spring,False
2023-05-11,PROP006,0.307,20,9,256.63,Thursday,Spring,False
2023-05-11,PROP007,0.747,7,22,267.37,Thursday,Spring,False
2023-05-11,PROP008,0.848,4,25,294.2,Thursday,Spring,False
2023-05-11,PROP009,0.8,6,23,274.1,Thursday,Spring,False
2023-05-11,PROP010,0.538,13,16,263.77,Thursday,Spring,False
2023-05-12,PROP001,0.702,8,21,265.33,Friday,Spring,False
2023-05-12,PROP002,0.95,1,28,273.43,Friday,Spring,False
2023-05-12,PROP003,0.687,9,20,256.73,Friday,Spring,False
2023-05-12,PROP004,0.87,3,26,281.1,Friday,Spring,False
2023-05-12,PROP005,0.95,1,28,281.4,Friday,Spring,False
2023-05-12,PROP006,0.95,1,28,256.63,Friday,Spring,False
2023-05-12,PROP007,0.868,3,26,267.37,Friday,Spring,False
2023-05-12,PROP008,0.91,2,27,294.2,Friday,Spring,False
2023-05-12,PROP009,0.95,1,28,274.1,Friday,Spring,False
2023-05-12,PROP010,0.534,13,16,263.77,Friday,Spring,False
2023-05-13,PROP001,0.336,19,10,265.33,Saturday,Spring,True
2023-05-13,PROP002,0.789,6,23,273.43,Saturday,Spring,True
2023-05-13,PROP003,0.847,4,25,256.73,Saturday,Spring,True
2023-05-13,PROP004,0.724,8,21,281.1,Saturday,Spring,True
2023-05-13,PROP005,0.704,8,21,281.4,Saturday,Spring,True
2023-05-13,PROP006,0.874,3,26,256.63,Saturday,Spring,True
2023-05-13,PROP007,0.95,1,28,267.37,Saturday,Spring,True
2023-05-13,PROP008,0.95,1,28,294.2,Saturday,Spring,True
2023-05-13,PROP009,0.95,1,28,274.1,Saturday,Spring,True
2023-05-13,PROP010,0.609,11,18,263.77,Saturday,Spring,True
2023-05-14,PROP001,0.797,6,23,265.33,Sunday,Spring,True
2023-05-14,PROP002,0.892,3,26,273.43,Sunday,Spring,True
2023-05-14,PROP003,0.938,1,28,256.73,Sunday,Spring,True
2023-05-14,PROP004,0.95,1,28,281.1,Sunday,Spring,True
2023-05-14,PROP005,0.529,14,15,281.4,Sunday,Spring,True
2023-05-14,PROP006,0.657,10,19,256.63,Sunday,Spring,True
2023-05-14,PROP007,0.744,7,22,267.37,Sunday,Spring,True
2023-05-14,PROP008,0.95,1,28,294.2,Sunday,Spring,True
2023-05-14,PROP009,0.625,11,18,274.1,Sunday,Spring,True
2023-05-14,PROP010,0.924,2,27,263.77,Sunday,Spring,True
2023-05-15,PROP001,0.869,3,26,265.33,Monday,Spring,False
2023-05-15,PROP002,0.774,6,23,273.43,Monday,Spring,False
2023-05-15,PROP003,0.448,16,13,256.73,Monday,Spring,False
2023-05-15,PROP004,0.718,8,21,281.1,Monday,Spring,False
2023-05-15,PROP005,0.458,16,13,281.4,Monday,Spring,False
2023-05-15,PROP006,0.903,2,27,256.63,Monday,Spring,False
2023-05-15,PROP007,0.937,1,28,267.37,Monday,Spring,False
2023-05-15,PROP008,0.708,8,21,294.2,Monday,Spring,False
2023-05-15,PROP009,0.802,5,24,274.1,Monday,Spring,False
2023-05-15,PROP010,0.803,5,24,263.77,Monday,Spring,False
2023-05-16,PROP001,0.465,16,13,265.33,Tuesday,Spring,False
2023-05-16,PROP002,0.627,11,18,273.43,Tuesday,Spring,False
2023-05-16,PROP003,0.615,11,18,256.73,Tuesday,Spring,False
2023-05-16,PROP004,0.696,9,20,281.1,Tuesday,Spring,False
2023-05-16,PROP005,0.674,9,20,281.4,Tuesday,Spring,False
2023-05-16,PROP006,0.728,8,21,256.63,Tuesday,Spring,False
2023-05-16,PROP007,0.606,11,18,267.37,Tuesday,Spring,False
2023-05-16,PROP008,0.76,7,22,294.2,Tuesday,Spring,False
2023-05-16,PROP009,0.555,13,16,274.1,Tuesday,Spring,False
2023-05-16,PROP010,0.699,9,20,263.77,Tuesday,Spring,False
2023-05-17,PROP001,0.546,13,16,265.33,Wednesday,Spring,False
2023-05-17,PROP002,0.59,12,17,273.43,Wednesday,Spring,False
2023-05-17,PROP003,0.685,9,20,256.73,Wednesday,Spring,False
2023-05-17,PROP004,0.298,21,8,281.1,Wednesday,Spring,False
2023-05-17,PROP005,0.903,2,27,281.4,Wednesday,Spring,False
2023-05-17,PROP006,0.522,14,15,256.63,Wednesday,Spring,False
2023-05-17,PROP007,0.814,5,24,267.37,Wednesday,Spring,False
2023-05-17,PROP008,0.403,17,12,294.2,Wednesday,Spring,False
2023-05-17,PROP009,0.726,8,21,274.1,Wednesday,Spring,False
2023-05-17,PROP010,0.836,4,25,263.77,Wednesday,Spring,False
2023-05-18,PROP001,0.887,3,26,265.33,Thursday,Spring,False
2023-05-18,PROP002,0.864,4,25,273.43,Thursday,Spring,False
2023-05-18,PROP003,0.416,17,12,256.73,Thursday,Spring,False
2023-05-18,PROP004,0.691,9,20,281.1,Thursday,Spring,False
2023-05-18,PROP005,0.828,5,24,281.4,Thursday,Spring,False
2023-05-18,PROP006,0.963,1,28,256.63,Thursday,Spring,False
2023-05-18,PROP007,0.774,6,23,267.37,Thursday,Spring,False
2023-05-18,PROP008,0.773,6,23,294.2,Thursday,Spring,False
2023-05-18,PROP009,0.696,9,20,274.1,Thursday,Spring,False
2023-05-18,PROP010,0.754,7,22,263.77,Thursday,Spring,False
2023-05-19,PROP001,0.397,18,11,265.33,Friday,Spring,False
2023-05-19,PROP002,0.95,1,28,273.43,Friday,Spring,False
2023-05-19,PROP003,0.53,14,15,256.73,Friday,Spring,False
2023-05-19,PROP004,0.628,11,18,281.1,Friday,Spring,False
2023-05-19,PROP005,0.95,1,28,281.4,Friday,Spring,False
2023-05-19,PROP006,0.95,1,28,256.63,Friday,Spring,False
2023-05-19,PROP007,0.907,2,27,267.37,Friday,Spring,False
2023-05-19,PROP008,0.814,5,24,294.2,Friday,Spring,False
2023-05-19,PROP009,0.643,10,19,274.1,Friday,Spring,False
2023-05-19,PROP010,0.846,4,25,263.77,Friday,Spring,False
2023-05-20,PROP001,0.833,5,24,265.33,Saturday,Spring,True
2023-05-20,PROP002,0.894,3,26,273.43,Saturday,Spring,True
2023-05-20,PROP003,0.797,6,23,256.73,Saturday,Spring,True
2023-05-20,PROP004,0.846,4,25,281.1,Saturday,Spring,True
2023-05-20,PROP005,0.838,4,25,281.4,Saturday,Spring,True
2023-05-20,PROP006,0.887,3,26,256.63,Saturday,Spring,True
2023-05-20,PROP007,0.95,1,28,267.37,Saturday,Spring,True
2023-05-20,PROP008,0.95,1,28,294.2,Saturday,Spring,True
2023-05-20,PROP009,0.9,3,26,274.1,Saturday,Spring,True
2023-05-20,PROP010,0.781,6,23,263.77,Saturday,Spring,True
2023-05-21,PROP001,0.863,4,25,265.33,Sunday,Spring,True
2023-05-21,PROP002,0.737,7,22,273.43,Sunday,Spring,True
2023-05-21,PROP003,0.835,4,25,256.73,Sunday,Spring,True
2023-05-21,PROP004,0.895,3,26,281.1,Sunday,Spring,True
2023-05-21,PROP005,0.596,12,17,281.4,Sunday,Spring,True
2023-05-21,PROP006,0.674,9,20,256.63,Sunday,Spring,True
2023-05-21,PROP007,0.774,6,23,267.37,Sunday,Spring,True
2023-05-21,PROP008,0.488,15,14,294.2,Sunday,Spring,True
2023-05-21,PROP009,0.795,6,23,274.1,Sunday,Spring,True
2023-05-21,PROP010,0.799,6,23,263.77,Sunday,Spring,True
2023-05-22,PROP001,0.527,14,15,265.33,Monday,Spring,False
2023-05-22,PROP002,0.435,16,13,273.43,Monday,Spring,False
2023-05-22,PROP003,0.577,12,17,256.73,Monday,Spring,False
2023-05-22,PROP004,0.687,9,20,281.1,Monday,Spring,False
2023-05-22,PROP005,0.48,15,14,281.4,Monday,Spring,False
2023-05-22,PROP006,0.749,7,22,256.63,Monday,Spring,False
2023-05-22,PROP007,0.423,17,12,267.37,Monday,Spring,False
2023-05-22,PROP008,0.789,6,23,294.2,Monday,Spring,False
2023-05-22,PROP009,0.867,3,26,274.1,Monday,Spring,False
2023-05-22,PROP010,0.29,21,8,263.77,Monday,Spring,False
2023-05-23,PROP001,0.605,11,18,265.33,Tuesday,Spring,False
2023-05-23,PROP002,0.72,8,21,273.43,Tuesday,Spring,False
2023-05-23,PROP003,0.569,12,17,256.73,Tuesday,Spring,False
2023-05-23,PROP004,0.614,11,18,281.1,Tuesday,Spring,False
2023-05-23,PROP005,0.824,5,24,281.4,Tuesday,Spring,False
2023-05-23,PROP006,0.706,8,21,256.63,Tuesday,Spring,False
2023-05-23,PROP007,0.692,9,20,267.37,Tuesday,Spring,False
2023-05-23,PROP008,0.66,10,19,294.2,Tuesday,Spring,False
2023-05-23,PROP009,0.599,12,17,274.1,Tuesday,Spring,False
2023-05-23,PROP010,0.813,5,24,263.77,Tuesday,Spring,False
2023-05-24,PROP001,0.794,6,23,265.33,Wednesday,Spring,False
2023-05-24,PROP002,0.792,6,23,273.43,Wednesday,Spring,False
2023-05-24,PROP003,0.785,6,23,256.73,Wednesday,Spring,False
2023-05-24,PROP004,0.858,4,25,281.1,Wednesday,Spring,False
2023-05-24,PROP005,0.595,12,17,281.4,Wednesday,Spring,False
2023-05-24,PROP006,0.872,3,26,256.63,Wednesday,Spring,False
2023-05-24,PROP007,0.73,8,21,267.37,Wednesday,Spring,False
2023-05-24,PROP008,0.842,4,25,294.2,Wednesday,Spring,False
2023-05-24,PROP009,0.759,7,22,274.1,Wednesday,Spring,False
2023-05-24,PROP010,0.511,14,15,263.77,Wednesday,Spring,False
2023-05-25,PROP001,0.643,10,19,265.33,Thursday,Spring,False
2023-05-25,PROP002,0.73,8,21,273.43,Thursday,Spring,False
2023-05-25,PROP003,0.749,7,22,256.73,Thursday,Spring,False
2023-05-25,PROP004,0.526,14,15,281.1,Thursday,Spring,False
2023-05-25,PROP005,0.683,9,20,281.4,Thursday,Spring,False
2023-05-25,PROP006,0.609,11,18,256.63,Thursday,Spring,False
2023-05-25,PROP007,0.867,3,26,267.37,Thursday,Spring,False
2023-05-25,PROP008,0.715,8,21,294.2,Thursday,Spring,False
2023-05-25,PROP009,0.855,4,25,274.1,Thursday,Spring,False
2023-05-25,PROP010,0.807,5,24,263.77,Thursday,Spring,False
2023-05-26,PROP001,0.943,1,28,265.33,Friday,Spring,False
2023-05-26,PROP002,0.609,11,18,273.43,Friday,Spring,False
2023-05-26,PROP003,0.95,1,28,256.73,Friday,Spring,False
2023-05-26,PROP004,0.694,9,20,281.1,Friday,Spring,False
2023-05-26,PROP005,0.797,6,23,281.4,Friday,Spring,False
2023-05-26,PROP006,0.847,4,25,256.63,Friday,Spring,False
2023-05-26,PROP007,0.921,2,27,267.37,Friday,Spring,False
2023-05-26,PROP008,0.787,6,23,294.2,Friday,Spring,False
2023-05-26,PROP009,0.886,3,26,274.1,Friday,Spring,False
2023-05-26,PROP010,0.754,7,22,263.77,Friday,Spring,False
2023-05-27,PROP001,0.95,1,28,265.33,Saturday,Spring,True
2023-05-27,PROP002,0.95,1,28,273.43,Saturday,Spring,True
2023-05-27,PROP003,0.687,9,20,256.73,Saturday,Spring,True
2023-05-27,PROP004,0.497,15,14,281.1,Saturday,Spring,True
2023-05-27,PROP005,0.77,6,23,281.4,Saturday,Spring,True
2023-05-27,PROP006,0.602,11,18,256.63,Saturday,Spring,True
2023-05-27,PROP007,0.896,3,26,267.37,Saturday,Spring,True
2023-05-27,PROP008,0.95,1,28,294.2,Saturday,Spring,True
2023-05-27,PROP009,0.594,12,17,274.1,Saturday,Spring,True
2023-05-27,PROP010,0.935,1,28,263.77,Saturday,Spring,True
2023-05-28,PROP001,0.783,6,23,265.33,Sunday,Spring,True
2023-05-28,PROP002,0.92,2,27,273.43,Sunday,Spring,True
2023-05-28,PROP003,0.876,3,26,256.73,Sunday,Spring,True
2023-05-28,PROP004,0.95,1,28,281.1,Sunday,Spring,True
2023-05-28,PROP005,0.545,13,16,281.4,Sunday,Spring,True
2023-05-28,PROP006,0.628,11,18,256.63,Sunday,Spring,True
2023-05-28,PROP007,0.696,9,20,267.37,Sunday,Spring,True
2023-05-28,PROP008,0.741,7,22,294.2,Sunday,Spring,True
2023-05-28,PROP009,0.95,1,28,274.1,Sunday,Spring,True
2023-05-28,PROP010,0.95,1,28,263.77,Sunday,Spring,True
2023-05-29,PROP001,0.815,5,24,265.33,Monday,Spring,False
2023-05-29,PROP002,0.847,4,25,273.43,Monday,Spring,False
2023-05-29,PROP003,0.786,6,23,256.73,Monday,Spring,False
2023-05-29,PROP004,0.64,10,19,281.1,Monday,Spring,False
2023-05-29,PROP005,0.7,8,21,281.4,Monday,Spring,False
2023-05-29,PROP006,0.468,15,14,256.63,Monday,Spring,False
2023-05-29,PROP007,0.759,7,22,267.37,Monday,Spring,False
2023-05-29,PROP008,0.782,6,23,294.2,Monday,Spring,False
2023-05-29,PROP009,0.562,13,16,274.1,Monday,Spring,False
2023-05-29,PROP010,0.436,16,13,263.77,Monday,Spring,False
2023-05-30,PROP001,0.491,15,14,265.33,Tuesday,Spring,False
2023-05-30,PROP002,0.616,11,18,273.43,Tuesday,Spring,False
2023-05-30,PROP003,0.834,4,25,256.73,Tuesday,Spring,False
2023-05-30,PROP004,0.5,14,15,281.1,Tuesday,Spring,False
2023-05-30,PROP005,0.787,6,23,281.4,Tuesday,Spring,False
2023-05-30,PROP006,0.68,9,20,256.63,Tuesday,Spring,False
2023-05-30,PROP007,0.785,6,23,267.37,Tuesday,Spring,False
2023-05-30,PROP008,0.554,13,16,294.2,Tuesday,Spring,False
2023-05-30,PROP009,0.719,8,21,274.1,Tuesday,Spring,False
2023-05-30,PROP010,0.585,12,17,263.77,Tuesday,Spring,False
2023-05-31,PROP001,0.739,7,22,265.33,Wednesday,Spring,False
2023-05-31,PROP002,0.69,9,20,273.43,Wednesday,Spring,False
2023-05-31,PROP003,0.787,6,23,256.73,Wednesday,Spring,False
2023-05-31,PROP004,0.654,10,19,281.1,Wednesday,Spring,False
2023-05-31,PROP005,0.576,12,17,281.4,Wednesday,Spring,False
2023-05-31,PROP006,0.85,4,25,256.63,Wednesday,Spring,False
2023-05-31,PROP007,0.576,12,17,267.37,Wednesday,Spring,False
2023-05-31,PROP008,0.622,11,18,294.2,Wednesday,Spring,False
2023-05-31,PROP009,0.715,8,21,274.1,Wednesday,Spring,False
2023-05-31,PROP010,0.828,5,24,263.77,Wednesday,Spring,False
2023-06-01,PROP001,0.885,3,26,318.4,Thursday,Summer,False
2023-06-01,PROP002,0.949,1,28,328.12,Thursday,Summer,False
2023-06-01,PROP003,0.942,1,28,308.08,Thursday,Summer,False
2023-06-01,PROP004,0.95,1,28,337.32,Thursday,Summer,False
2023-06-01,PROP005,0.694,9,20,337.68,Thursday,Summer,False
2023-06-01,PROP006,0.95,1,28,307.96,Thursday,Summer,False
2023-06-01,PROP007,0.909,2,27,320.84,Thursday,Summer,False
2023-06-01,PROP008,0.945,1,28,353.04,Thursday,Summer,False
2023-06-01,PROP009,0.684,9,20,328.92,Thursday,Summer,False
2023-06-01,PROP010,0.95,1,28,316.52,Thursday,Summer,False
2023-06-02,PROP001,0.883,3,26,318.4,Friday,Summer,False
2023-06-02,PROP002,0.95,1,28,328.12,Friday,Summer,False
2023-06-02,PROP003,0.95,1,28,308.08,Friday,Summer,False
2023-06-02,PROP004,0.95,1,28,337.32,Friday,Summer,False
2023-06-02,PROP005,0.899,3,26,337.68,Friday,Summer,False
2023-06-02,PROP006,0.735,7,22,307.96,Friday,Summer,False
2023-06-02,PROP007,0.728,8,21,320.84,Friday,Summer,False
2023-06-02,PROP008,0.95,1,28,353.04,Friday,Summer,False
2023-06-02,PROP009,0.95,1,28,328.92,Friday,Summer,False
2023-06-02,PROP010,0.95,1,28,316.52,Friday,Summer,False
2023-06-03,PROP001,0.753,7,22,318.4,Saturday,Summer,True
2023-06-03,PROP002,0.95,1,28,328.12,Saturday,Summer,True
2023-06-03,PROP003,0.934,1,28,308.08,Saturday,Summer,True
2023-06-03,PROP004,0.791,6,23,337.32,Saturday,Summer,True
2023-06-03,PROP005,0.95,1,28,337.68,Saturday,Summer,True
2023-06-03,PROP006,0.95,1,28,307.96,Saturday,Summer,True
2023-06-03,PROP007,0.95,1,28,320.84,Saturday,Summer,True
2023-06-03,PROP008,0.95,1,28,353.04,Saturday,Summer,True
2023-06-03,PROP009,0.95,1,28,328.92,Saturday,Summer,True
2023-06-03,PROP010,0.95,1,28,316.52,Saturday,Summer,True
2023-06-04,PROP001,0.95,1,28,318.4,Sunday,Summer,True
2023-06-04,PROP002,0.95,1,28,328.12,Sunday,Summer,True
2023-06-04,PROP003,0.95,1,28,308.08,Sunday,Summer,True
2023-06-04,PROP004,0.95,1,28,337.32,Sunday,Summer,True
2023-06-04,PROP005,0.95,1,28,337.68,Sunday,Summer,True
2023-06-04,PROP006,0.95,1,28,307.96,Sunday,Summer,True
2023-06-04,PROP007,0.95,1,28,320.84,Sunday,Summer,True
2023-06-04,PROP008,0.95,1,28,353.04,Sunday,Summer,True
2023-06-04,PROP009,0.95,1,28,328.92,Sunday,Summer,True
2023-06-04,PROP010,0.948,1,28,316.52,Sunday,Summer,True
2023-06-05,PROP001,0.792,6,23,318.4,Monday,Summer,False
2023-06-05,PROP002,0.774,6,23,328.12,Monday,Summer,False
2023-06-05,PROP003,0.95,1,28,308.08,Monday,Summer,False
2023-06-05,PROP004,0.95,1,28,337.32,Monday,Summer,False
2023-06-05,PROP005,0.95,1,28,337.68,Monday,Summer,False
2023-06-05,PROP006,0.95,1,28,307.96,Monday,Summer,False
2023-06-05,PROP007,0.95,1,28,320.84,Monday,Summer,False
2023-06-05,PROP008,0.95,1,28,353.04,Monday,Summer,False
2023-06-05,PROP009,0.916,2,27,328.92,Monday,Summer,False
2023-06-05,PROP010,0.75,7,22,316.52,Monday,Summer,False
2023-06-06,PROP001,0.913,2,27,318.4,Tuesday,Summer,False
2023-06-06,PROP002,0.869,3,26,328.12,Tuesday,Summer,False
2023-06-06,PROP003,0.95,1,28,308.08,Tuesday,Summer,False
2023-06-06,PROP004,0.61,11,18,337.32,Tuesday,Summer,False
2023-06-06,PROP005,0.95,1,28,337.68,Tuesday,Summer,False
2023-06-06,PROP006,0.862,4,25,307.96,Tuesday,Summer,False
2023-06-06,PROP007,0.95,1,28,320.84,Tuesday,Summer,False
2023-06-06,PROP008,0.95,1,28,353.04,Tuesday,Summer,False
2023-06-06,PROP009,0.821,5,24,328.92,Tuesday,Summer,False
2023-06-06,PROP010,0.831,5,24,316.52,Tuesday,Summer,False
2023-06-07,PROP001,0.666,10,19,318.4,Wednesday,Summer,False
2023-06-07,PROP002,0.95,1,28,328.12,Wednesday,Summer,False
2023-06-07,PROP003,0.928,2,27,308.08,Wednesday,Summer,False
2023-06-07,PROP004,0.95,1,28,337.32,Wednesday,Summer,False
2023-06-07,PROP005,0.662,10,19,337.68,Wednesday,Summer,False
2023-06-07,PROP006,0.726,8,21,307.96,Wednesday,Summer,False
2023-06-07,PROP007,0.95,1,28,320.84,Wednesday,Summer,False
2023-06-07,PROP008,0.945,1,28,353.04,Wednesday,Summer,False
2023-06-07,PROP009,0.893,3,26,328.92,Wednesday,Summer,False
2023-06-07,PROP010,0.923,2,27,316.52,Wednesday,Summer,False
2023-06-08,PROP001,0.696,9,20,318.4,Thursday,Summer,False
2023-06-08,PROP002,0.902,2,27,328.12,Thursday,Summer,False
2023-06-08,PROP003,0.95,1,28,308.08,Thursday,Summer,False
2023-06-08,PROP004,0.95,1,28,337.32,Thursday,Summer,False
2023-06-08,PROP005,0.812,5,24,337.68,Thursday,Summer,False
2023-06-08,PROP006,0.95,1,28,307.96,Thursday,Summer,False
2023-06-08,PROP007,0.852,4,25,320.84,Thursday,Summer,False
2023-06-08,PROP008,0.95,1,28,353.04,Thursday,Summer,False
2023-06-08,PROP009,0.95,1,28,328.92,Thursday,Summer,False
2023-06-08,PROP010,0.95,1,28,316.52,Thursday,Summer,False
2023-06-09,PROP001,0.95,1,28,318.4,Friday,Summer,False
2023-06-09,PROP002,0.95,1,28,328.12,Friday,Summer,False
2023-06-09,PROP003,0.919,2,27,308.08,Friday,Summer,False
2023-06-09,PROP004,0.95,1,28,337.32,Friday,Summer,False
2023-06-09,PROP005,0.842,4,25,337.68,Friday,Summer,False
2023-06-09,PROP006,0.95,1,28,307.96,Friday,Summer,False
2023-06-09,PROP007,0.95,1,28,320.84,Friday,Summer,False
2023-06-09,PROP008,0.95,1,28,353.04,Friday,Summer,False
2023-06-09,PROP009,0.95,1,28,328.92,Friday,Summer,False
2023-06-09,PROP010,0.741,7,22,316.52,Friday,Summer,False
2023-06-10,PROP001,0.95,1,28,318.4,Saturday,Summer,True
2023-06-10,PROP002,0.87,3,26,328.12,Saturday,Summer,True
2023-06-10,PROP003,0.874,3,26,308.08,Saturday,Summer,True
2023-06-10,PROP004,0.95,1,28,337.32,Saturday,Summer,True
2023-06-10,PROP005,0.95,1,28,337.68,Saturday,Summer,True
2023-06-10,PROP006,0.781,6,23,307.96,Saturday,Summer,True
2023-06-10,PROP007,0.95,1,28,320.84,Saturday,Summer,True
2023-06-10,PROP008,0.826,5,24,353.04,Saturday,Summer,True
2023-06-10,PROP009,0.95,1,28,328.92,Saturday,Summer,True
2023-06-10,PROP010,0.908,2,27,316.52,Saturday,Summer,True
2023-06-11,PROP001,0.95,1,28,318.4,Sunday,Summer,True
2023-06-11,PROP002,0.639,10,19,328.12,Sunday,Summer,True
2023-06-11,PROP003,0.95,1,28,308.08,Sunday,Summer,True
2023-06-11,PROP004,0.95,1,28,337.32,Sunday,Summer,True
2023-06-11,PROP005,0.95,1,28,337.68,Sunday,Summer,True
2023-06-11,PROP006,0.95,1,28,307.96,Sunday,Summer,True
2023-06-11,PROP007,0.95,1,28,320.84,Sunday,Summer,True
2023-06-11,PROP008,0.95,1,28,353.04,Sunday,Summer,True
2023-06-11,PROP009,0.95,1,28,328.92,Sunday,Summer,True
2023-06-11,PROP010,0.917,2,27,316.52,Sunday,Summer,True
2023-06-12,PROP001,0.65,10,19,318.4,Monday,Summer,False
2023-06-12,PROP002,0.834,4,25,328.12,Monday,Summer,False
2023-06-12,PROP003,0.869,3,26,308.08,Monday,Summer,False
2023-06-12,PROP004,0.95,1,28,337.32,Monday,Summer,False
2023-06-12,PROP005,0.95,1,28,337.68,Monday,Summer,False
2023-06-12,PROP006,0.55,13,16,307.96,Monday,Summer,False
2023-06-12,PROP007,0.937,1,28,320.84,Monday,Summer,False
2023-06-12,PROP008,0.761,7,22,353.04,Monday,Summer,False
2023-06-12,PROP009,0.95,1,28,328.92,Monday,Summer,False
2023-06-12,PROP010,0.886,3,26,316.52,Monday,Summer,False
2023-06-13,PROP001,0.815,5,24,318.4,Tuesday,Summer,False
2023-06-13,PROP002,0.759,7,22,328.12,Tuesday,Summer,False
2023-06-13,PROP003,0.691,9,20,308.08,Tuesday,Summer,False
2023-06-13,PROP004,0.95,1,28,337.32,Tuesday,Summer,False
2023-06-13,PROP005,0.767,6,23,337.68,Tuesday,Summer,False
2023-06-13,PROP006,0.922,2,27,307.96,Tuesday,Summer,False
2023-06-13,PROP007,0.709,8,21,320.84,Tuesday,Summer,False
2023-06-13,PROP008,0.78,6,23,353.04,Tuesday,Summer,False
2023-06-13,PROP009,0.95,1,28,328.92,Tuesday,Summer,False
2023-06-13,PROP010,0.9,3,26,316.52,Tuesday,Summer,False
2023-06-14,PROP001,0.95,1,28,318.4,Wednesday,Summer,False
2023-06-14,PROP002,0.95,1,28,328.12,Wednesday,Summer,False
2023-06-14,PROP003,0.95,1,28,308.08,Wednesday,Summer,False
2023-06-14,PROP004,0.947,1,28,337.32,Wednesday,Summer,False
2023-06-14,PROP005,0.95,1,28,337.68,Wednesday,Summer,False
2023-06-14,PROP006,0.95,1,28,307.96,Wednesday,Summer,False
2023-06-14,PROP007,0.88,3,26,320.84,Wednesday,Summer,False
2023-06-14,PROP008,0.825,5,24,353.04,Wednesday,Summer,False
2023-06-14,PROP009,0.789,6,23,328.92,Wednesday,Summer,False
2023-06-14,PROP010,0.95,1,28,316.52,Wednesday,Summer,False
2023-06-15,PROP001,0.95,1,28,318.4,Thursday,Summer,False
2023-06-15,PROP002,0.95,1,28,328.12,Thursday,Summer,False
2023-06-15,PROP003,0.95,1,28,308.08,Thursday,Summer,False
2023-06-15,PROP004,0.95,1,28,337.32,Thursday,Summer,False
2023-06-15,PROP005,0.753,7,22,337.68,Thursday,Summer,False
2023-06-15,PROP006,0.68,9,20,307.96,Thursday,Summer,False
2023-06-15,PROP007,0.95,1,28,320.84,Thursday,Summer,False
2023-06-15,PROP008,0.695,9,20,353.04,Thursday,Summer,False
2023-06-15,PROP009,0.95,1,28,328.92,Thursday,Summer,False
2023-06-15,PROP010,0.95,1,28,316.52,Thursday,Summer,False
2023-06-16,PROP001,0.95,1,28,318.4,Friday,Summer,False
2023-06-16,PROP002,0.636,10,19,328.12,Friday,Summer,False
2023-06-16,PROP003,0.95,1,28,308.08,Friday,Summer,False
2023-06-16,PROP004,0.948,1,28,337.32,Friday,Summer,False
2023-06-16,PROP005,0.95,1,28,337.68,Friday,Summer,False
2023-06-16,PROP006,0.95,1,28,307.96,Friday,Summer,False
2023-06-16,PROP007,0.95,1,28,320.84,Friday,Summer,False
2023-06-16,PROP008,0.95,1,28,353.04,Friday,Summer,False
2023-06-16,PROP009,0.468,15,14,328.92,Friday,Summer,False
2023-06-16,PROP010,0.729,8,21,316.52,Friday,Summer,False
2023-06-17,PROP001,0.696,9,20,318.4,Saturday,Summer,True
2023-06-17,PROP002,0.95,1,28,328.12,Saturday,Summer,True
2023-06-17,PROP003,0.95,1,28,308.08,Saturday,Summer,True
2023-06-17,PROP004,0.95,1,28,337.32,Saturday,Summer,True
2023-06-17,PROP005,0.651,10,19,337.68,Saturday,Summer,True
2023-06-17,PROP006,0.95,1,28,307.96,Saturday,Summer,True
2023-06-17,PROP007,0.95,1,28,320.84,Saturday,Summer,True
2023-06-17,PROP008,0.95,1,28,353.04,Saturday,Summer,True
2023-06-17,PROP009,0.937,1,28,328.92,Saturday,Summer,True
2023-06-17,PROP010,0.95,1,28,316.52,Saturday,Summer,True
2023-06-18,PROP001,0.95,1,28,318.4,Sunday,Summer,True
2023-06-18,PROP002,0.95,1,28,328.12,Sunday,Summer,True
2023-06-18,PROP003,0.828,5,24,308.08,Sunday,Summer,True
2023-06-18,PROP004,0.95,1,28,337.32,Sunday,Summer,True
2023-06-18,PROP005,0.95,1,28,337.68,Sunday,Summer,True
2023-06-18,PROP006,0.745,7,22,307.96,Sunday,Summer,True
2023-06-18,PROP007,0.95,1,28,320.84,Sunday,Summer,True
2023-06-18,PROP008,0.784,6,23,353.04,Sunday,Summer,True
2023-06-18,PROP009,0.95,1,28,328.92,Sunday,Summer,True
2023-06-18,PROP010,0.95,1,28,316.52,Sunday,Summer,True
2023-06-19,PROP001,0.95,1,28,318.4,Monday,Summer,False
2023-06-19,PROP002,0.95,1,28,328.12,Monday,Summer,False
2023-06-19,PROP003,0.95,1,28,308.08,Monday,Summer,False
2023-06-19,PROP004,0.852,4,25,337.32,Monday,Summer,False
2023-06-19,PROP005,0.945,1,28,337.68,Monday,Summer,False
2023-06-19,PROP006,0.95,1,28,307.96,Monday,Summer,False
2023-06-19,PROP007,0.814,5,24,320.84,Monday,Summer,False
2023-06-19,PROP008,0.941,1,28,353.04,Monday,Summer,False
2023-06-19,PROP009,0.774,6,23,328.92,Monday,Summer,False
2023-06-19,PROP010,0.782,6,23,316.52,Monday,Summer,False
2023-06-20,PROP001,0.95,1,28,318.4,Tuesday,Summer,False
2023-06-20,PROP002,0.95,1,28,328.12,Tuesday,Summer,False
2023-06-20,PROP003,0.95,1,28,308.08,Tuesday,Summer,False
2023-06-20,PROP004,0.95,1,28,337.32,Tuesday,Summer,False
2023-06-20,PROP005,0.849,4,25,337.68,Tuesday,Summer,False
2023-06-20,PROP006,0.863,4,25,307.96,Tuesday,Summer,False
2023-06-20,PROP007,0.839,4,25,320.84,Tuesday,Summer,False
2023-06-20,PROP008,0.95,1,28,353.04,Tuesday,Summer,False
2023-06-20,PROP009,0.817,5,24,328.92,Tuesday,Summer,False
2023-06-20,PROP010,0.95,1,28,316.52,Tuesday,Summer,False
2023-06-21,PROP001,0.785,6,23,318.4,Wednesday,Summer,False
2023-06-21,PROP002,0.95,1,28,328.12,Wednesday,Summer,False
2023-06-21,PROP003,0.95,1,28,308.08,Wednesday,Summer,False
2023-06-21,PROP004,0.878,3,26,337.32,Wednesday,Summer,False
2023-06-21,PROP005,0.699,9,20,337.68,Wednesday,Summer,False
2023-06-21,PROP006,0.95,1,28,307.96,Wednesday,Summer,False
2023-06-21,PROP007,0.662,10,19,320.84,Wednesday,Summer,False
2023-06-21,PROP008,0.95,1,28,353.04,Wednesday,Summer,False
2023-06-21,PROP009,0.95,1,28,328.92,Wednesday,Summer,False
2023-06-21,PROP010,0.95,1,28,316.52,Wednesday,Summer,False
2023-06-22,PROP001,0.786,6,23,318.4,Thursday,Summer,False
2023-06-22,PROP002,0.676,9,20,328.12,Thursday,Summer,False
2023-06-22,PROP003,0.921,2,27,308.08,Thursday,Summer,False
2023-06-22,PROP004,0.515,14,15,337.32,Thursday,Summer,False
2023-06-22,PROP005,0.95,1,28,337.68,Thursday,Summer,False
2023-06-22,PROP006,0.808,5,24,307.96,Thursday,Summer,False
2023-06-22,PROP007,0.823,5,24,320.84,Thursday,Summer,False
2023-06-22,PROP008,0.95,1,28,353.04,Thursday,Summer,False
2023-06-22,PROP009,0.724,8,21,328.92,Thursday,Summer,False
2023-06-22,PROP010,0.862,4,25,316.52,Thursday,Summer,False
2023-06-23,PROP001,0.95,1,28,318.4,Friday,Summer,False
2023-06-23,PROP002,0.95,1,28,328.12,Friday,Summer,False
2023-06-23,PROP003,0.858,4,25,308.08,Friday,Summer,False
2023-06-23,PROP004,0.633,11,18,337.32,Friday,Summer,False
2023-06-23,PROP005,0.95,1,28,337.68,Friday,Summer,False
2023-06-23,PROP006,0.95,1,28,307.96,Friday,Summer,False
2023-06-23,PROP007,0.95,1,28,320.84,Friday,Summer,False
2023-06-23,PROP008,0.802,5,24,353.04,Friday,Summer,False
2023-06-23,PROP009,0.95,1,28,328.92,Friday,Summer,False
2023-06-23,PROP010,0.947,1,28,316.52,Friday,Summer,False
2023-06-24,PROP001,0.309,20,9,318.4,Saturday,Summer,True
2023-06-24,PROP002,0.927,2,27,328.12,Saturday,Summer,True
2023-06-24,PROP003,0.883,3,26,308.08,Saturday,Summer,True
2023-06-24,PROP004,0.95,1,28,337.32,Saturday,Summer,True
2023-06-24,PROP005,0.95,1,28,337.68,Saturday,Summer,True
2023-06-24,PROP006,0.95,1,28,307.96,Saturday,Summer,True
2023-06-24,PROP007,0.766,7,22,320.84,Saturday,Summer,True
2023-06-24,PROP008,0.94,1,28,353.04,Saturday,Summer,True
2023-06-24,PROP009,0.95,1,28,328.92,Saturday,Summer,True
2023-06-24,PROP010,0.924,2,27,316.52,Saturday,Summer,True
2023-06-25,PROP001,0.95,1,28,318.4,Sunday,Summer,True
2023-06-25,PROP002,0.862,4,25,328.12,Sunday,Summer,True
2023-06-25,PROP003,0.785,6,23,308.08,Sunday,Summer,True
2023-06-25,PROP004,0.95,1,28,337.32,Sunday,Summer,True
2023-06-25,PROP005,0.95,1,28,337.68,Sunday,Summer,True
2023-06-25,PROP006,0.95,1,28,307.96,Sunday,Summer,True
2023-06-25,PROP007,0.95,1,28,320.84,Sunday,Summer,True
2023-06-25,PROP008,0.583,12,17,353.04,Sunday,Summer,True
2023-06-25,PROP009,0.95,1,28,328.92,Sunday,Summer,True
2023-06-25,PROP010,0.877,3,26,316.52,Sunday,Summer,True
2023-06-26,PROP001,0.887,3,26,318.4,Monday,Summer,False
2023-06-26,PROP002,0.95,1,28,328.12,Monday,Summer,False
2023-06-26,PROP003,0.894,3,26,308.08,Monday,Summer,False
2023-06-26,PROP004,0.937,1,28,337.32,Monday,Summer,False
2023-06-26,PROP005,0.95,1,28,337.68,Monday,Summer,False
2023-06-26,PROP006,0.921,2,27,307.96,Monday,Summer,False
2023-06-26,PROP007,0.95,1,28,320.84,Monday,Summer,False
2023-06-26,PROP008,0.95,1,28,353.04,Monday,Summer,False
2023-06-26,PROP009,0.95,1,28,328.92,Monday,Summer,False
2023-06-26,PROP010,0.95,1,28,316.52,Monday,Summer,False
2023-06-27,PROP001,0.898,3,26,318.4,Tuesday,Summer,False
2023-06-27,PROP002,0.95,1,28,328.12,Tuesday,Summer,False
2023-06-27,PROP003,0.804,5,24,308.08,Tuesday,Summer,False
2023-06-27,PROP004,0.95,1,28,337.32,Tuesday,Summer,False
2023-06-27,PROP005,0.95,1,28,337.68,Tuesday,Summer,False
2023-06-27,PROP006,0.95,1,28,307.96,Tuesday,Summer,False
2023-06-27,PROP007,0.632,11,18,320.84,Tuesday,Summer,False
2023-06-27,PROP008,0.95,1,28,353.04,Tuesday,Summer,False
2023-06-27,PROP009,0.95,1,28,328.92,Tuesday,Summer,False
2023-06-27,PROP010,0.624,11,18,316.52,Tuesday,Summer,False
2023-06-28,PROP001,0.95,1,28,318.4,Wednesday,Summer,False
2023-06-28,PROP002,0.95,1,28,328.12,Wednesday,Summer,False
2023-06-28,PROP003,0.729,8,21,308.08,Wednesday,Summer,False
2023-06-28,PROP004,0.876,3,26,337.32,Wednesday,Summer,False
2023-06-28,PROP005,0.95,1,28,337.68,Wednesday,Summer,False
2023-06-28,PROP006,0.791,6,23,307.96,Wednesday,Summer,False
2023-06-28,PROP007,0.818,5,24,320.84,Wednesday,Summer,False
2023-06-28,PROP008,0.833,5,24,353.04,Wednesday,Summer,False
2023-06-28,PROP009,0.882,3,26,328.92,Wednesday,Summer,False
2023-06-28,PROP010,0.875,3,26,316.52,Wednesday,Summer,False
2023-06-29,PROP001,0.95,1,28,318.4,Thursday,Summer,False
2023-06-29,PROP002,0.95,1,28,328.12,Thursday,Summer,False
2023-06-29,PROP003,0.95,1,28,308.08,Thursday,Summer,False
2023-06-29,PROP004,0.863,4,25,337.32,Thursday,Summer,False
2023-06-29,PROP005,0.773,6,23,337.68,Thursday,Summer,False
2023-06-29,PROP006,0.95,1,28,307.96,Thursday,Summer,False
2023-06-29,PROP007,0.833,5,24,320.84,Thursday,Summer,False
2023-06-29,PROP008,0.95,1,28,353.04,Thursday,Summer,False
2023-06-29,PROP009,0.673,9,20,328.92,Thursday,Summer,False
2023-06-29,PROP010,0.95,1,28,316.52,Thursday,Summer,False
2023-06-30,PROP001,0.95,1,28,318.4,Friday,Summer,False
2023-06-30,PROP002,0.73,8,21,328.12,Friday,Summer,False
2023-06-30,PROP003,0.95,1,28,308.08,Friday,Summer,False
2023-06-30,PROP004,0.713,8,21,337.32,Friday,Summer,False
2023-06-30,PROP005,0.943,1,28,337.68,Friday,Summer,False
2023-06-30,PROP006,0.95,1,28,307.96,Friday,Summer,False
2023-06-30,PROP007,0.706,8,21,320.84,Friday,Summer,False
2023-06-30,PROP008,0.95,1,28,353.04,Friday,Summer,False
2023-06-30,PROP009,0.762,7,22,328.92,Friday,Summer,False
2023-06-30,PROP010,0.95,1,28,316.52,Friday,Summer,False
2023-07-01,PROP001,0.95,1,28,318.4,Saturday,Summer,True
2023-07-01,PROP002,0.95,1,28,328.12,Saturday,Summer,True
2023-07-01,PROP003,0.711,8,21,308.08,Saturday,Summer,True
2023-07-01,PROP004,0.95,1,28,337.32,Saturday,Summer,True
2023-07-01,PROP005,0.95,1,28,337.68,Saturday,Summer,True
2023-07-01,PROP006,0.927,2,27,307.96,Saturday,Summer,True
2023-07-01,PROP007,0.95,1,28,320.84,Saturday,Summer,True
2023-07-01,PROP008,0.95,1,28,353.04,Saturday,Summer,True
2023-07-01,PROP009,0.95,1,28,328.92,Saturday,Summer,True
2023-07-01,PROP010,0.95,1,28,316.52,Saturday,Summer,True
2023-07-02,PROP001,0.95,1,28,318.4,Sunday,Summer,True
2023-07-02,PROP002,0.95,1,28,328.12,Sunday,Summer,True
2023-07-02,PROP003,0.95,1,28,308.08,Sunday,Summer,True
2023-07-02,PROP004,0.95,1,28,337.32,Sunday,Summer,True
2023-07-02,PROP005,0.95,1,28,337.68,Sunday,Summer,True
2023-07-02,PROP006,0.95,1,28,307.96,Sunday,Summer,True
2023-07-02,PROP007,0.95,1,28,320.84,Sunday,Summer,True
2023-07-02,PROP008,0.925,2,27,353.04,Sunday,Summer,True
2023-07-02,PROP009,0.95,1,28,328.92,Sunday,Summer,True
2023-07-02,PROP010,0.95,1,28,316.52,Sunday,Summer,True
2023-07-03,PROP001,0.629,11,18,318.4,Monday,Summer,False
2023-07-03,PROP002,0.95,1,28,328.12,Monday,Summer,False
2023-07-03,PROP003,0.914,2,27,308.08,Monday,Summer,False
2023-07-03,PROP004,0.701,8,21,337.32,Monday,Summer,False
2023-07-03,PROP005,0.823,5,24,337.68,Monday,Summer,False
2023-07-03,PROP006,0.95,1,28,307.96,Monday,Summer,False
2023-07-03,PROP007,0.88,3,26,320.84,Monday,Summer,False
2023-07-03,PROP008,0.772,6,23,353.04,Monday,Summer,False
2023-07-03,PROP009,0.95,1,28,328.92,Monday,Summer,False
2023-07-03,PROP010,0.95,1,28,316.52,Monday,Summer,False
2023-07-04,PROP001,0.923,2,27,318.4,Tuesday,Summer,False
2023-07-04,PROP002,0.678,9,20,328.12,Tuesday,Summer,False
2023-07-04,PROP003,0.95,1,28,308.08,Tuesday,Summer,False
2023-07-04,PROP004,0.95,1,28,337.32,Tuesday,Summer,False
2023-07-04,PROP005,0.95,1,28,337.68,Tuesday,Summer,False
2023-07-04,PROP006,0.91,2,27,307.96,Tuesday,Summer,False
2023-07-04,PROP007,0.843,4,25,320.84,Tuesday,Summer,False
2023-07-04,PROP008,0.881,3,26,353.04,Tuesday,Summer,False
2023-07-04,PROP009,0.95,1,28,328.92,Tuesday,Summer,False
2023-07-04,PROP010,0.852,4,25,316.52,Tuesday,Summer,False
2023-07-05,PROP001,0.95,1,28,318.4,Wednesday,Summer,False
2023-07-05,PROP002,0.95,1,28,328.12,Wednesday,Summer,False
2023-07-05,PROP003,0.759,7,22,308.08,Wednesday,Summer,False
2023-07-05,PROP004,0.95,1,28,337.32,Wednesday,Summer,False
2023-07-05,PROP005,0.869,3,26,337.68,Wednesday,Summer,False
2023-07-05,PROP006,0.95,1,28,307.96,Wednesday,Summer,False
2023-07-05,PROP007,0.95,1,28,320.84,Wednesday,Summer,False
2023-07-05,PROP008,0.618,11,18,353.04,Wednesday,Summer,False
2023-07-05,PROP009,0.95,1,28,328.92,Wednesday,Summer,False
2023-07-05,PROP010,0.947,1,28,316.52,Wednesday,Summer,False
2023-07-06,PROP001,0.95,1,28,318.4,Thursday,Summer,False
2023-07-06,PROP002,0.721,8,21,328.12,Thursday,Summer,False
2023-07-06,PROP003,0.95,1,28,308.08,Thursday,Summer,False
2023-07-06,PROP004,0.677,9,20,337.32,Thursday,Summer,False
2023-07-06,PROP005,0.935,1,28,337.68,Thursday,Summer,False
2023-07-06,PROP006,0.653,10,19,307.96,Thursday,Summer,False
2023-07-06,PROP007,0.95,1,28,320.84,Thursday,Summer,False
2023-07-06,PROP008,0.95,1,28,353.04,Thursday,Summer,False
2023-07-06,PROP009,0.95,1,28,328.92,Thursday,Summer,False
2023-07-06,PROP010,0.95,1,28,316.52,Thursday,Summer,False
2023-07-07,PROP001,0.95,1,28,318.4,Friday,Summer,False
2023-07-07,PROP002,0.95,1,28,328.12,Friday,Summer,False
2023-07-07,PROP003,0.95,1,28,308.08,Friday,Summer,False
2023-07-07,PROP004,0.95,1,28,337.32,Friday,Summer,False
2023-07-07,PROP005,0.883,3,26,337.68,Friday,Summer,False
2023-07-07,PROP006,0.95,1,28,307.96,Friday,Summer,False
2023-07-07,PROP007,0.839,4,25,320.84,Friday,Summer,False
2023-07-07,PROP008,0.95,1,28,353.04,Friday,Summer,False
2023-07-07,PROP009,0.95,1,28,328.92,Friday,Summer,False
2023-07-07,PROP010,0.95,1,28,316.52,Friday,Summer,False
2023-07-08,PROP001,0.95,1,28,318.4,Saturday,Summer,True
2023-07-08,PROP002,0.95,1,28,328.12,Saturday,Summer,True
2023-07-08,PROP003,0.95,1,28,308.08,Saturday,Summer,True
2023-07-08,PROP004,0.95,1,28,337.32,Saturday,Summer,True
2023-07-08,PROP005,0.853,4,25,337.68,Saturday,Summer,True
2023-07-08,PROP006,0.95,1,28,307.96,Saturday,Summer,True
2023-07-08,PROP007,0.95,1,28,320.84,Saturday,Summer,True
2023-07-08,PROP008,0.95,1,28,353.04,Saturday,Summer,True
2023-07-08,PROP009,0.95,1,28,328.92,Saturday,Summer,True
2023-07-08,PROP010,0.95,1,28,316.52,Saturday,Summer,True
2023-07-09,PROP001,0.809,5,24,318.4,Sunday,Summer,True
2023-07-09,PROP002,0.95,1,28,328.12,Sunday,Summer,True
2023-07-09,PROP003,0.95,1,28,308.08,Sunday,Summer,True
2023-07-09,PROP004,0.931,2,27,337.32,Sunday,Summer,True
2023-07-09,PROP005,0.95,1,28,337.68,Sunday,Summer,True
2023-07-09,PROP006,0.95,1,28,307.96,Sunday,Summer,True
2023-07-09,PROP007,0.95,1,28,320.84,Sunday,Summer,True
2023-07-09,PROP008,0.95,1,28,353.04,Sunday,Summer,True
2023-07-09,PROP009,0.95,1,28,328.92,Sunday,Summer,True
2023-07-09,PROP010,0.841,4,25,316.52,Sunday,Summer,True
2023-07-10,PROP001,0.95,1,28,318.4,Monday,Summer,False
2023-07-10,PROP002,0.95,1,28,328.12,Monday,Summer,False
2023-07-10,PROP003,0.95,1,28,308.08,Monday,Summer,False
2023-07-10,PROP004,0.95,1,28,337.32,Monday,Summer,False
2023-07-10,PROP005,0.49,15,14,337.68,Monday,Summer,False
2023-07-10,PROP006,0.875,3,26,307.96,Monday,Summer,False
2023-07-10,PROP007,0.881,3,26,320.84,Monday,Summer,False
2023-07-10,PROP008,0.737,7,22,353.04,Monday,Summer,False
2023-07-10,PROP009,0.95,1,28,328.92,Monday,Summer,False
2023-07-10,PROP010,0.95,1,28,316.52,Monday,Summer,False
2023-07-11,PROP001,0.917,2,27,318.4,Tuesday,Summer,False
2023-07-11,PROP002,0.95,1,28,328.12,Tuesday,Summer,False
2023-07-11,PROP003,0.867,3,26,308.08,Tuesday,Summer,False
2023-07-11,PROP004,0.933,2,27,337.32,Tuesday,Summer,False
2023-07-11,PROP005,0.836,4,25,337.68,Tuesday,Summer,False
2023-07-11,PROP006,0.95,1,28,307.96,Tuesday,Summer,False
2023-07-11,PROP007,0.858,4,25,320.84,Tuesday,Summer,False
2023-07-11,PROP008,0.739,7,22,353.04,Tuesday,Summer,False
2023-07-11,PROP009,0.847,4,25,328.92,Tuesday,Summer,False
2023-07-11,PROP010,0.857,4,25,316.52,Tuesday,Summer,False
2023-07-12,PROP001,0.795,6,23,318.4,Wednesday,Summer,False
2023-07-12,PROP002,0.95,1,28,328.12,Wednesday,Summer,False
2023-07-12,PROP003,0.88,3,26,308.08,Wednesday,Summer,False
2023-07-12,PROP004,0.809,5,24,337.32,Wednesday,Summer,False
2023-07-12,PROP005,0.555,13,16,337.68,Wednesday,Summer,False
2023-07-12,PROP006,0.95,1,28,307.96,Wednesday,Summer,False
2023-07-12,PROP007,0.949,1,28,320.84,Wednesday,Summer,False
2023-07-12,PROP008,0.95,1,28,353.04,Wednesday,Summer,False
2023-07-12,PROP009,0.95,1,28,328.92,Wednesday,Summer,False
2023-07-12,PROP010,0.853,4,25,316.52,Wednesday,Summer,False
2023-07-13,PROP001,0.867,3,26,318.4,Thursday,Summer,False
2023-07-13,PROP002,0.95,1,28,328.12,Thursday,Summer,False
2023-07-13,PROP003,0.715,8,21,308.08,Thursday,Summer,False
2023-07-13,PROP004,0.812,5,24,337.32,Thursday,Summer,False
2023-07-13,PROP005,0.95,1,28,337.68,Thursday,Summer,False
2023-07-13,PROP006,0.77,6,23,307.96,Thursday,Summer,False
2023-07-13,PROP007,0.95,1,28,320.84,Thursday,Summer,False
2023-07-13,PROP008,0.95,1,28,353.04,Thursday,Summer,False
2023-07-13,PROP009,0.494,15,14,328.92,Thursday,Summer,False
2023-07-13,PROP010,0.656,10,19,316.52,Thursday,Summer,False
2023-07-14,PROP001,0.95,1,28,318.4,Friday,Summer,False
2023-07-14,PROP002,0.95,1,28,328.12,Friday,Summer,False
2023-07-14,PROP003,0.95,1,28,308.08,Friday,Summer,False
2023-07-14,PROP004,0.95,1,28,337.32,Friday,Summer,False
2023-07-14,PROP005,0.95,1,28,337.68,Friday,Summer,False
2023-07-14,PROP006,0.95,1,28,307.96,Friday,Summer,False
2023-07-14,PROP007,0.95,1,28,320.84,Friday,Summer,False
2023-07-14,PROP008,0.95,1,28,353.04,Friday,Summer,False
2023-07-14,PROP009,0.54,13,16,328.92,Friday,Summer,False
2023-07-14,PROP010,0.95,1,28,316.52,Friday,Summer,False
2023-07-15,PROP001,0.95,1,28,318.4,Saturday,Summer,True
2023-07-15,PROP002,0.95,1,28,328.12,Saturday,Summer,True
2023-07-15,PROP003,0.95,1,28,308.08,Saturday,Summer,True
2023-07-15,PROP004,0.95,1,28,337.32,Saturday,Summer,True
2023-07-15,PROP005,0.95,1,28,337.68,Saturday,Summer,True
2023-07-15,PROP006,0.95,1,28,307.96,Saturday,Summer,True
2023-07-15,PROP007,0.95,1,28,320.84,Saturday,Summer,True
2023-07-15,PROP008,0.95,1,28,353.04,Saturday,Summer,True
2023-07-15,PROP009,0.95,1,28,328.92,Saturday,Summer,True
2023-07-15,PROP010,0.917,2,27,316.52,Saturday,Summer,True
2023-07-16,PROP001,0.871,3,26,318.4,Sunday,Summer,True
2023-07-16,PROP002,0.949,1,28,328.12,Sunday,Summer,True
2023-07-16,PROP003,0.95,1,28,308.08,Sunday,Summer,True
2023-07-16,PROP004,0.695,9,20,337.32,Sunday,Summer,True
2023-07-16,PROP005,0.95,1,28,337.68,Sunday,Summer,True
2023-07-16,PROP006,0.95,1,28,307.96,Sunday,Summer,True
2023-07-16,PROP007,0.95,1,28,320.84,Sunday,Summer,True
2023-07-16,PROP008,0.54,13,16,353.04,Sunday,Summer,True
2023-07-16,PROP009,0.95,1,28,328.92,Sunday,Summer,True
2023-07-16,PROP010,0.95,1,28,316.52,Sunday,Summer,True
2023-07-17,PROP001,0.933,2,27,318.4,Monday,Summer,False
2023-07-17,PROP002,0.895,3,26,328.12,Monday,Summer,False
2023-07-17,PROP003,0.95,1,28,308.08,Monday,Summer,False
2023-07-17,PROP004,0.873,3,26,337.32,Monday,Summer,False
2023-07-17,PROP005,0.94,1,28,337.68,Monday,Summer,False
2023-07-17,PROP006,0.918,2,27,307.96,Monday,Summer,False
2023-07-17,PROP007,0.95,1,28,320.84,Monday,Summer,False
2023-07-17,PROP008,0.889,3,26,353.04,Monday,Summer,False
2023-07-17,PROP009,0.95,1,28,328.92,Monday,Summer,False
2023-07-17,PROP010,0.703,8,21,316.52,Monday,Summer,False
2023-07-18,PROP001,0.7,9,20,318.4,Tuesday,Summer,False
2023-07-18,PROP002,0.431,17,12,328.12,Tuesday,Summer,False
2023-07-18,PROP003,0.95,1,28,308.08,Tuesday,Summer,False
2023-07-18,PROP004,0.95,1,28,337.32,Tuesday,Summer,False
2023-07-18,PROP005,0.95,1,28,337.68,Tuesday,Summer,False
2023-07-18,PROP006,0.779,6,23,307.96,Tuesday,Summer,False
2023-07-18,PROP007,0.95,1,28,320.84,Tuesday,Summer,False
2023-07-18,PROP008,0.855,4,25,353.04,Tuesday,Summer,False
2023-07-18,PROP009,0.95,1,28,328.92,Tuesday,Summer,False
2023-07-18,PROP010,0.937,1,28,316.52,Tuesday,Summer,False
2023-07-19,PROP001,0.95,1,28,318.4,Wednesday,Summer,False
2023-07-19,PROP002,0.861,4,25,328.12,Wednesday,Summer,False
2023-07-19,PROP003,0.807,5,24,308.08,Wednesday,Summer,False
2023-07-19,PROP004,0.95,1,28,337.32,Wednesday,Summer,False
2023-07-19,PROP005,0.878,3,26,337.68,Wednesday,Summer,False
2023-07-19,PROP006,0.94,1,28,307.96,Wednesday,Summer,False
2023-07-19,PROP007,0.95,1,28,320.84,Wednesday,Summer,False
2023-07-19,PROP008,0.95,1,28,353.04,Wednesday,Summer,False
2023-07-19,PROP009,0.95,1,28,328.92,Wednesday,Summer,False
2023-07-19,PROP010,0.95,1,28,316.52,Wednesday,Summer,False
2023-07-20,PROP001,0.95,1,28,318.4,Thursday,Summer,False
2023-07-20,PROP002,0.95,1,28,328.12,Thursday,Summer,False
2023-07-20,PROP003,0.716,8,21,308.08,Thursday,Summer,False
2023-07-20,PROP004,0.95,1,28,337.32,Thursday,Summer,False
2023-07-20,PROP005,0.791,6,23,337.68,Thursday,Summer,False
2023-07-20,PROP006,0.714,8,21,307.96,Thursday,Summer,False
2023-07-20,PROP007,0.95,1,28,320.84,Thursday,Summer,False
2023-07-20,PROP008,0.95,1,28,353.04,Thursday,Summer,False
2023-07-20,PROP009,0.762,7,22,328.92,Thursday,Summer,False
2023-07-20,PROP010,0.899,3,26,316.52,Thursday,Summer,False
2023-07-21,PROP001,0.95,1,28,318.4,Friday,Summer,False
2023-07-21,PROP002,0.95,1,28,328.12,Friday,Summer,False
2023-07-21,PROP003,0.95,1,28,308.08,Friday,Summer,False
2023-07-21,PROP004,0.95,1,28,337.32,Friday,Summer,False
2023-07-21,PROP005,0.95,1,28,337.68,Friday,Summer,False
2023-07-21,PROP006,0.95,1,28,307.96,Friday,Summer,False
2023-07-21,PROP007,0.95,1,28,320.84,Friday,Summer,False
2023-07-21,PROP008,0.498,15,14,353.04,Friday,Summer,False
2023-07-21,PROP009,0.95,1,28,328.92,Friday,Summer,False
2023-07-21,PROP010,0.846,4,25,316.52,Friday,Summer,False
2023-07-22,PROP001,0.63,11,18,318.4,Saturday,Summer,True
2023-07-22,PROP002,0.832,5,24,328.12,Saturday,Summer,True
2023-07-22,PROP003,0.95,1,28,308.08,Saturday,Summer,True
2023-07-22,PROP004,0.95,1,28,337.32,Saturday,Summer,True
2023-07-22,PROP005,0.95,1,28,337.68,Saturday,Summer,True
2023-07-22,PROP006,0.95,1,28,307.96,Saturday,Summer,True
2023-07-22,PROP007,0.95,1,28,320.84,Saturday,Summer,True
2023-07-22,PROP008,0.844,4,25,353.04,Saturday,Summer,True
2023-07-22,PROP009,0.95,1,28,328.92,Saturday,Summer,True
2023-07-22,PROP010,0.875,3,26,316.52,Saturday,Summer,True
2023-07-23,PROP001,0.95,1,28,318.4,Sunday,Summer,True
2023-07-23,PROP002,0.759,7,22,328.12,Sunday,Summer,True
2023-07-23,PROP003,0.95,1,28,308.08,Sunday,Summer,True
2023-07-23,PROP004,0.95,1,28,337.32,Sunday,Summer,True
2023-07-23,PROP005,0.95,1,28,337.68,Sunday,Summer,True
2023-07-23,PROP006,0.95,1,28,307.96,Sunday,Summer,True
2023-07-23,PROP007,0.95,1,28,320.84,Sunday,Summer,True
2023-07-23,PROP008,0.95,1,28,353.04,Sunday,Summer,True
2023-07-23,PROP009,0.95,1,28,328.92,Sunday,Summer,True
2023-07-23,PROP010,0.95,1,28,316.52,Sunday,Summer,True
2023-07-24,PROP001,0.95,1,28,318.4,Monday,Summer,False
2023-07-24,PROP002,0.95,1,28,328.12,Monday,Summer,False
2023-07-24,PROP003,0.95,1,28,308.08,Monday,Summer,False
2023-07-24,PROP004,0.95,1,28,337.32,Monday,Summer,False
2023-07-24,PROP005,0.95,1,28,337.68,Monday,Summer,False
2023-07-24,PROP006,0.95,1,28,307.96,Monday,Summer,False
2023-07-24,PROP007,0.712,8,21,320.84,Monday,Summer,False
2023-07-24,PROP008,0.95,1,28,353.04,Monday,Summer,False
2023-07-24,PROP009,0.848,4,25,328.92,Monday,Summer,False
2023-07-24,PROP010,0.906,2,27,316.52,Monday,Summer,False
2023-07-25,PROP001,0.95,1,28,318.4,Tuesday,Summer,False
2023-07-25,PROP002,0.95,1,28,328.12,Tuesday,Summer,False
2023-07-25,PROP003,0.95,1,28,308.08,Tuesday,Summer,False
2023-07-25,PROP004,0.95,1,28,337.32,Tuesday,Summer,False
2023-07-25,PROP005,0.922,2,27,337.68,Tuesday,Summer,False
2023-07-25,PROP006,0.909,2,27,307.96,Tuesday,Summer,False
2023-07-25,PROP007,0.95,1,28,320.84,Tuesday,Summer,False
2023-07-25,PROP008,0.456,16,13,353.04,Tuesday,Summer,False
2023-07-25,PROP009,0.95,1,28,328.92,Tuesday,Summer,False
2023-07-25,PROP010,0.95,1,28,316.52,Tuesday,Summer,False
2023-07-26,PROP001,0.95,1,28,318.4,Wednesday,Summer,False
2023-07-26,PROP002,0.95,1,28,328.12,Wednesday,Summer,False
2023-07-26,PROP003,0.743,7,22,308.08,Wednesday,Summer,False
2023-07-26,PROP004,0.431,17,12,337.32,Wednesday,Summer,False
2023-07-26,PROP005,0.95,1,28,337.68,Wednesday,Summer,False
2023-07-26,PROP006,0.813,5,24,307.96,Wednesday,Summer,False
2023-07-26,PROP007,0.95,1,28,320.84,Wednesday,Summer,False
2023-07-26,PROP008,0.82,5,24,353.04,Wednesday,Summer,False
2023-07-26,PROP009,0.95,1,28,328.92,Wednesday,Summer,False
2023-07-26,PROP010,0.95,1,28,316.52,Wednesday,Summer,False
2023-07-27,PROP001,0.95,1,28,318.4,Thursday,Summer,False
2023-07-27,PROP002,0.865,4,25,328.12,Thursday,Summer,False
2023-07-27,PROP003,0.811,5,24,308.08,Thursday,Summer,False
2023-07-27,PROP004,0.805,5,24,337.32,Thursday,Summer,False
2023-07-27,PROP005,0.577,12,17,337.68,Thursday,Summer,False
2023-07-27,PROP006,0.95,1,28,307.96,Thursday,Summer,False
2023-07-27,PROP007,0.95,1,28,320.84,Thursday,Summer,False
2023-07-27,PROP008,0.619,11,18,353.04,Thursday,Summer,False
2023-07-27,PROP009,0.95,1,28,328.92,Thursday,Summer,False
2023-07-27,PROP010,0.95,1,28,316.52,Thursday,Summer,False
2023-07-28,PROP001,0.95,1,28,318.4,Friday,Summer,False
2023-07-28,PROP002,0.95,1,28,328.12,Friday,Summer,False
2023-07-28,PROP003,0.95,1,28,308.08,Friday,Summer,False
2023-07-28,PROP004,0.95,1,28,337.32,Friday,Summer,False
2023-07-28,PROP005,0.95,1,28,337.68,Friday,Summer,False
2023-07-28,PROP006,0.95,1,28,307.96,Friday,Summer,False
2023-07-28,PROP007,0.932,2,27,320.84,Friday,Summer,False
2023-07-28,PROP008,0.95,1,28,353.04,Friday,Summer,False
2023-07-28,PROP009,0.95,1,28,328.92,Friday,Summer,False
2023-07-28,PROP010,0.95,1,28,316.52,Friday,Summer,False
2023-07-29,PROP001,0.95,1,28,318.4,Saturday,Summer,True
2023-07-29,PROP002,0.95,1,28,328.12,Saturday,Summer,True
2023-07-29,PROP003,0.95,1,28,308.08,Saturday,Summer,True
2023-07-29,PROP004,0.906,2,27,337.32,Saturday,Summer,True
2023-07-29,PROP005,0.95,1,28,337.68,Saturday,Summer,True
2023-07-29,PROP006,0.95,1,28,307.96,Saturday,Summer,True
2023-07-29,PROP007,0.95,1,28,320.84,Saturday,Summer,True
2023-07-29,PROP008,0.95,1,28,353.04,Saturday,Summer,True
2023-07-29,PROP009,0.888,3,26,328.92,Saturday,Summer,True
2023-07-29,PROP010,0.95,1,28,316.52,Saturday,Summer,True
2023-07-30,PROP001,0.95,1,28,318.4,Sunday,Summer,True
2023-07-30,PROP002,0.95,1,28,328.12,Sunday,Summer,True
2023-07-30,PROP003,0.95,1,28,308.08,Sunday,Summer,True
2023-07-30,PROP004,0.95,1,28,337.32,Sunday,Summer,True
2023-07-30,PROP005,0.66,10,19,337.68,Sunday,Summer,True
2023-07-30,PROP006,0.939,1,28,307.96,Sunday,Summer,True
2023-07-30,PROP007,0.95,1,28,320.84,Sunday,Summer,True
2023-07-30,PROP008,0.95,1,28,353.04,Sunday,Summer,True
2023-07-30,PROP009,0.869,3,26,328.92,Sunday,Summer,True
2023-07-30,PROP010,0.95,1,28,316.52,Sunday,Summer,True
2023-07-31,PROP001,0.95,1,28,318.4,Monday,Summer,False
2023-07-31,PROP002,0.829,5,24,328.12,Monday,Summer,False
2023-07-31,PROP003,0.95,1,28,308.08,Monday,Summer,False
2023-07-31,PROP004,0.763,7,22,337.32,Monday,Summer,False
2023-07-31,PROP005,0.95,1,28,337.68,Monday,Summer,False
2023-07-31,PROP006,0.95,1,28,307.96,Monday,Summer,False
2023-07-31,PROP007,0.95,1,28,320.84,Monday,Summer,False
2023-07-31,PROP008,0.74,7,22,353.04,Monday,Summer,False
2023-07-31,PROP009,0.95,1,28,328.92,Monday,Summer,False
2023-07-31,PROP010,0.925,2,27,316.52,Monday,Summer,False
2023-08-01,PROP001,0.857,4,25,318.4,Tuesday,Summer,False
2023-08-01,PROP002,0.607,11,18,328.12,Tuesday,Summer,False
2023-08-01,PROP003,0.749,7,22,308.08,Tuesday,Summer,False
2023-08-01,PROP004,0.95,1,28,337.32,Tuesday,Summer,False
2023-08-01,PROP005,0.867,3,26,337.68,Tuesday,Summer,False
2023-08-01,PROP006,0.95,1,28,307.96,Tuesday,Summer,False
2023-08-01,PROP007,0.939,1,28,320.84,Tuesday,Summer,False
2023-08-01,PROP008,0.95,1,28,353.04,Tuesday,Summer,False
2023-08-01,PROP009,0.733,8,21,328.92,Tuesday,Summer,False
2023-08-01,PROP010,0.709,8,21,316.52,Tuesday,Summer,False
2023-08-02,PROP001,0.95,1,28,318.4,Wednesday,Summer,False
2023-08-02,PROP002,0.95,1,28,328.12,Wednesday,Summer,False
2023-08-02,PROP003,0.95,1,28,308.08,Wednesday,Summer,False
2023-08-02,PROP004,0.559,13,16,337.32,Wednesday,Summer,False
2023-08-02,PROP005,0.751,7,22,337.68,Wednesday,Summer,False
2023-08-02,PROP006,0.763,7,22,307.96,Wednesday,Summer,False
2023-08-02,PROP007,0.937,1,28,320.84,Wednesday,Summer,False
2023-08-02,PROP008,0.698,9,20,353.04,Wednesday,Summer,False
2023-08-02,PROP009,0.868,3,26,328.92,Wednesday,Summer,False
2023-08-02,PROP010,0.95,1,28,316.52,Wednesday,Summer,False
2023-08-03,PROP001,0.55,13,16,318.4,Thursday,Summer,False
2023-08-03,PROP002,0.95,1,28,328.12,Thursday,Summer,False
2023-08-03,PROP003,0.618,11,18,308.08,Thursday,Summer,False
2023-08-03,PROP004,0.922,2,27,337.32,Thursday,Summer,False
2023-08-03,PROP005,0.818,5,24,337.68,Thursday,Summer,False
2023-08-03,PROP006,0.905,2,27,307.96,Thursday,Summer,False
2023-08-03,PROP007,0.529,14,15,320.84,Thursday,Summer,False
2023-08-03,PROP008,0.89,3,26,353.04,Thursday,Summer,False
2023-08-03,PROP009,0.95,1,28,328.92,Thursday,Summer,False
2023-08-03,PROP010,0.95,1,28,316.52,Thursday,Summer,False
2023-08-04,PROP001,0.95,1,28,318.4,Friday,Summer,False
2023-08-04,PROP002,0.95,1,28,328.12,Friday,Summer,False
2023-08-04,PROP003,0.95,1,28,308.08,Friday,Summer,False
2023-08-04,PROP004,0.85,4,25,337.32,Friday,Summer,False
2023-08-04,PROP005,0.95,1,28,337.68,Friday,Summer,False
2023-08-04,PROP006,0.859,4,25,307.96,Friday,Summer,False
2023-08-04,PROP007,0.712,8,21,320.84,Friday,Summer,False
2023-08-04,PROP008,0.95,1,28,353.04,Friday,Summer,False
2023-08-04,PROP009,0.95,1,28,328.92,Friday,Summer,False
2023-08-04,PROP010,0.725,8,21,316.52,Friday,Summer,False
2023-08-05,PROP001,0.95,1,28,318.4,Saturday,Summer,True
2023-08-05,PROP002,0.785,6,23,328.12,Saturday,Summer,True
2023-08-05,PROP003,0.843,4,25,308.08,Saturday,Summer,True
2023-08-05,PROP004,0.95,1,28,337.32,Saturday,Summer,True
2023-08-05,PROP005,0.95,1,28,337.68,Saturday,Summer,True
2023-08-05,PROP006,0.95,1,28,307.96,Saturday,Summer,True
2023-08-05,PROP007,0.95,1,28,320.84,Saturday,Summer,True
2023-08-05,PROP008,0.95,1,28,353.04,Saturday,Summer,True
2023-08-05,PROP009,0.95,1,28,328.92,Saturday,Summer,True
2023-08-05,PROP010,0.95,1,28,316.52,Saturday,Summer,True
2023-08-06,PROP001,0.93,2,27,318.4,Sunday,Summer,True
2023-08-06,PROP002,0.945,1,28,328.12,Sunday,Summer,True
2023-08-06,PROP003,0.812,5,24,308.08,Sunday,Summer,True
2023-08-06,PROP004,0.95,1,28,337.32,Sunday,Summer,True
2023-08-06,PROP005,0.95,1,28,337.68,Sunday,Summer,True
2023-08-06,PROP006,0.75,7,22,307.96,Sunday,Summer,True
2023-08-06,PROP007,0.95,1,28,320.84,Sunday,Summer,True
2023-08-06,PROP008,0.95,1,28,353.04,Sunday,Summer,True
2023-08-06,PROP009,0.95,1,28,328.92,Sunday,Summer,True
2023-08-06,PROP010,0.95,1,28,316.52,Sunday,Summer,True
2023-08-07,PROP001,0.629,11,18,318.4,Monday,Summer,False
2023-08-07,PROP002,0.95,1,28,328.12,Monday,Summer,False
2023-08-07,PROP003,0.82,5,24,308.08,Monday,Summer,False
2023-08-07,PROP004,0.95,1,28,337.32,Monday,Summer,False
2023-08-07,PROP005,0.95,1,28,337.68,Monday,Summer,False
2023-08-07,PROP006,0.95,1,28,307.96,Monday,Summer,False
2023-08-07,PROP007,0.95,1,28,320.84,Monday,Summer,False
2023-08-07,PROP008,0.95,1,28,353.04,Monday,Summer,False
2023-08-07,PROP009,0.819,5,24,328.92,Monday,Summer,False
2023-08-07,PROP010,0.865,4,25,316.52,Monday,Summer,False
2023-08-08,PROP001,0.759,7,22,318.4,Tuesday,Summer,False
2023-08-08,PROP002,0.95,1,28,328.12,Tuesday,Summer,False
2023-08-08,PROP003,0.95,1,28,308.08,Tuesday,Summer,False
2023-08-08,PROP004,0.625,11,18,337.32,Tuesday,Summer,False
2023-08-08,PROP005,0.95,1,28,337.68,Tuesday,Summer,False
2023-08-08,PROP006,0.729,8,21,307.96,Tuesday,Summer,False
2023-08-08,PROP007,0.95,1,28,320.84,Tuesday,Summer,False
2023-08-08,PROP008,0.898,3,26,353.04,Tuesday,Summer,False
2023-08-08,PROP009,0.855,4,25,328.92,Tuesday,Summer,False
2023-08-08,PROP010,0.95,1,28,316.52,Tuesday,Summer,False
2023-08-09,PROP001,0.95,1,28,318.4,Wednesday,Summer,False
2023-08-09,PROP002,0.739,7,22,328.12,Wednesday,Summer,False
2023-08-09,PROP003,0.824,5,24,308.08,Wednesday,Summer,False
2023-08-09,PROP004,0.95,1,28,337.32,Wednesday,Summer,False
2023-08-09,PROP005,0.95,1,28,337.68,Wednesday,Summer,False
2023-08-09,PROP006,0.95,1,28,307.96,Wednesday,Summer,False
2023-08-09,PROP007,0.847,4,25,320.84,Wednesday,Summer,False
2023-08-09,PROP008,0.608,11,18,353.04,Wednesday,Summer,False
2023-08-09,PROP009,0.95,1,28,328.92,Wednesday,Summer,False
2023-08-09,PROP010,0.705,8,21,316.52,Wednesday,Summer,False
2023-08-10,PROP001,0.95,1,28,318.4,Thursday,Summer,False
2023-08-10,PROP002,0.95,1,28,328.12,Thursday,Summer,False
2023-08-10,PROP003,0.95,1,28,308.08,Thursday,Summer,False
2023-08-10,PROP004,0.816,5,24,337.32,Thursday,Summer,False
2023-08-10,PROP005,0.69,9,20,337.68,Thursday,Summer,False
2023-08-10,PROP006,0.522,14,15,307.96,Thursday,Summer,False
2023-08-10,PROP007,0.803,5,24,320.84,Thursday,Summer,False
2023-08-10,PROP008,0.95,1,28,353.04,Thursday,Summer,False
2023-08-10,PROP009,0.947,1,28,328.92,Thursday,Summer,False
2023-08-10,PROP010,0.95,1,28,316.52,Thursday,Summer,False
2023-08-11,PROP001,0.95,1,28,318.4,Friday,Summer,False
2023-08-11,PROP002,0.95,1,28,328.12,Friday,Summer,False
2023-08-11,PROP003,0.847,4,25,308.08,Friday,Summer,False
2023-08-11,PROP004,0.95,1,28,337.32,Friday,Summer,False
2023-08-11,PROP005,0.95,1,28,337.68,Friday,Summer,False
2023-08-11,PROP006,0.95,1,28,307.96,Friday,Summer,False
2023-08-11,PROP007,0.95,1,28,320.84,Friday,Summer,False
2023-08-11,PROP008,0.95,1,28,353.04,Friday,Summer,False
2023-08-11,PROP009,0.73,8,21,328.92,Friday,Summer,False
2023-08-11,PROP010,0.95,1,28,316.52,Friday,Summer,False
2023-08-12,PROP001,0.95,1,28,318.4,Saturday,Summer,True
2023-08-12,PROP002,0.95,1,28,328.12,Saturday,Summer,True
2023-08-12,PROP003,0.95,1,28,308.08,Saturday,Summer,True
2023-08-12,PROP004,0.838,4,25,337.32,Saturday,Summer,True
2023-08-12,PROP005,0.95,1,28,337.68,Saturday,Summer,True
2023-08-12,PROP006,0.95,1,28,307.96,Saturday,Summer,True
2023-08-12,PROP007,0.702,8,21,320.84,Saturday,Summer,True
2023-08-12,PROP008,0.95,1,28,353.04,Saturday,Summer,True
2023-08-12,PROP009,0.95,1,28,328.92,Saturday,Summer,True
2023-08-12,PROP010,0.95,1,28,316.52,Saturday,Summer,True
2023-08-13,PROP001,0.95,1,28,318.4,Sunday,Summer,True
2023-08-13,PROP002,0.95,1,28,328.12,Sunday,Summer,True
2023-08-13,PROP003,0.95,1,28,308.08,Sunday,Summer,True
2023-08-13,PROP004,0.764,7,22,337.32,Sunday,Summer,True
2023-08-13,PROP005,0.95,1,28,337.68,Sunday,Summer,True
2023-08-13,PROP006,0.615,11,18,307.96,Sunday,Summer,True
2023-08-13,PROP007,0.95,1,28,320.84,Sunday,Summer,True
2023-08-13,PROP008,0.95,1,28,353.04,Sunday,Summer,True
2023-08-13,PROP009,0.591,12,17,328.92,Sunday,Summer,True
2023-08-13,PROP010,0.95,1,28,316.52,Sunday,Summer,True
2023-08-14,PROP001,0.95,1,28,318.4,Monday,Summer,False
2023-08-14,PROP002,0.693,9,20,328.12,Monday,Summer,False
2023-08-14,PROP003,0.507,14,15,308.08,Monday,Summer,False
2023-08-14,PROP004,0.95,1,28,337.32,Monday,Summer,False
2023-08-14,PROP005,0.95,1,28,337.68,Monday,Summer,False
2023-08-14,PROP006,0.95,1,28,307.96,Monday,Summer,False
2023-08-14,PROP007,0.95,1,28,320.84,Monday,Summer,False
2023-08-14,PROP008,0.95,1,28,353.04,Monday,Summer,False
2023-08-14,PROP009,0.95,1,28,328.92,Monday,Summer,False
2023-08-14,PROP010,0.932,2,27,316.52,Monday,Summer,False
2023-08-15,PROP001,0.879,3,26,318.4,Tuesday,Summer,True
2023-08-15,PROP002,0.95,1,28,328.12,Tuesday,Summer,True
2023-08-15,PROP003,0.95,1,28,308.08,Tuesday,Summer,True
2023-08-15,PROP004,0.857,4,25,337.32,Tuesday,Summer,True
2023-08-15,PROP005,0.776,6,23,337.68,Tuesday,Summer,True
2023-08-15,PROP006,0.95,1,28,307.96,Tuesday,Summer,True
2023-08-15,PROP007,0.326,20,9,320.84,Tuesday,Summer,True
2023-08-15,PROP008,0.905,2,27,353.04,Tuesday,Summer,True
2023-08-15,PROP009,0.545,13,16,328.92,Tuesday,Summer,True
2023-08-15,PROP010,0.95,1,28,316.52,Tuesday,Summer,True
2023-08-16,PROP001,0.95,1,28,318.4,Wednesday,Summer,False
2023-08-16,PROP002,0.529,14,15,328.12,Wednesday,Summer,False
2023-08-16,PROP003,0.95,1,28,308.08,Wednesday,Summer,False
2023-08-16,PROP004,0.895,3,26,337.32,Wednesday,Summer,False
2023-08-16,PROP005,0.95,1,28,337.68,Wednesday,Summer,False
2023-08-16,PROP006,0.759,7,22,307.96,Wednesday,Summer,False
2023-08-16,PROP007,0.947,1,28,320.84,Wednesday,Summer,False
2023-08-16,PROP008,0.75,7,22,353.04,Wednesday,Summer,False
2023-08-16,PROP009,0.95,1,28,328.92,Wednesday,Summer,False
2023-08-16,PROP010,0.95,1,28,316.52,Wednesday,Summer,False
2023-08-17,PROP001,0.902,2,27,318.4,Thursday,Summer,False
2023-08-17,PROP002,0.894,3,26,328.12,Thursday,Summer,False
2023-08-17,PROP003,0.495,15,14,308.08,Thursday,Summer,False
2023-08-17,PROP004,0.95,1,28,337.32,Thursday,Summer,False
2023-08-17,PROP005,0.95,1,28,337.68,Thursday,Summer,False
2023-08-17,PROP006,0.95,1,28,307.96,Thursday,Summer,False
2023-08-17,PROP007,0.95,1,28,320.84,Thursday,Summer,False
2023-08-17,PROP008,0.563,13,16,353.04,Thursday,Summer,False
2023-08-17,PROP009,0.95,1,28,328.92,Thursday,Summer,False
2023-08-17,PROP010,0.919,2,27,316.52,Thursday,Summer,False
2023-08-18,PROP001,0.95,1,28,318.4,Friday,Summer,False
2023-08-18,PROP002,0.734,7,22,328.12,Friday,Summer,False
2023-08-18,PROP003,0.95,1,28,308.08,Friday,Summer,False
2023-08-18,PROP004,0.92,2,27,337.32,Friday,Summer,False
2023-08-18,PROP005,0.95,1,28,337.68,Friday,Summer,False
2023-08-18,PROP006,0.95,1,28,307.96,Friday,Summer,False
2023-08-18,PROP007,0.84,4,25,320.84,Friday,Summer,False
2023-08-18,PROP008,0.95,1,28,353.04,Friday,Summer,False
2023-08-18,PROP009,0.95,1,28,328.92,Friday,Summer,False
2023-08-18,PROP010,0.95,1,28,316.52,Friday,Summer,False
2023-08-19,PROP001,0.763,7,22,318.4,Saturday,Summer,True
2023-08-19,PROP002,0.95,1,28,328.12,Saturday,Summer,True
2023-08-19,PROP003,0.655,10,19,308.08,Saturday,Summer,True
2023-08-19,PROP004,0.721,8,21,337.32,Saturday,Summer,True
2023-08-19,PROP005,0.812,5,24,337.68,Saturday,Summer,True
2023-08-19,PROP006,0.95,1,28,307.96,Saturday,Summer,True
2023-08-19,PROP007,0.95,1,28,320.84,Saturday,Summer,True
2023-08-19,PROP008,0.95,1,28,353.04,Saturday,Summer,True
2023-08-19,PROP009,0.311,20,9,328.92,Saturday,Summer,True
2023-08-19,PROP010,0.95,1,28,316.52,Saturday,Summer,True
2023-08-20,PROP001,0.95,1,28,318.4,Sunday,Summer,True
2023-08-20,PROP002,0.859,4,25,328.12,Sunday,Summer,True
2023-08-20,PROP003,0.95,1,28,308.08,Sunday,Summer,True
2023-08-20,PROP004,0.95,1,28,337.32,Sunday,Summer,True
2023-08-20,PROP005,0.95,1,28,337.68,Sunday,Summer,True
2023-08-20,PROP006,0.606,11,18,307.96,Sunday,Summer,True
2023-08-20,PROP007,0.95,1,28,320.84,Sunday,Summer,True
2023-08-20,PROP008,0.94,1,28,353.04,Sunday,Summer,True
2023-08-20,PROP009,0.95,1,28,328.92,Sunday,Summer,True
2023-08-20,PROP010,0.638,10,19,316.52,Sunday,Summer,True
2023-08-21,PROP001,0.582,12,17,318.4,Monday,Summer,False
2023-08-21,PROP002,0.95,1,28,328.12,Monday,Summer,False
2023-08-21,PROP003,0.866,4,25,308.08,Monday,Summer,False
2023-08-21,PROP004,0.95,1,28,337.32,Monday,Summer,False
2023-08-21,PROP005,0.932,2,27,337.68,Monday,Summer,False
2023-08-21,PROP006,0.91,2,27,307.96,Monday,Summer,False
2023-08-21,PROP007,0.95,1,28,320.84,Monday,Summer,False
2023-08-21,PROP008,0.95,1,28,353.04,Monday,Summer,False
2023-08-21,PROP009,0.95,1,28,328.92,Monday,Summer,False
2023-08-21,PROP010,0.95,1,28,316.52,Monday,Summer,False
2023-08-22,PROP001,0.95,1,28,318.4,Tuesday,Summer,False
2023-08-22,PROP002,0.751,7,22,328.12,Tuesday,Summer,False
2023-08-22,PROP003,0.898,3,26,308.08,Tuesday,Summer,False
2023-08-22,PROP004,0.933,2,27,337.32,Tuesday,Summer,False
2023-08-22,PROP005,0.95,1,28,337.68,Tuesday,Summer,False
2023-08-22,PROP006,0.944,1,28,307.96,Tuesday,Summer,False
2023-08-22,PROP007,0.897,3,26,320.84,Tuesday,Summer,False
2023-08-22,PROP008,0.95,1,28,353.04,Tuesday,Summer,False
2023-08-22,PROP009,0.95,1,28,328.92,Tuesday,Summer,False
2023-08-22,PROP010,0.95,1,28,316.52,Tuesday,Summer,False
2023-08-23,PROP001,0.687,9,20,318.4,Wednesday,Summer,False
2023-08-23,PROP002,0.95,1,28,328.12,Wednesday,Summer,False
2023-08-23,PROP003,0.87,3,26,308.08,Wednesday,Summer,False
2023-08-23,PROP004,0.95,1,28,337.32,Wednesday,Summer,False
2023-08-23,PROP005,0.95,1,28,337.68,Wednesday,Summer,False
2023-08-23,PROP006,0.95,1,28,307.96,Wednesday,Summer,False
2023-08-23,PROP007,0.607,11,18,320.84,Wednesday,Summer,False
2023-08-23,PROP008,0.774,6,23,353.04,Wednesday,Summer,False
2023-08-23,PROP009,0.95,1,28,328.92,Wednesday,Summer,False
2023-08-23,PROP010,0.457,16,13,316.52,Wednesday,Summer,False
2023-08-24,PROP001,0.95,1,28,318.4,Thursday,Summer,False
2023-08-24,PROP002,0.95,1,28,328.12,Thursday,Summer,False
2023-08-24,PROP003,0.52,14,15,308.08,Thursday,Summer,False
2023-08-24,PROP004,0.885,3,26,337.32,Thursday,Summer,False
2023-08-24,PROP005,0.725,8,21,337.68,Thursday,Summer,False
2023-08-24,PROP006,0.798,6,23,307.96,Thursday,Summer,False
2023-08-24,PROP007,0.805,5,24,320.84,Thursday,Summer,False
2023-08-24,PROP008,0.95,1,28,353.04,Thursday,Summer,False
2023-08-24,PROP009,0.95,1,28,328.92,Thursday,Summer,False
2023-08-24,PROP010,0.58,12,17,316.52,Thursday,Summer,False
2023-08-25,PROP001,0.896,3,26,318.4,Friday,Summer,False
2023-08-25,PROP002,0.873,3,26,328.12,Friday,Summer,False
2023-08-25,PROP003,0.939,1,28,308.08,Friday,Summer,False
2023-08-25,PROP004,0.757,7,22,337.32,Friday,Summer,False
2023-08-25,PROP005,0.95,1,28,337.68,Friday,Summer,False
2023-08-25,PROP006,0.95,1,28,307.96,Friday,Summer,False
2023-08-25,PROP007,0.95,1,28,320.84,Friday,Summer,False
2023-08-25,PROP008,0.95,1,28,353.04,Friday,Summer,False
2023-08-25,PROP009,0.674,9,20,328.92,Friday,Summer,False
2023-08-25,PROP010,0.948,1,28,316.52,Friday,Summer,False
2023-08-26,PROP001,0.486,15,14,318.4,Saturday,Summer,True
2023-08-26,PROP002,0.95,1,28,328.12,Saturday,Summer,True
2023-08-26,PROP003,0.95,1,28,308.08,Saturday,Summer,True
2023-08-26,PROP004,0.95,1,28,337.32,Saturday,Summer,True
2023-08-26,PROP005,0.95,1,28,337.68,Saturday,Summer,True
2023-08-26,PROP006,0.781,6,23,307.96,Saturday,Summer,True
2023-08-26,PROP007,0.95,1,28,320.84,Saturday,Summer,True
2023-08-26,PROP008,0.902,2,27,353.04,Saturday,Summer,True
2023-08-26,PROP009,0.95,1,28,328.92,Saturday,Summer,True
2023-08-26,PROP010,0.792,6,23,316.52,Saturday,Summer,True
2023-08-27,PROP001,0.273,21,8,318.4,Sunday,Summer,True
2023-08-27,PROP002,0.95,1,28,328.12,Sunday,Summer,True
2023-08-27,PROP003,0.938,1,28,308.08,Sunday,Summer,True
2023-08-27,PROP004,0.819,5,24,337.32,Sunday,Summer,True
2023-08-27,PROP005,0.95,1,28,337.68,Sunday,Summer,True
2023-08-27,PROP006,0.95,1,28,307.96,Sunday,Summer,True
2023-08-27,PROP007,0.95,1,28,320.84,Sunday,Summer,True
2023-08-27,PROP008,0.917,2,27,353.04,Sunday,Summer,True
2023-08-27,PROP009,0.95,1,28,328.92,Sunday,Summer,True
2023-08-27,PROP010,0.95,1,28,316.52,Sunday,Summer,True
2023-08-28,PROP001,0.813,5,24,318.4,Monday,Summer,False
2023-08-28,PROP002,0.851,4,25,328.12,Monday,Summer,False
2023-08-28,PROP003,0.95,1,28,308.08,Monday,Summer,False
2023-08-28,PROP004,0.827,5,24,337.32,Monday,Summer,False
2023-08-28,PROP005,0.95,1,28,337.68,Monday,Summer,False
2023-08-28,PROP006,0.95,1,28,307.96,Monday,Summer,False
2023-08-28,PROP007,0.95,1,28,320.84,Monday,Summer,False
2023-08-28,PROP008,0.95,1,28,353.04,Monday,Summer,False
2023-08-28,PROP009,0.897,3,26,328.92,Monday,Summer,False
2023-08-28,PROP010,0.676,9,20,316.52,Monday,Summer,False
2023-08-29,PROP001,0.553,13,16,318.4,Tuesday,Summer,False
2023-08-29,PROP002,0.95,1,28,328.12,Tuesday,Summer,False
2023-08-29,PROP003,0.398,18,11,308.08,Tuesday,Summer,False
2023-08-29,PROP004,0.95,1,28,337.32,Tuesday,Summer,False
2023-08-29,PROP005,0.95,1,28,337.68,Tuesday,Summer,False
2023-08-29,PROP006,0.642,10,19,307.96,Tuesday,Summer,False
2023-08-29,PROP007,0.931,2,27,320.84,Tuesday,Summer,False
2023-08-29,PROP008,0.704,8,21,353.04,Tuesday,Summer,False
2023-08-29,PROP009,0.729,8,21,328.92,Tuesday,Summer,False
2023-08-29,PROP010,0.831,5,24,316.52,Tuesday,Summer,False
2023-08-30,PROP001,0.788,6,23,318.4,Wednesday,Summer,False
2023-08-30,PROP002,0.641,10,19,328.12,Wednesday,Summer,False
2023-08-30,PROP003,0.846,4,25,308.08,Wednesday,Summer,False
2023-08-30,PROP004,0.672,9,20,337.32,Wednesday,Summer,False
2023-08-30,PROP005,0.819,5,24,337.68,Wednesday,Summer,False
2023-08-30,PROP006,0.654,10,19,307.96,Wednesday,Summer,False
2023-08-30,PROP007,0.899,3,26,320.84,Wednesday,Summer,False
2023-08-30,PROP008,0.95,1,28,353.04,Wednesday,Summer,False
2023-08-30,PROP009,0.946,1,28,328.92,Wednesday,Summer,False
2023-08-30,PROP010,0.95,1,28,316.52,Wednesday,Summer,False
2023-08-31,PROP001,0.585,12,17,318.4,Thursday,Summer,False
2023-08-31,PROP002,0.95,1,28,328.12,Thursday,Summer,False
2023-08-31,PROP003,0.95,1,28,308.08,Thursday,Summer,False
2023-08-31,PROP004,0.95,1,28,337.32,Thursday,Summer,False
2023-08-31,PROP005,0.915,2,27,337.68,Thursday,Summer,False
2023-08-31,PROP006,0.794,6,23,307.96,Thursday,Summer,False
2023-08-31,PROP007,0.95,1,28,320.84,Thursday,Summer,False
2023-08-31,PROP008,0.95,1,28,353.04,Thursday,Summer,False
2023-08-31,PROP009,0.88,3,26,328.92,Thursday,Summer,False
2023-08-31,PROP010,0.873,3,26,316.52,Thursday,Summer,False
2023-09-01,PROP001,0.461,16,13,265.33,Friday,Fall,False
2023-09-01,PROP002,0.95,1,28,273.43,Friday,Fall,False
2023-09-01,PROP003,0.95,1,28,256.73,Friday,Fall,False
2023-09-01,PROP004,0.745,7,22,281.1,Friday,Fall,False
2023-09-01,PROP005,0.745,7,22,281.4,Friday,Fall,False
2023-09-01,PROP006,0.867,3,26,256.63,Friday,Fall,False
2023-09-01,PROP007,0.95,1,28,267.37,Friday,Fall,False
2023-09-01,PROP008,0.856,4,25,294.2,Friday,Fall,False
2023-09-01,PROP009,0.941,1,28,274.1,Friday,Fall,False
2023-09-01,PROP010,0.848,4,25,263.77,Friday,Fall,False
2023-09-02,PROP001,0.753,7,22,265.33,Saturday,Fall,True
2023-09-02,PROP002,0.926,2,27,273.43,Saturday,Fall,True
2023-09-02,PROP003,0.759,7,22,256.73,Saturday,Fall,True
2023-09-02,PROP004,0.839,4,25,281.1,Saturday,Fall,True
2023-09-02,PROP005,0.809,5,24,281.4,Saturday,Fall,True
2023-09-02,PROP006,0.556,13,16,256.63,Saturday,Fall,True
2023-09-02,PROP007,0.95,1,28,267.37,Saturday,Fall,True
2023-09-02,PROP008,0.641,10,19,294.2,Saturday,Fall,True
2023-09-02,PROP009,0.668,9,20,274.1,Saturday,Fall,True
2023-09-02,PROP010,0.95,1,28,263.77,Saturday,Fall,True
2023-09-03,PROP001,0.644,10,19,265.33,Sunday,Fall,True
2023-09-03,PROP002,0.94,1,28,273.43,Sunday,Fall,True
2023-09-03,PROP003,0.919,2,27,256.73,Sunday,Fall,True
2023-09-03,PROP004,0.875,3,26,281.1,Sunday,Fall,True
2023-09-03,PROP005,0.46,16,13,281.4,Sunday,Fall,True
2023-09-03,PROP006,0.95,1,28,256.63,Sunday,Fall,True
2023-09-03,PROP007,0.927,2,27,267.37,Sunday,Fall,True
2023-09-03,PROP008,0.794,6,23,294.2,Sunday,Fall,True
2023-09-03,PROP009,0.649,10,19,274.1,Sunday,Fall,True
2023-09-03,PROP010,0.837,4,25,263.77,Sunday,Fall,True
2023-09-04,PROP001,0.596,12,17,265.33,Monday,Fall,False
2023-09-04,PROP002,0.724,8,21,273.43,Monday,Fall,False
2023-09-04,PROP003,0.635,10,19,256.73,Monday,Fall,False
2023-09-04,PROP004,0.756,7,22,281.1,Monday,Fall,False
2023-09-04,PROP005,0.808,5,24,281.4,Monday,Fall,False
2023-09-04,PROP006,0.519,14,15,256.63,Monday,Fall,False
2023-09-04,PROP007,0.902,2,27,267.37,Monday,Fall,False
2023-09-04,PROP008,0.726,8,21,294.2,Monday,Fall,False
2023-09-04,PROP009,0.533,13,16,274.1,Monday,Fall,False
2023-09-04,PROP010,0.864,4,25,263.77,Monday,Fall,False
2023-09-05,PROP001,0.403,17,12,265.33,Tuesday,Fall,False
2023-09-05,PROP002,0.701,8,21,273.43,Tuesday,Fall,False
2023-09-05,PROP003,0.331,20,9,256.73,Tuesday,Fall,False
2023-09-05,PROP004,0.847,4,25,281.1,Tuesday,Fall,False
2023-09-05,PROP005,0.461,16,13,281.4,Tuesday,Fall,False
2023-09-05,PROP006,0.815,5,24,256.63,Tuesday,Fall,False
2023-09-05,PROP007,0.646,10,19,267.37,Tuesday,Fall,False
2023-09-05,PROP008,0.729,8,21,294.2,Tuesday,Fall,False
2023-09-05,PROP009,0.827,5,24,274.1,Tuesday,Fall,False
2023-09-05,PROP010,0.674,9,20,263.77,Tuesday,Fall,False
2023-09-06,PROP001,0.622,11,18,265.33,Wednesday,Fall,False
2023-09-06,PROP002,0.856,4,25,273.43,Wednesday,Fall,False
2023-09-06,PROP003,0.542,13,16,256.73,Wednesday,Fall,False
2023-09-06,PROP004,0.688,9,20,281.1,Wednesday,Fall,False
2023-09-06,PROP005,0.771,6,23,281.4,Wednesday,Fall,False
2023-09-06,PROP006,0.766,7,22,256.63,Wednesday,Fall,False
2023-09-06,PROP007,0.671,9,20,267.37,Wednesday,Fall,False
2023-09-06,PROP008,0.572,12,17,294.2,Wednesday,Fall,False
2023-09-06,PROP009,0.778,6,23,274.1,Wednesday,Fall,False
2023-09-06,PROP010,0.759,7,22,263.77,Wednesday,Fall,False
2023-09-07,PROP001,0.864,4,25,265.33,Thursday,Fall,False
2023-09-07,PROP002,0.577,12,17,273.43,Thursday,Fall,False
2023-09-07,PROP003,0.6,12,17,256.73,Thursday,Fall,False
2023-09-07,PROP004,0.63,11,18,281.1,Thursday,Fall,False
2023-09-07,PROP005,0.794,6,23,281.4,Thursday,Fall,False
2023-09-07,PROP006,0.75,7,22,256.63,Thursday,Fall,False
2023-09-07,PROP007,0.584,12,17,267.37,Thursday,Fall,False
2023-09-07,PROP008,0.749,7,22,294.2,Thursday,Fall,False
2023-09-07,PROP009,0.755,7,22,274.1,Thursday,Fall,False
2023-09-07,PROP010,0.901,2,27,263.77,Thursday,Fall,False
2023-09-08,PROP001,0.95,1,28,265.33,Friday,Fall,False
2023-09-08,PROP002,0.764,7,22,273.43,Friday,Fall,False
2023-09-08,PROP003,0.95,1,28,256.73,Friday,Fall,False
2023-09-08,PROP004,0.794,6,23,281.1,Friday,Fall,False
2023-09-08,PROP005,0.918,2,27,281.4,Friday,Fall,False
2023-09-08,PROP006,0.591,12,17,256.63,Friday,Fall,False
2023-09-08,PROP007,0.779,6,23,267.37,Friday,Fall,False
2023-09-08,PROP008,0.787,6,23,294.2,Friday,Fall,False
2023-09-08,PROP009,0.494,15,14,274.1,Friday,Fall,False
2023-09-08,PROP010,0.617,11,18,263.77,Friday,Fall,False
2023-09-09,PROP001,0.95,1,28,265.33,Saturday,Fall,True
2023-09-09,PROP002,0.574,12,17,273.43,Saturday,Fall,True
2023-09-09,PROP003,0.754,7,22,256.73,Saturday,Fall,True
2023-09-09,PROP004,0.95,1,28,281.1,Saturday,Fall,True
2023-09-09,PROP005,0.95,1,28,281.4,Saturday,Fall,True
2023-09-09,PROP006,0.883,3,26,256.63,Saturday,Fall,True
2023-09-09,PROP007,0.95,1,28,267.37,Saturday,Fall,True
2023-09-09,PROP008,0.809,5,24,294.2,Saturday,Fall,True
2023-09-09,PROP009,0.917,2,27,274.1,Saturday,Fall,True
2023-09-09,PROP010,0.95,1,28,263.77,Saturday,Fall,True
2023-09-10,PROP001,0.95,1,28,265.33,Sunday,Fall,True
2023-09-10,PROP002,0.95,1,28,273.43,Sunday,Fall,True
2023-09-10,PROP003,0.95,1,28,256.73,Sunday,Fall,True
2023-09-10,PROP004,0.83,5,24,281.1,Sunday,Fall,True
2023-09-10,PROP005,0.678,9,20,281.4,Sunday,Fall,True
2023-09-10,PROP006,0.733,8,21,256.63,Sunday,Fall,True
2023-09-10,PROP007,0.622,11,18,267.37,Sunday,Fall,True
2023-09-10,PROP008,0.95,1,28,294.2,Sunday,Fall,True
2023-09-10,PROP009,0.843,4,25,274.1,Sunday,Fall,True
2023-09-10,PROP010,0.569,12,17,263.77,Sunday,Fall,True
2023-09-11,PROP001,0.705,8,21,265.33,Monday,Fall,False
2023-09-11,PROP002,0.558,13,16,273.43,Monday,Fall,False
2023-09-11,PROP003,0.695,9,20,256.73,Monday,Fall,False
2023-09-11,PROP004,0.707,8,21,281.1,Monday,Fall,False
2023-09-11,PROP005,0.8,5,24,281.4,Monday,Fall,False
2023-09-11,PROP006,0.631,11,18,256.63,Monday,Fall,False
2023-09-11,PROP007,0.686,9,20,267.37,Monday,Fall,False
2023-09-11,PROP008,0.792,6,23,294.2,Monday,Fall,False
2023-09-11,PROP009,0.917,2,27,274.1,Monday,Fall,False
2023-09-11,PROP010,0.808,5,24,263.77,Monday,Fall,False
2023-09-12,PROP001,0.709,8,21,265.33,Tuesday,Fall,False
2023-09-12,PROP002,0.894,3,26,273.43,Tuesday,Fall,False
2023-09-12,PROP003,0.695,9,20,256.73,Tuesday,Fall,False
2023-09-12,PROP004,0.423,17,12,281.1,Tuesday,Fall,False
2023-09-12,PROP005,0.888,3,26,281.4,Tuesday,Fall,False
2023-09-12,PROP006,0.661,10,19,256.63,Tuesday,Fall,False
2023-09-12,PROP007,0.712,8,21,267.37,Tuesday,Fall,False
2023-09-12,PROP008,0.618,11,18,294.2,Tuesday,Fall,False
2023-09-12,PROP009,0.626,11,18,274.1,Tuesday,Fall,False
2023-09-12,PROP010,0.56,13,16,263.77,Tuesday,Fall,False
2023-09-13,PROP001,0.882,3,26,265.33,Wednesday,Fall,False
2023-09-13,PROP002,0.61,11,18,273.43,Wednesday,Fall,False
2023-09-13,PROP003,0.647,10,19,256.73,Wednesday,Fall,False
2023-09-13,PROP004,0.686,9,20,281.1,Wednesday,Fall,False
2023-09-13,PROP005,0.617,11,18,281.4,Wednesday,Fall,False
2023-09-13,PROP006,0.648,10,19,256.63,Wednesday,Fall,False
2023-09-13,PROP007,0.741,7,22,267.37,Wednesday,Fall,False
2023-09-13,PROP008,0.799,6,23,294.2,Wednesday,Fall,False
2023-09-13,PROP009,0.73,8,21,274.1,Wednesday,Fall,False
2023-09-13,PROP010,0.659,10,19,263.77,Wednesday,Fall,False
2023-09-14,PROP001,0.717,8,21,265.33,Thursday,Fall,False
2023-09-14,PROP002,0.831,5,24,273.43,Thursday,Fall,False
2023-09-14,PROP003,0.605,11,18,256.73,Thursday,Fall,False
2023-09-14,PROP004,0.536,13,16,281.1,Thursday,Fall,False
2023-09-14,PROP005,0.641,10,19,281.4,Thursday,Fall,False
2023-09-14,PROP006,0.854,4,25,256.63,Thursday,Fall,False
2023-09-14,PROP007,0.713,8,21,267.37,Thursday,Fall,False
2023-09-14,PROP008,0.518,14,15,294.2,Thursday,Fall,False
2023-09-14,PROP009,0.779,6,23,274.1,Thursday,Fall,False
2023-09-14,PROP010,0.524,14,15,263.77,Thursday,Fall,False
2023-09-15,PROP001,0.822,5,24,265.33,Friday,Fall,False
2023-09-15,PROP002,0.895,3,26,273.43,Friday,Fall,False
2023-09-15,PROP003,0.433,16,13,256.73,Friday,Fall,False
2023-09-15,PROP004,0.95,1,28,281.1,Friday,Fall,False
2023-09-15,PROP005,0.658,10,19,281.4,Friday,Fall,False
2023-09-15,PROP006,0.719,8,21,256.63,Friday,Fall,False
2023-09-15,PROP007,0.829,5,24,267.37,Friday,Fall,False
2023-09-15,PROP008,0.592,12,17,294.2,Friday,Fall,False
2023-09-15,PROP009,0.729,8,21,274.1,Friday,Fall,False
2023-09-15,PROP010,0.95,1,28,263.77,Friday,Fall,False
2023-09-16,PROP001,0.85,4,25,265.33,Saturday,Fall,True
2023-09-16,PROP002,0.647,10,19,273.43,Saturday,Fall,True
2023-09-16,PROP003,0.664,10,19,256.73,Saturday,Fall,True
2023-09-16,PROP004,0.681,9,20,281.1,Saturday,Fall,True
2023-09-16,PROP005,0.95,1,28,281.4,Saturday,Fall,True
2023-09-16,PROP006,0.914,2,27,256.63,Saturday,Fall,True
2023-09-16,PROP007,0.88,3,26,267.37,Saturday,Fall,True
2023-09-16,PROP008,0.602,11,18,294.2,Saturday,Fall,True
2023-09-16,PROP009,0.729,8,21,274.1,Saturday,Fall,True
2023-09-16,PROP010,0.825,5,24,263.77,Saturday,Fall,True
2023-09-17,PROP001,0.8,6,23,265.33,Sunday,Fall,True
2023-09-17,PROP002,0.851,4,25,273.43,Sunday,Fall,True
2023-09-17,PROP003,0.658,10,19,256.73,Sunday,Fall,True
2023-09-17,PROP004,0.791,6,23,281.1,Sunday,Fall,True
2023-09-17,PROP005,0.716,8,21,281.4,Sunday,Fall,True
2023-09-17,PROP006,0.448,16,13,256.63,Sunday,Fall,True
2023-09-17,PROP007,0.95,1,28,267.37,Sunday,Fall,True
2023-09-17,PROP008,0.803,5,24,294.2,Sunday,Fall,True
2023-09-17,PROP009,0.341,19,10,274.1,Sunday,Fall,True
2023-09-17,PROP010,0.731,8,21,263.77,Sunday,Fall,True
2023-09-18,PROP001,0.447,16,13,265.33,Monday,Fall,False
2023-09-18,PROP002,0.789,6,23,273.43,Monday,Fall,False
2023-09-18,PROP003,0.749,7,22,256.73,Monday,Fall,False
2023-09-18,PROP004,0.703,8,21,281.1,Monday,Fall,False
2023-09-18,PROP005,0.574,12,17,281.4,Monday,Fall,False
2023-09-18,PROP006,0.884,3,26,256.63,Monday,Fall,False
2023-09-18,PROP007,0.672,9,20,267.37,Monday,Fall,False
2023-09-18,PROP008,0.707,8,21,294.2,Monday,Fall,False
2023-09-18,PROP009,0.594,12,17,274.1,Monday,Fall,False
2023-09-18,PROP010,0.653,10,19,263.77,Monday,Fall,False
2023-09-19,PROP001,0.858,4,25,265.33,Tuesday,Fall,False
2023-09-19,PROP002,0.623,11,18,273.43,Tuesday,Fall,False
2023-09-19,PROP003,0.581,12,17,256.73,Tuesday,Fall,False
2023-09-19,PROP004,0.875,3,26,281.1,Tuesday,Fall,False
2023-09-19,PROP005,0.587,12,17,281.4,Tuesday,Fall,False
2023-09-19,PROP006,0.827,5,24,256.63,Tuesday,Fall,False
2023-09-19,PROP007,0.654,10,19,267.37,Tuesday,Fall,False
2023-09-19,PROP008,0.751,7,22,294.2,Tuesday,Fall,False
2023-09-19,PROP009,0.663,10,19,274.1,Tuesday,Fall,False
2023-09-19,PROP010,0.878,3,26,263.77,Tuesday,Fall,False
2023-09-20,PROP001,0.691,9,20,265.33,Wednesday,Fall,False
2023-09-20,PROP002,0.646,10,19,273.43,Wednesday,Fall,False
2023-09-20,PROP003,0.768,6,23,256.73,Wednesday,Fall,False
2023-09-20,PROP004,0.88,3,26,281.1,Wednesday,Fall,False
2023-09-20,PROP005,0.864,4,25,281.4,Wednesday,Fall,False
2023-09-20,PROP006,0.8,5,24,256.63,Wednesday,Fall,False
2023-09-20,PROP007,0.721,8,21,267.37,Wednesday,Fall,False
2023-09-20,PROP008,0.829,5,24,294.2,Wednesday,Fall,False
2023-09-20,PROP009,0.66,10,19,274.1,Wednesday,Fall,False
2023-09-20,PROP010,0.835,4,25,263.77,Wednesday,Fall,False
2023-09-21,PROP001,0.399,18,11,265.33,Thursday,Fall,False
2023-09-21,PROP002,0.678,9,20,273.43,Thursday,Fall,False
2023-09-21,PROP003,0.398,18,11,256.73,Thursday,Fall,False
2023-09-21,PROP004,0.716,8,21,281.1,Thursday,Fall,False
2023-09-21,PROP005,0.793,6,23,281.4,Thursday,Fall,False
2023-09-21,PROP006,0.646,10,19,256.63,Thursday,Fall,False
2023-09-21,PROP007,0.785,6,23,267.37,Thursday,Fall,False
2023-09-21,PROP008,0.786,6,23,294.2,Thursday,Fall,False
2023-09-21,PROP009,0.729,8,21,274.1,Thursday,Fall,False
2023-09-21,PROP010,0.545,13,16,263.77,Thursday,Fall,False
2023-09-22,PROP001,0.95,1,28,265.33,Friday,Fall,False
2023-09-22,PROP002,0.727,8,21,273.43,Friday,Fall,False
2023-09-22,PROP003,0.821,5,24,256.73,Friday,Fall,False
2023-09-22,PROP004,0.679,9,20,281.1,Friday,Fall,False
2023-09-22,PROP005,0.855,4,25,281.4,Friday,Fall,False
2023-09-22,PROP006,0.95,1,28,256.63,Friday,Fall,False
2023-09-22,PROP007,0.95,1,28,267.37,Friday,Fall,False
2023-09-22,PROP008,0.95,1,28,294.2,Friday,Fall,False
2023-09-22,PROP009,0.746,7,22,274.1,Friday,Fall,False
2023-09-22,PROP010,0.782,6,23,263.77,Friday,Fall,False
2023-09-23,PROP001,0.844,4,25,265.33,Saturday,Fall,True
2023-09-23,PROP002,0.942,1,28,273.43,Saturday,Fall,True
2023-09-23,PROP003,0.551,13,16,256.73,Saturday,Fall,True
2023-09-23,PROP004,0.95,1,28,281.1,Saturday,Fall,True
2023-09-23,PROP005,0.729,8,21,281.4,Saturday,Fall,True
2023-09-23,PROP006,0.814,5,24,256.63,Saturday,Fall,True
2023-09-23,PROP007,0.95,1,28,267.37,Saturday,Fall,True
2023-09-23,PROP008,0.64,10,19,294.2,Saturday,Fall,True
2023-09-23,PROP009,0.95,1,28,274.1,Saturday,Fall,True
2023-09-23,PROP010,0.91,2,27,263.77,Saturday,Fall,True
2023-09-24,PROP001,0.741,7,22,265.33,Sunday,Fall,True
2023-09-24,PROP002,0.695,9,20,273.43,Sunday,Fall,True
2023-09-24,PROP003,0.95,1,28,256.73,Sunday,Fall,True
2023-09-24,PROP004,0.685,9,20,281.1,Sunday,Fall,True
2023-09-24,PROP005,0.648,10,19,281.4,Sunday,Fall,True
2023-09-24,PROP006,0.95,1,28,256.63,Sunday,Fall,True
2023-09-24,PROP007,0.877,3,26,267.37,Sunday,Fall,True
2023-09-24,PROP008,0.688,9,20,294.2,Sunday,Fall,True
2023-09-24,PROP009,0.95,1,28,274.1,Sunday,Fall,True
2023-09-24,PROP010,0.39,18,11,263.77,Sunday,Fall,True
2023-09-25,PROP001,0.543,13,16,265.33,Monday,Fall,False
2023-09-25,PROP002,0.79,6,23,273.43,Monday,Fall,False
2023-09-25,PROP003,0.813,5,24,256.73,Monday,Fall,False
2023-09-25,PROP004,0.573,12,17,281.1,Monday,Fall,False
2023-09-25,PROP005,0.826,5,24,281.4,Monday,Fall,False
2023-09-25,PROP006,0.797,6,23,256.63,Monday,Fall,False
2023-09-25,PROP007,0.468,15,14,267.37,Monday,Fall,False
2023-09-25,PROP008,0.778,6,23,294.2,Monday,Fall,False
2023-09-25,PROP009,0.324,20,9,274.1,Monday,Fall,False
2023-09-25,PROP010,0.906,2,27,263.77,Monday,Fall,False
2023-09-26,PROP001,0.64,10,19,265.33,Tuesday,Fall,False
2023-09-26,PROP002,0.897,3,26,273.43,Tuesday,Fall,False
2023-09-26,PROP003,0.648,10,19,256.73,Tuesday,Fall,False
2023-09-26,PROP004,0.566,13,16,281.1,Tuesday,Fall,False
2023-09-26,PROP005,0.744,7,22,281.4,Tuesday,Fall,False
2023-09-26,PROP006,0.794,6,23,256.63,Tuesday,Fall,False
2023-09-26,PROP007,0.824,5,24,267.37,Tuesday,Fall,False
2023-09-26,PROP008,0.494,15,14,294.2,Tuesday,Fall,False
2023-09-26,PROP009,0.906,2,27,274.1,Tuesday,Fall,False
2023-09-26,PROP010,0.832,5,24,263.77,Tuesday,Fall,False
2023-09-27,PROP001,0.497,15,14,265.33,Wednesday,Fall,False
2023-09-27,PROP002,0.722,8,21,273.43,Wednesday,Fall,False
2023-09-27,PROP003,0.893,3,26,256.73,Wednesday,Fall,False
2023-09-27,PROP004,0.643,10,19,281.1,Wednesday,Fall,False
2023-09-27,PROP005,0.869,3,26,281.4,Wednesday,Fall,False
2023-09-27,PROP006,0.551,13,16,256.63,Wednesday,Fall,False
2023-09-27,PROP007,0.281,21,8,267.37,Wednesday,Fall,False
2023-09-27,PROP008,0.654,10,19,294.2,Wednesday,Fall,False
2023-09-27,PROP009,0.799,6,23,274.1,Wednesday,Fall,False
2023-09-27,PROP010,0.665,10,19,263.77,Wednesday,Fall,False
2023-09-28,PROP001,0.582,12,17,265.33,Thursday,Fall,False
2023-09-28,PROP002,0.616,11,18,273.43,Thursday,Fall,False
2023-09-28,PROP003,0.792,6,23,256.73,Thursday,Fall,False
2023-09-28,PROP004,0.692,9,20,281.1,Thursday,Fall,False
2023-09-28,PROP005,0.804,5,24,281.4,Thursday,Fall,False
2023-09-28,PROP006,0.84,4,25,256.63,Thursday,Fall,False
2023-09-28,PROP007,0.314,20,9,267.37,Thursday,Fall,False
2023-09-28,PROP008,0.64,10,19,294.2,Thursday,Fall,False
2023-09-28,PROP009,0.915,2,27,274.1,Thursday,Fall,False
2023-09-28,PROP010,0.649,10,19,263.77,Thursday,Fall,False
2023-09-29,PROP001,0.95,1,28,265.33,Friday,Fall,False
2023-09-29,PROP002,0.738,7,22,273.43,Friday,Fall,False
2023-09-29,PROP003,0.863,4,25,256.73,Friday,Fall,False
2023-09-29,PROP004,0.771,6,23,281.1,Friday,Fall,False
2023-09-29,PROP005,0.856,4,25,281.4,Friday,Fall,False
2023-09-29,PROP006,0.914,2,27,256.63,Friday,Fall,False
2023-09-29,PROP007,0.8,5,24,267.37,Friday,Fall,False
2023-09-29,PROP008,0.85,4,25,294.2,Friday,Fall,False
2023-09-29,PROP009,0.572,12,17,274.1,Friday,Fall,False
2023-09-29,PROP010,0.778,6,23,263.77,Friday,Fall,False
2023-09-30,PROP001,0.614,11,18,265.33,Saturday,Fall,True
2023-09-30,PROP002,0.714,8,21,273.43,Saturday,Fall,True
2023-09-30,PROP003,0.789,6,23,256.73,Saturday,Fall,True
2023-09-30,PROP004,0.65,10,19,281.1,Saturday,Fall,True
2023-09-30,PROP005,0.671,9,20,281.4,Saturday,Fall,True
2023-09-30,PROP006,0.95,1,28,256.63,Saturday,Fall,True
2023-09-30,PROP007,0.582,12,17,267.37,Saturday,Fall,True
2023-09-30,PROP008,0.67,9,20,294.2,Saturday,Fall,True
2023-09-30,PROP009,0.775,6,23,274.1,Saturday,Fall,True
2023-09-30,PROP010,0.95,1,28,263.77,Saturday,Fall,True
2023-10-01,PROP001,0.755,7,22,265.33,Sunday,Fall,True
2023-10-01,PROP002,0.879,3,26,273.43,Sunday,Fall,True
2023-10-01,PROP003,0.714,8,21,256.73,Sunday,Fall,True
2023-10-01,PROP004,0.95,1,28,281.1,Sunday,Fall,True
2023-10-01,PROP005,0.698,9,20,281.4,Sunday,Fall,True
2023-10-01,PROP006,0.623,11,18,256.63,Sunday,Fall,True
2023-10-01,PROP007,0.95,1,28,267.37,Sunday,Fall,True
2023-10-01,PROP008,0.772,6,23,294.2,Sunday,Fall,True
2023-10-01,PROP009,0.853,4,25,274.1,Sunday,Fall,True
2023-10-01,PROP010,0.259,22,7,263.77,Sunday,Fall,True
2023-10-02,PROP001,0.652,10,19,265.33,Monday,Fall,False
2023-10-02,PROP002,0.703,8,21,273.43,Monday,Fall,False
2023-10-02,PROP003,0.575,12,17,256.73,Monday,Fall,False
2023-10-02,PROP004,0.887,3,26,281.1,Monday,Fall,False
2023-10-02,PROP005,0.418,17,12,281.4,Monday,Fall,False
2023-10-02,PROP006,0.653,10,19,256.63,Monday,Fall,False
2023-10-02,PROP007,0.723,8,21,267.37,Monday,Fall,False
2023-10-02,PROP008,0.519,14,15,294.2,Monday,Fall,False
2023-10-02,PROP009,0.78,6,23,274.1,Monday,Fall,False
2023-10-02,PROP010,0.604,11,18,263.77,Monday,Fall,False
2023-10-03,PROP001,0.836,4,25,265.33,Tuesday,Fall,False
2023-10-03,PROP002,0.61,11,18,273.43,Tuesday,Fall,False
2023-10-03,PROP003,0.863,4,25,256.73,Tuesday,Fall,False
2023-10-03,PROP004,0.238,22,7,281.1,Tuesday,Fall,False
2023-10-03,PROP005,0.934,1,28,281.4,Tuesday,Fall,False
2023-10-03,PROP006,0.906,2,27,256.63,Tuesday,Fall,False
2023-10-03,PROP007,0.705,8,21,267.37,Tuesday,Fall,False
2023-10-03,PROP008,0.859,4,25,294.2,Tuesday,Fall,False
2023-10-03,PROP009,0.578,12,17,274.1,Tuesday,Fall,False
2023-10-03,PROP010,0.725,8,21,263.77,Tuesday,Fall,False
2023-10-04,PROP001,0.78,6,23,265.33,Wednesday,Fall,False
2023-10-04,PROP002,0.577,12,17,273.43,Wednesday,Fall,False
2023-10-04,PROP003,0.896,3,26,256.73,Wednesday,Fall,False
2023-10-04,PROP004,0.682,9,20,281.1,Wednesday,Fall,False
2023-10-04,PROP005,0.35,19,10,281.4,Wednesday,Fall,False
2023-10-04,PROP006,0.632,11,18,256.63,Wednesday,Fall,False
2023-10-04,PROP007,0.602,11,18,267.37,Wednesday,Fall,False
2023-10-04,PROP008,0.774,6,23,294.2,Wednesday,Fall,False
2023-10-04,PROP009,0.759,7,22,274.1,Wednesday,Fall,False
2023-10-04,PROP010,0.568,12,17,263.77,Wednesday,Fall,False
2023-10-05,PROP001,0.874,3,26,265.33,Thursday,Fall,False
2023-10-05,PROP002,0.632,11,18,273.43,Thursday,Fall,False
2023-10-05,PROP003,0.582,12,17,256.73,Thursday,Fall,False
2023-10-05,PROP004,0.818,5,24,281.1,Thursday,Fall,False
2023-10-05,PROP005,0.666,10,19,281.4,Thursday,Fall,False
2023-10-05,PROP006,0.511,14,15,256.63,Thursday,Fall,False
2023-10-05,PROP007,0.64,10,19,267.37,Thursday,Fall,False
2023-10-05,PROP008,0.817,5,24,294.2,Thursday,Fall,False
2023-10-05,PROP009,0.355,19,10,274.1,Thursday,Fall,False
2023-10-05,PROP010,0.663,10,19,263.77,Thursday,Fall,False
2023-10-06,PROP001,0.605,11,18,265.33,Friday,Fall,False
2023-10-06,PROP002,0.82,5,24,273.43,Friday,Fall,False
2023-10-06,PROP003,0.763,7,22,256.73,Friday,Fall,False
2023-10-06,PROP004,0.796,6,23,281.1,Friday,Fall,False
2023-10-06,PROP005,0.95,1,28,281.4,Friday,Fall,False
2023-10-06,PROP006,0.593,12,17,256.63,Friday,Fall,False
2023-10-06,PROP007,0.602,11,18,267.37,Friday,Fall,False
2023-10-06,PROP008,0.827,5,24,294.2,Friday,Fall,False
2023-10-06,PROP009,0.783,6,23,274.1,Friday,Fall,False
2023-10-06,PROP010,0.804,5,24,263.77,Friday,Fall,False
2023-10-07,PROP001,0.713,8,21,265.33,Saturday,Fall,True
2023-10-07,PROP002,0.599,12,17,273.43,Saturday,Fall,True
2023-10-07,PROP003,0.697,9,20,256.73,Saturday,Fall,True
2023-10-07,PROP004,0.918,2,27,281.1,Saturday,Fall,True
2023-10-07,PROP005,0.604,11,18,281.4,Saturday,Fall,True
2023-10-07,PROP006,0.832,5,24,256.63,Saturday,Fall,True
2023-10-07,PROP007,0.906,2,27,267.37,Saturday,Fall,True
2023-10-07,PROP008,0.734,7,22,294.2,Saturday,Fall,True
2023-10-07,PROP009,0.707,8,21,274.1,Saturday,Fall,True
2023-10-07,PROP010,0.702,8,21,263.77,Saturday,Fall,True
2023-10-08,PROP001,0.686,9,20,265.33,Sunday,Fall,True
2023-10-08,PROP002,0.837,4,25,273.43,Sunday,Fall,True
2023-10-08,PROP003,0.826,5,24,256.73,Sunday,Fall,True
2023-10-08,PROP004,0.92,2,27,281.1,Sunday,Fall,True
2023-10-08,PROP005,0.63,11,18,281.4,Sunday,Fall,True
2023-10-08,PROP006,0.898,3,26,256.63,Sunday,Fall,True
2023-10-08,PROP007,0.741,7,22,267.37,Sunday,Fall,True
2023-10-08,PROP008,0.876,3,26,294.2,Sunday,Fall,True
2023-10-08,PROP009,0.77,6,23,274.1,Sunday,Fall,True
2023-10-08,PROP010,0.842,4,25,263.77,Sunday,Fall,True
2023-10-09,PROP001,0.533,14,15,265.33,Monday,Fall,False
2023-10-09,PROP002,0.47,15,14,273.43,Monday,Fall,False
2023-10-09,PROP003,0.848,4,25,256.73,Monday,Fall,False
2023-10-09,PROP004,0.845,4,25,281.1,Monday,Fall,False
2023-10-09,PROP005,0.718,8,21,281.4,Monday,Fall,False
2023-10-09,PROP006,0.463,16,13,256.63,Monday,Fall,False
2023-10-09,PROP007,0.786,6,23,267.37,Monday,Fall,False
2023-10-09,PROP008,0.75,7,22,294.2,Monday,Fall,False
2023-10-09,PROP009,0.859,4,25,274.1,Monday,Fall,False
2023-10-09,PROP010,0.722,8,21,263.77,Monday,Fall,False
2023-10-10,PROP001,0.653,10,19,265.33,Tuesday,Fall,False
2023-10-10,PROP002,0.808,5,24,273.43,Tuesday,Fall,False
2023-10-10,PROP003,0.834,4,25,256.73,Tuesday,Fall,False
2023-10-10,PROP004,0.583,12,17,281.1,Tuesday,Fall,False
2023-10-10,PROP005,0.615,11,18,281.4,Tuesday,Fall,False
2023-10-10,PROP006,0.723,8,21,256.63,Tuesday,Fall,False
2023-10-10,PROP007,0.952,1,28,267.37,Tuesday,Fall,False
2023-10-10,PROP008,0.846,4,25,294.2,Tuesday,Fall,False
2023-10-10,PROP009,0.734,7,22,274.1,Tuesday,Fall,False
2023-10-10,PROP010,0.778,6,23,263.77,Tuesday,Fall,False
2023-10-11,PROP001,0.567,12,17,265.33,Wednesday,Fall,False
2023-10-11,PROP002,0.774,6,23,273.43,Wednesday,Fall,False
2023-10-11,PROP003,0.8,6,23,256.73,Wednesday,Fall,False
2023-10-11,PROP004,0.761,7,22,281.1,Wednesday,Fall,False
2023-10-11,PROP005,0.801,5,24,281.4,Wednesday,Fall,False
2023-10-11,PROP006,0.787,6,23,256.63,Wednesday,Fall,False
2023-10-11,PROP007,0.782,6,23,267.37,Wednesday,Fall,False
2023-10-11,PROP008,0.918,2,27,294.2,Wednesday,Fall,False
2023-10-11,PROP009,0.494,15,14,274.1,Wednesday,Fall,False
2023-10-11,PROP010,0.664,10,19,263.77,Wednesday,Fall,False
2023-10-12,PROP001,0.552,13,16,265.33,Thursday,Fall,False
2023-10-12,PROP002,0.618,11,18,273.43,Thursday,Fall,False
2023-10-12,PROP003,0.92,2,27,256.73,Thursday,Fall,False
2023-10-12,PROP004,0.323,20,9,281.1,Thursday,Fall,False
2023-10-12,PROP005,0.701,8,21,281.4,Thursday,Fall,False
2023-10-12,PROP006,0.525,14,15,256.63,Thursday,Fall,False
2023-10-12,PROP007,0.936,1,28,267.37,Thursday,Fall,False
2023-10-12,PROP008,0.731,8,21,294.2,Thursday,Fall,False
2023-10-12,PROP009,0.684,9,20,274.1,Thursday,Fall,False
2023-10-12,PROP010,0.847,4,25,263.77,Thursday,Fall,False
2023-10-13,PROP001,0.95,1,28,265.33,Friday,Fall,False
2023-10-13,PROP002,0.787,6,23,273.43,Friday,Fall,False
2023-10-13,PROP003,0.816,5,24,256.73,Friday,Fall,False
2023-10-13,PROP004,0.771,6,23,281.1,Friday,Fall,False
2023-10-13,PROP005,0.95,1,28,281.4,Friday,Fall,False
2023-10-13,PROP006,0.944,1,28,256.63,Friday,Fall,False
2023-10-13,PROP007,0.569,12,17,267.37,Friday,Fall,False
2023-10-13,PROP008,0.95,1,28,294.2,Friday,Fall,False
2023-10-13,PROP009,0.42,17,12,274.1,Friday,Fall,False
2023-10-13,PROP010,0.95,1,28,263.77,Friday,Fall,False
2023-10-14,PROP001,0.877,3,26,265.33,Saturday,Fall,True
2023-10-14,PROP002,0.95,1,28,273.43,Saturday,Fall,True
2023-10-14,PROP003,0.879,3,26,256.73,Saturday,Fall,True
2023-10-14,PROP004,0.95,1,28,281.1,Saturday,Fall,True
2023-10-14,PROP005,0.634,10,19,281.4,Saturday,Fall,True
2023-10-14,PROP006,0.95,1,28,256.63,Saturday,Fall,True
2023-10-14,PROP007,0.862,4,25,267.37,Saturday,Fall,True
2023-10-14,PROP008,0.597,12,17,294.2,Saturday,Fall,True
2023-10-14,PROP009,0.752,7,22,274.1,Saturday,Fall,True
2023-10-14,PROP010,0.629,11,18,263.77,Saturday,Fall,True
2023-10-15,PROP001,0.912,2,27,265.33,Sunday,Fall,True
2023-10-15,PROP002,0.95,1,28,273.43,Sunday,Fall,True
2023-10-15,PROP003,0.916,2,27,256.73,Sunday,Fall,True
2023-10-15,PROP004,0.554,13,16,281.1,Sunday,Fall,True
2023-10-15,PROP005,0.858,4,25,281.4,Sunday,Fall,True
2023-10-15,PROP006,0.76,7,22,256.63,Sunday,Fall,True
2023-10-15,PROP007,0.935,1,28,267.37,Sunday,Fall,True
2023-10-15,PROP008,0.86,4,25,294.2,Sunday,Fall,True
2023-10-15,PROP009,0.95,1,28,274.1,Sunday,Fall,True
2023-10-15,PROP010,0.582,12,17,263.77,Sunday,Fall,True
2023-10-16,PROP001,0.612,11,18,265.33,Monday,Fall,False
2023-10-16,PROP002,0.478,15,14,273.43,Monday,Fall,False
2023-10-16,PROP003,0.616,11,18,256.73,Monday,Fall,False
2023-10-16,PROP004,0.694,9,20,281.1,Monday,Fall,False
2023-10-16,PROP005,0.837,4,25,281.4,Monday,Fall,False
2023-10-16,PROP006,0.791,6,23,256.63,Monday,Fall,False
2023-10-16,PROP007,0.871,3,26,267.37,Monday,Fall,False
2023-10-16,PROP008,0.768,6,23,294.2,Monday,Fall,False
2023-10-16,PROP009,0.404,17,12,274.1,Monday,Fall,False
2023-10-16,PROP010,0.732,8,21,263.77,Monday,Fall,False
2023-10-17,PROP001,0.758,7,22,265.33,Tuesday,Fall,False
2023-10-17,PROP002,0.861,4,25,273.43,Tuesday,Fall,False
2023-10-17,PROP003,0.491,15,14,256.73,Tuesday,Fall,False
2023-10-17,PROP004,0.906,2,27,281.1,Tuesday,Fall,False
2023-10-17,PROP005,0.681,9,20,281.4,Tuesday,Fall,False
2023-10-17,PROP006,0.818,5,24,256.63,Tuesday,Fall,False
2023-10-17,PROP007,0.757,7,22,267.37,Tuesday,Fall,False
2023-10-17,PROP008,0.9,2,27,294.2,Tuesday,Fall,False
2023-10-17,PROP009,0.715,8,21,274.1,Tuesday,Fall,False
2023-10-17,PROP010,0.602,11,18,263.77,Tuesday,Fall,False
2023-10-18,PROP001,0.825,5,24,265.33,Wednesday,Fall,False
2023-10-18,PROP002,0.67,9,20,273.43,Wednesday,Fall,False
2023-10-18,PROP003,0.7,8,21,256.73,Wednesday,Fall,False
2023-10-18,PROP004,0.92,2,27,281.1,Wednesday,Fall,False
2023-10-18,PROP005,0.779,6,23,281.4,Wednesday,Fall,False
2023-10-18,PROP006,0.924,2,27,256.63,Wednesday,Fall,False
2023-10-18,PROP007,0.83,5,24,267.37,Wednesday,Fall,False
2023-10-18,PROP008,0.799,6,23,294.2,Wednesday,Fall,False
2023-10-18,PROP009,0.817,5,24,274.1,Wednesday,Fall,False
2023-10-18,PROP010,0.606,11,18,263.77,Wednesday,Fall,False
2023-10-19,PROP001,0.52,14,15,265.33,Thursday,Fall,False
2023-10-19,PROP002,0.655,10,19,273.43,Thursday,Fall,False
2023-10-19,PROP003,0.908,2,27,256.73,Thursday,Fall,False
2023-10-19,PROP004,0.915,2,27,281.1,Thursday,Fall,False
2023-10-19,PROP005,0.749,7,22,281.4,Thursday,Fall,False
2023-10-19,PROP006,0.742,7,22,256.63,Thursday,Fall,False
2023-10-19,PROP007,0.821,5,24,267.37,Thursday,Fall,False
2023-10-19,PROP008,0.716,8,21,294.2,Thursday,Fall,False
2023-10-19,PROP009,0.739,7,22,274.1,Thursday,Fall,False
2023-10-19,PROP010,0.659,10,19,263.77,Thursday,Fall,False
2023-10-20,PROP001,0.817,5,24,265.33,Friday,Fall,False
2023-10-20,PROP002,0.471,15,14,273.43,Friday,Fall,False
2023-10-20,PROP003,0.908,2,27,256.73,Friday,Fall,False
2023-10-20,PROP004,0.807,5,24,281.1,Friday,Fall,False
2023-10-20,PROP005,0.95,1,28,281.4,Friday,Fall,False
2023-10-20,PROP006,0.842,4,25,256.63,Friday,Fall,False
2023-10-20,PROP007,0.753,7,22,267.37,Friday,Fall,False
2023-10-20,PROP008,0.624,11,18,294.2,Friday,Fall,False
2023-10-20,PROP009,0.56,13,16,274.1,Friday,Fall,False
2023-10-20,PROP010,0.787,6,23,263.77,Friday,Fall,False
2023-10-21,PROP001,0.304,20,9,265.33,Saturday,Fall,True
2023-10-21,PROP002,0.938,1,28,273.43,Saturday,Fall,True
2023-10-21,PROP003,0.885,3,26,256.73,Saturday,Fall,True
2023-10-21,PROP004,0.95,1,28,281.1,Saturday,Fall,True
2023-10-21,PROP005,0.378,18,11,281.4,Saturday,Fall,True
2023-10-21,PROP006,0.535,13,16,256.63,Saturday,Fall,True
2023-10-21,PROP007,0.909,2,27,267.37,Saturday,Fall,True
2023-10-21,PROP008,0.836,4,25,294.2,Saturday,Fall,True
2023-10-21,PROP009,0.874,3,26,274.1,Saturday,Fall,True
2023-10-21,PROP010,0.815,5,24,263.77,Saturday,Fall,True
2023-10-22,PROP001,0.796,6,23,265.33,Sunday,Fall,True
2023-10-22,PROP002,0.662,10,19,273.43,Sunday,Fall,True
2023-10-22,PROP003,0.537,13,16,256.73,Sunday,Fall,True
2023-10-22,PROP004,0.497,15,14,281.1,Sunday,Fall,True
2023-10-22,PROP005,0.773,6,23,281.4,Sunday,Fall,True
2023-10-22,PROP006,0.782,6,23,256.63,Sunday,Fall,True
2023-10-22,PROP007,0.825,5,24,267.37,Sunday,Fall,True
2023-10-22,PROP008,0.95,1,28,294.2,Sunday,Fall,True
2023-10-22,PROP009,0.66,10,19,274.1,Sunday,Fall,True
2023-10-22,PROP010,0.723,8,21,263.77,Sunday,Fall,True
2023-10-23,PROP001,0.759,7,22,265.33,Monday,Fall,False
2023-10-23,PROP002,0.761,7,22,273.43,Monday,Fall,False
2023-10-23,PROP003,0.759,7,22,256.73,Monday,Fall,False
2023-10-23,PROP004,0.885,3,26,281.1,Monday,Fall,False
2023-10-23,PROP005,0.674,9,20,281.4,Monday,Fall,False
2023-10-23,PROP006,0.605,11,18,256.63,Monday,Fall,False
2023-10-23,PROP007,0.792,6,23,267.37,Monday,Fall,False
2023-10-23,PROP008,0.873,3,26,294.2,Monday,Fall,False
2023-10-23,PROP009,0.805,5,24,274.1,Monday,Fall,False
2023-10-23,PROP010,0.827,5,24,263.77,Monday,Fall,False
2023-10-24,PROP001,0.312,20,9,265.33,Tuesday,Fall,False
2023-10-24,PROP002,0.744,7,22,273.43,Tuesday,Fall,False
2023-10-24,PROP003,0.49,15,14,256.73,Tuesday,Fall,False
2023-10-24,PROP004,0.604,11,18,281.1,Tuesday,Fall,False
2023-10-24,PROP005,0.651,10,19,281.4,Tuesday,Fall,False
2023-10-24,PROP006,0.838,4,25,256.63,Tuesday,Fall,False
2023-10-24,PROP007,0.944,1,28,267.37,Tuesday,Fall,False
2023-10-24,PROP008,0.803,5,24,294.2,Tuesday,Fall,False
2023-10-24,PROP009,0.804,5,24,274.1,Tuesday,Fall,False
2023-10-24,PROP010,0.732,8,21,263.77,Tuesday,Fall,False
2023-10-25,PROP001,0.929,2,27,265.33,Wednesday,Fall,False
2023-10-25,PROP002,0.866,4,25,273.43,Wednesday,Fall,False
2023-10-25,PROP003,0.473,15,14,256.73,Wednesday,Fall,False
2023-10-25,PROP004,0.711,8,21,281.1,Wednesday,Fall,False
2023-10-25,PROP005,0.83,5,24,281.4,Wednesday,Fall,False
2023-10-25,PROP006,0.77,6,23,256.63,Wednesday,Fall,False
2023-10-25,PROP007,0.944,1,28,267.37,Wednesday,Fall,False
2023-10-25,PROP008,0.456,16,13,294.2,Wednesday,Fall,False
2023-10-25,PROP009,0.681,9,20,274.1,Wednesday,Fall,False
2023-10-25,PROP010,0.637,10,19,263.77,Wednesday,Fall,False
2023-10-26,PROP001,0.513,14,15,265.33,Thursday,Fall,False
2023-10-26,PROP002,0.914,2,27,273.43,Thursday,Fall,False
2023-10-26,PROP003,0.907,2,27,256.73,Thursday,Fall,False
2023-10-26,PROP004,0.893,3,26,281.1,Thursday,Fall,False
2023-10-26,PROP005,0.948,1,28,281.4,Thursday,Fall,False
2023-10-26,PROP006,0.657,10,19,256.63,Thursday,Fall,False
2023-10-26,PROP007,0.714,8,21,267.37,Thursday,Fall,False
2023-10-26,PROP008,0.648,10,19,294.2,Thursday,Fall,False
2023-10-26,PROP009,0.36,19,10,274.1,Thursday,Fall,False
2023-10-26,PROP010,0.807,5,24,263.77,Thursday,Fall,False
2023-10-27,PROP001,0.86,4,25,265.33,Friday,Fall,False
2023-10-27,PROP002,0.836,4,25,273.43,Friday,Fall,False
2023-10-27,PROP003,0.95,1,28,256.73,Friday,Fall,False
2023-10-27,PROP004,0.818,5,24,281.1,Friday,Fall,False
2023-10-27,PROP005,0.889,3,26,281.4,Friday,Fall,False
2023-10-27,PROP006,0.547,13,16,256.63,Friday,Fall,False
2023-10-27,PROP007,0.95,1,28,267.37,Friday,Fall,False
2023-10-27,PROP008,0.93,2,27,294.2,Friday,Fall,False
2023-10-27,PROP009,0.876,3,26,274.1,Friday,Fall,False
2023-10-27,PROP010,0.665,10,19,263.77,Friday,Fall,False
2023-10-28,PROP001,0.834,4,25,265.33,Saturday,Fall,True
2023-10-28,PROP002,0.7,9,20,273.43,Saturday,Fall,True
2023-10-28,PROP003,0.768,6,23,256.73,Saturday,Fall,True
2023-10-28,PROP004,0.746,7,22,281.1,Saturday,Fall,True
2023-10-28,PROP005,0.663,10,19,281.4,Saturday,Fall,True
2023-10-28,PROP006,0.95,1,28,256.63,Saturday,Fall,True
2023-10-28,PROP007,0.733,8,21,267.37,Saturday,Fall,True
2023-10-28,PROP008,0.863,4,25,294.2,Saturday,Fall,True
2023-10-28,PROP009,0.95,1,28,274.1,Saturday,Fall,True
2023-10-28,PROP010,0.703,8,21,263.77,Saturday,Fall,True
2023-10-29,PROP001,0.95,1,28,265.33,Sunday,Fall,True
2023-10-29,PROP002,0.849,4,25,273.43,Sunday,Fall,True
2023-10-29,PROP003,0.724,8,21,256.73,Sunday,Fall,True
2023-10-29,PROP004,0.95,1,28,281.1,Sunday,Fall,True
2023-10-29,PROP005,0.8,5,24,281.4,Sunday,Fall,True
2023-10-29,PROP006,0.95,1,28,256.63,Sunday,Fall,True
2023-10-29,PROP007,0.95,1,28,267.37,Sunday,Fall,True
2023-10-29,PROP008,0.929,2,27,294.2,Sunday,Fall,True
2023-10-29,PROP009,0.95,1,28,274.1,Sunday,Fall,True
2023-10-29,PROP010,0.95,1,28,263.77,Sunday,Fall,True
2023-10-30,PROP001,0.735,7,22,265.33,Monday,Fall,False
2023-10-30,PROP002,0.838,4,25,273.43,Monday,Fall,False
2023-10-30,PROP003,0.562,13,16,256.73,Monday,Fall,False
2023-10-30,PROP004,0.7,8,21,281.1,Monday,Fall,False
2023-10-30,PROP005,0.903,2,27,281.4,Monday,Fall,False
2023-10-30,PROP006,0.648,10,19,256.63,Monday,Fall,False
2023-10-30,PROP007,0.68,9,20,267.37,Monday,Fall,False
2023-10-30,PROP008,0.749,7,22,294.2,Monday,Fall,False
2023-10-30,PROP009,0.47,15,14,274.1,Monday,Fall,False
2023-10-30,PROP010,0.652,10,19,263.77,Monday,Fall,False
2023-10-31,PROP001,0.787,6,23,265.33,Tuesday,Fall,False
2023-10-31,PROP002,0.7,8,21,273.43,Tuesday,Fall,False
2023-10-31,PROP003,0.776,6,23,256.73,Tuesday,Fall,False
2023-10-31,PROP004,0.499,15,14,281.1,Tuesday,Fall,False
2023-10-31,PROP005,0.892,3,26,281.4,Tuesday,Fall,False
2023-10-31,PROP006,0.515,14,15,256.63,Tuesday,Fall,False
2023-10-31,PROP007,0.73,8,21,267.37,Tuesday,Fall,False
2023-10-31,PROP008,0.745,7,22,294.2,Tuesday,Fall,False
2023-10-31,PROP009,0.744,7,22,274.1,Tuesday,Fall,False
2023-10-31,PROP010,0.682,9,20,263.77,Tuesday,Fall,False
2023-11-01,PROP001,0.623,11,18,238.8,Wednesday,Fall,False
2023-11-01,PROP002,0.465,16,13,246.09,Wednesday,Fall,False
2023-11-01,PROP003,0.502,14,15,231.06,Wednesday,Fall,False
2023-11-01,PROP004,0.395,18,11,252.99,Wednesday,Fall,False
2023-11-01,PROP005,0.562,13,16,253.26,Wednesday,Fall,False
2023-11-01,PROP006,0.479,15,14,230.97,Wednesday,Fall,False
2023-11-01,PROP007,0.562,13,16,240.63,Wednesday,Fall,False
2023-11-01,PROP008,0.475,15,14,264.78,Wednesday,Fall,False
2023-11-01,PROP009,0.567,12,17,246.69,Wednesday,Fall,False
2023-11-01,PROP010,0.544,13,16,237.39,Wednesday,Fall,False
2023-11-02,PROP001,0.563,13,16,238.8,Thursday,Fall,False
2023-11-02,PROP002,0.414,17,12,246.09,Thursday,Fall,False
2023-11-02,PROP003,0.473,15,14,231.06,Thursday,Fall,False
2023-11-02,PROP004,0.37,18,11,252.99,Thursday,Fall,False
2023-11-02,PROP005,0.621,11,18,253.26,Thursday,Fall,False
2023-11-02,PROP006,0.409,17,12,230.97,Thursday,Fall,False
2023-11-02,PROP007,0.34,19,10,240.63,Thursday,Fall,False
2023-11-02,PROP008,0.445,16,13,264.78,Thursday,Fall,False
2023-11-02,PROP009,0.416,17,12,246.69,Thursday,Fall,False
2023-11-02,PROP010,0.641,10,19,237.39,Thursday,Fall,False
2023-11-03,PROP001,0.649,10,19,238.8,Friday,Fall,False
2023-11-03,PROP002,0.647,10,19,246.09,Friday,Fall,False
2023-11-03,PROP003,0.727,8,21,231.06,Friday,Fall,False
2023-11-03,PROP004,0.357,19,10,252.99,Friday,Fall,False
2023-11-03,PROP005,0.736,7,22,253.26,Friday,Fall,False
2023-11-03,PROP006,0.568,12,17,230.97,Friday,Fall,False
2023-11-03,PROP007,0.445,16,13,240.63,Friday,Fall,False
2023-11-03,PROP008,0.603,11,18,264.78,Friday,Fall,False
2023-11-03,PROP009,0.668,9,20,246.69,Friday,Fall,False
2023-11-03,PROP010,0.52,14,15,237.39,Friday,Fall,False
2023-11-04,PROP001,0.759,7,22,238.8,Saturday,Fall,True
2023-11-04,PROP002,0.629,11,18,246.09,Saturday,Fall,True
2023-11-04,PROP003,0.488,15,14,231.06,Saturday,Fall,True
2023-11-04,PROP004,0.599,12,17,252.99,Saturday,Fall,True
2023-11-04,PROP005,0.615,11,18,253.26,Saturday,Fall,True
2023-11-04,PROP006,0.283,21,8,230.97,Saturday,Fall,True
2023-11-04,PROP007,0.571,12,17,240.63,Saturday,Fall,True
2023-11-04,PROP008,0.395,18,11,264.78,Saturday,Fall,True
2023-11-04,PROP009,0.385,18,11,246.69,Saturday,Fall,True
2023-11-04,PROP010,0.556,13,16,237.39,Saturday,Fall,True
2023-11-05,PROP001,0.543,13,16,238.8,Sunday,Fall,True
2023-11-05,PROP002,0.666,10,19,246.09,Sunday,Fall,True
2023-11-05,PROP003,0.5,14,15,231.06,Sunday,Fall,True
2023-11-05,PROP004,0.548,13,16,252.99,Sunday,Fall,True
2023-11-05,PROP005,0.684,9,20,253.26,Sunday,Fall,True
2023-11-05,PROP006,0.625,11,18,230.97,Sunday,Fall,True
2023-11-05,PROP007,0.536,13,16,240.63,Sunday,Fall,True
2023-11-05,PROP008,0.635,10,19,264.78,Sunday,Fall,True
2023-11-05,PROP009,0.465,16,13,246.69,Sunday,Fall,True
2023-11-05,PROP010,0.599,12,17,237.39,Sunday,Fall,True
2023-11-06,PROP001,0.423,17,12,238.8,Monday,Fall,False
2023-11-06,PROP002,0.539,13,16,246.09,Monday,Fall,False
2023-11-06,PROP003,0.519,14,15,231.06,Monday,Fall,False
2023-11-06,PROP004,0.597,12,17,252.99,Monday,Fall,False
2023-11-06,PROP005,0.338,19,10,253.26,Monday,Fall,False
2023-11-06,PROP006,0.456,16,13,230.97,Monday,Fall,False
2023-11-06,PROP007,0.498,15,14,240.63,Monday,Fall,False
2023-11-06,PROP008,0.425,17,12,264.78,Monday,Fall,False
2023-11-06,PROP009,0.504,14,15,246.69,Monday,Fall,False
2023-11-06,PROP010,0.452,16,13,237.39,Monday,Fall,False
2023-11-07,PROP001,0.58,12,17,238.8,Tuesday,Fall,False
2023-11-07,PROP002,0.477,15,14,246.09,Tuesday,Fall,False
2023-11-07,PROP003,0.54,13,16,231.06,Tuesday,Fall,False
2023-11-07,PROP004,0.424,17,12,252.99,Tuesday,Fall,False
2023-11-07,PROP005,0.451,16,13,253.26,Tuesday,Fall,False
2023-11-07,PROP006,0.425,17,12,230.97,Tuesday,Fall,False
2023-11-07,PROP007,0.616,11,18,240.63,Tuesday,Fall,False
2023-11-07,PROP008,0.39,18,11,264.78,Tuesday,Fall,False
2023-11-07,PROP009,0.275,21,8,246.69,Tuesday,Fall,False
2023-11-07,PROP010,0.546,13,16,237.39,Tuesday,Fall,False
2023-11-08,PROP001,0.517,14,15,238.8,Wednesday,Fall,False
2023-11-08,PROP002,0.544,13,16,246.09,Wednesday,Fall,False
2023-11-08,PROP003,0.465,16,13,231.06,Wednesday,Fall,False
2023-11-08,PROP004,0.419,17,12,252.99,Wednesday,Fall,False
2023-11-08,PROP005,0.57,12,17,253.26,Wednesday,Fall,False
2023-11-08,PROP006,0.452,16,13,230.97,Wednesday,Fall,False
2023-11-08,PROP007,0.375,18,11,240.63,Wednesday,Fall,False
2023-11-08,PROP008,0.561,13,16,264.78,Wednesday,Fall,False
2023-11-08,PROP009,0.585,12,17,246.69,Wednesday,Fall,False
2023-11-08,PROP010,0.47,15,14,237.39,Wednesday,Fall,False
2023-11-09,PROP001,0.495,15,14,238.8,Thursday,Fall,False
2023-11-09,PROP002,0.403,17,12,246.09,Thursday,Fall,False
2023-11-09,PROP003,0.432,17,12,231.06,Thursday,Fall,False
2023-11-09,PROP004,0.404,17,12,252.99,Thursday,Fall,False
2023-11-09,PROP005,0.566,13,16,253.26,Thursday,Fall,False
2023-11-09,PROP006,0.639,10,19,230.97,Thursday,Fall,False
2023-11-09,PROP007,0.321,20,9,240.63,Thursday,Fall,False
2023-11-09,PROP008,0.429,17,12,264.78,Thursday,Fall,False
2023-11-09,PROP009,0.389,18,11,246.69,Thursday,Fall,False
2023-11-09,PROP010,0.303,20,9,237.39,Thursday,Fall,False
2023-11-10,PROP001,0.496,15,14,238.8,Friday,Fall,False
2023-11-10,PROP002,0.626,11,18,246.09,Friday,Fall,False
2023-11-10,PROP003,0.511,14,15,231.06,Friday,Fall,False
2023-11-10,PROP004,0.69,9,20,252.99,Friday,Fall,False
2023-11-10,PROP005,0.431,17,12,253.26,Friday,Fall,False
2023-11-10,PROP006,0.436,16,13,230.97,Friday,Fall,False
2023-11-10,PROP007,0.659,10,19,240.63,Friday,Fall,False
2023-11-10,PROP008,0.666,10,19,264.78,Friday,Fall,False
2023-11-10,PROP009,0.346,19,10,246.69,Friday,Fall,False
2023-11-10,PROP010,0.656,10,19,237.39,Friday,Fall,False
2023-11-11,PROP001,0.735,7,22,238.8,Saturday,Fall,True
2023-11-11,PROP002,0.533,14,15,246.09,Saturday,Fall,True
2023-11-11,PROP003,0.488,15,14,231.06,Saturday,Fall,True
2023-11-11,PROP004,0.64,10,19,252.99,Saturday,Fall,True
2023-11-11,PROP005,0.579,12,17,253.26,Saturday,Fall,True
2023-11-11,PROP006,0.558,13,16,230.97,Saturday,Fall,True
2023-11-11,PROP007,0.586,12,17,240.63,Saturday,Fall,True
2023-11-11,PROP008,0.731,8,21,264.78,Saturday,Fall,True
2023-11-11,PROP009,0.495,15,14,246.69,Saturday,Fall,True
2023-11-11,PROP010,0.673,9,20,237.39,Saturday,Fall,True
2023-11-12,PROP001,0.625,11,18,238.8,Sunday,Fall,True
2023-11-12,PROP002,0.616,11,18,246.09,Sunday,Fall,True
2023-11-12,PROP003,0.445,16,13,231.06,Sunday,Fall,True
2023-11-12,PROP004,0.485,15,14,252.99,Sunday,Fall,True
2023-11-12,PROP005,0.493,15,14,253.26,Sunday,Fall,True
2023-11-12,PROP006,0.554,13,16,230.97,Sunday,Fall,True
2023-11-12,PROP007,0.697,9,20,240.63,Sunday,Fall,True
2023-11-12,PROP008,0.302,20,9,264.78,Sunday,Fall,True
2023-11-12,PROP009,0.566,13,16,246.69,Sunday,Fall,True
2023-11-12,PROP010,0.574,12,17,237.39,Sunday,Fall,True
2023-11-13,PROP001,0.311,20,9,238.8,Monday,Fall,False
2023-11-13,PROP002,0.627,11,18,246.09,Monday,Fall,False
2023-11-13,PROP003,0.577,12,17,231.06,Monday,Fall,False
2023-11-13,PROP004,0.261,22,7,252.99,Monday,Fall,False
2023-11-13,PROP005,0.292,21,8,253.26,Monday,Fall,False
2023-11-13,PROP006,0.51,14,15,230.97,Monday,Fall,False
2023-11-13,PROP007,0.627,11,18,240.63,Monday,Fall,False
2023-11-13,PROP008,0.399,18,11,264.78,Monday,Fall,False
2023-11-13,PROP009,0.427,17,12,246.69,Monday,Fall,False
2023-11-13,PROP010,0.471,15,14,237.39,Monday,Fall,False
2023-11-14,PROP001,0.518,14,15,238.8,Tuesday,Fall,False
2023-11-14,PROP002,0.555,13,16,246.09,Tuesday,Fall,False
2023-11-14,PROP003,0.498,15,14,231.06,Tuesday,Fall,False
2023-11-14,PROP004,0.456,16,13,252.99,Tuesday,Fall,False
2023-11-14,PROP005,0.522,14,15,253.26,Tuesday,Fall,False
2023-11-14,PROP006,0.576,12,17,230.97,Tuesday,Fall,False
2023-11-14,PROP007,0.545,13,16,240.63,Tuesday,Fall,False
2023-11-14,PROP008,0.419,17,12,264.78,Tuesday,Fall,False
2023-11-14,PROP009,0.635,10,19,246.69,Tuesday,Fall,False
2023-11-14,PROP010,0.376,18,11,237.39,Tuesday,Fall,False
2023-11-15,PROP001,0.416,17,12,238.8,Wednesday,Fall,False
2023-11-15,PROP002,0.487,15,14,246.09,Wednesday,Fall,False
2023-11-15,PROP003,0.407,17,12,231.06,Wednesday,Fall,False
2023-11-15,PROP004,0.433,17,12,252.99,Wednesday,Fall,False
2023-11-15,PROP005,0.621,11,18,253.26,Wednesday,Fall,False
2023-11-15,PROP006,0.389,18,11,230.97,Wednesday,Fall,False
2023-11-15,PROP007,0.476,15,14,240.63,Wednesday,Fall,False
2023-11-15,PROP008,0.509,14,15,264.78,Wednesday,Fall,False
2023-11-15,PROP009,0.463,16,13,246.69,Wednesday,Fall,False
2023-11-15,PROP010,0.505,14,15,237.39,Wednesday,Fall,False
2023-11-16,PROP001,0.487,15,14,238.8,Thursday,Fall,False
2023-11-16,PROP002,0.537,13,16,246.09,Thursday,Fall,False
2023-11-16,PROP003,0.461,16,13,231.06,Thursday,Fall,False
2023-11-16,PROP004,0.28,21,8,252.99,Thursday,Fall,False
2023-11-16,PROP005,0.654,10,19,253.26,Thursday,Fall,False
2023-11-16,PROP006,0.461,16,13,230.97,Thursday,Fall,False
2023-11-16,PROP007,0.233,23,6,240.63,Thursday,Fall,False
2023-11-16,PROP008,0.338,19,10,264.78,Thursday,Fall,False
2023-11-16,PROP009,0.398,18,11,246.69,Thursday,Fall,False
2023-11-16,PROP010,0.424,17,12,237.39,Thursday,Fall,False
2023-11-17,PROP001,0.478,15,14,238.8,Friday,Fall,False
2023-11-17,PROP002,0.721,8,21,246.09,Friday,Fall,False
2023-11-17,PROP003,0.668,9,20,231.06,Friday,Fall,False
2023-11-17,PROP004,0.509,14,15,252.99,Friday,Fall,False
2023-11-17,PROP005,0.711,8,21,253.26,Friday,Fall,False
2023-11-17,PROP006,0.218,23,6,230.97,Friday,Fall,False
2023-11-17,PROP007,0.444,16,13,240.63,Friday,Fall,False
2023-11-17,PROP008,0.567,12,17,264.78,Friday,Fall,False
2023-11-17,PROP009,0.559,13,16,246.69,Friday,Fall,False
2023-11-17,PROP010,0.52,14,15,237.39,Friday,Fall,False
2023-11-18,PROP001,0.584,12,17,238.8,Saturday,Fall,True
2023-11-18,PROP002,0.49,15,14,246.09,Saturday,Fall,True
2023-11-18,PROP003,0.654,10,19,231.06,Saturday,Fall,True
2023-11-18,PROP004,0.523,14,15,252.99,Saturday,Fall,True
2023-11-18,PROP005,0.516,14,15,253.26,Saturday,Fall,True
2023-11-18,PROP006,0.777,6,23,230.97,Saturday,Fall,True
2023-11-18,PROP007,0.497,15,14,240.63,Saturday,Fall,True
2023-11-18,PROP008,0.424,17,12,264.78,Saturday,Fall,True
2023-11-18,PROP009,0.548,13,16,246.69,Saturday,Fall,True
2023-11-18,PROP010,0.33,20,9,237.39,Saturday,Fall,True
2023-11-19,PROP001,0.705,8,21,238.8,Sunday,Fall,True
2023-11-19,PROP002,0.59,12,17,246.09,Sunday,Fall,True
2023-11-19,PROP003,0.706,8,21,231.06,Sunday,Fall,True
2023-11-19,PROP004,0.53,14,15,252.99,Sunday,Fall,True
2023-11-19,PROP005,0.562,13,16,253.26,Sunday,Fall,True
2023-11-19,PROP006,0.643,10,19,230.97,Sunday,Fall,True
2023-11-19,PROP007,0.68,9,20,240.63,Sunday,Fall,True
2023-11-19,PROP008,0.703,8,21,264.78,Sunday,Fall,True
2023-11-19,PROP009,0.659,10,19,246.69,Sunday,Fall,True
2023-11-19,PROP010,0.687,9,20,237.39,Sunday,Fall,True
2023-11-20,PROP001,0.467,15,14,238.8,Monday,Fall,False
2023-11-20,PROP002,0.537,13,16,246.09,Monday,Fall,False
2023-11-20,PROP003,0.398,18,11,231.06,Monday,Fall,False
2023-11-20,PROP004,0.369,18,11,252.99,Monday,Fall,False
2023-11-20,PROP005,0.558,13,16,253.26,Monday,Fall,False
2023-11-20,PROP006,0.582,12,17,230.97,Monday,Fall,False
2023-11-20,PROP007,0.401,17,12,240.63,Monday,Fall,False
2023-11-20,PROP008,0.459,16,13,264.78,Monday,Fall,False
2023-11-20,PROP009,0.446,16,13,246.69,Monday,Fall,False
2023-11-20,PROP010,0.57,12,17,237.39,Monday,Fall,False
2023-11-21,PROP001,0.425,17,12,238.8,Tuesday,Fall,False
2023-11-21,PROP002,0.606,11,18,246.09,Tuesday,Fall,False
2023-11-21,PROP003,0.414,17,12,231.06,Tuesday,Fall,False
2023-11-21,PROP004,0.435,16,13,252.99,Tuesday,Fall,False
2023-11-21,PROP005,0.492,15,14,253.26,Tuesday,Fall,False
2023-11-21,PROP006,0.52,14,15,230.97,Tuesday,Fall,False
2023-11-21,PROP007,0.64,10,19,240.63,Tuesday,Fall,False
2023-11-21,PROP008,0.316,20,9,264.78,Tuesday,Fall,False
2023-11-21,PROP009,0.594,12,17,246.69,Tuesday,Fall,False
2023-11-21,PROP010,0.508,14,15,237.39,Tuesday,Fall,False
2023-11-22,PROP001,0.456,16,13,238.8,Wednesday,Fall,False
2023-11-22,PROP002,0.474,15,14,246.09,Wednesday,Fall,False
2023-11-22,PROP003,0.426,17,12,231.06,Wednesday,Fall,False
2023-11-22,PROP004,0.446,16,13,252.99,Wednesday,Fall,False
2023-11-22,PROP005,0.365,19,10,253.26,Wednesday,Fall,False
2023-11-22,PROP006,0.419,17,12,230.97,Wednesday,Fall,False
2023-11-22,PROP007,0.417,17,12,240.63,Wednesday,Fall,False
2023-11-22,PROP008,0.319,20,9,264.78,Wednesday,Fall,False
2023-11-22,PROP009,0.451,16,13,246.69,Wednesday,Fall,False
2023-11-22,PROP010,0.52,14,15,237.39,Wednesday,Fall,False
2023-11-23,PROP001,0.518,14,15,238.8,Thursday,Fall,False
2023-11-23,PROP002,0.321,20,9,246.09,Thursday,Fall,False
2023-11-23,PROP003,0.502,14,15,231.06,Thursday,Fall,False
2023-11-23,PROP004,0.513,14,15,252.99,Thursday,Fall,False
2023-11-23,PROP005,0.524,14,15,253.26,Thursday,Fall,False
2023-11-23,PROP006,0.486,15,14,230.97,Thursday,Fall,False
2023-11-23,PROP007,0.639,10,19,240.63,Thursday,Fall,False
2023-11-23,PROP008,0.485,15,14,264.78,Thursday,Fall,False
2023-11-23,PROP009,0.582,12,17,246.69,Thursday,Fall,False
2023-11-23,PROP010,0.453,16,13,237.39,Thursday,Fall,False
2023-11-24,PROP001,0.758,7,22,238.8,Friday,Fall,False
2023-11-24,PROP002,0.39,18,11,246.09,Friday,Fall,False
2023-11-24,PROP003,0.544,13,16,231.06,Friday,Fall,False
2023-11-24,PROP004,0.593,12,17,252.99,Friday,Fall,False
2023-11-24,PROP005,0.656,10,19,253.26,Friday,Fall,False
2023-11-24,PROP006,0.485,15,14,230.97,Friday,Fall,False
2023-11-24,PROP007,0.678,9,20,240.63,Friday,Fall,False
2023-11-24,PROP008,0.485,15,14,264.78,Friday,Fall,False
2023-11-24,PROP009,0.492,15,14,246.69,Friday,Fall,False
2023-11-24,PROP010,0.437,16,13,237.39,Friday,Fall,False
2023-11-25,PROP001,0.747,7,22,238.8,Saturday,Fall,True
2023-11-25,PROP002,0.681,9,20,246.09,Saturday,Fall,True
2023-11-25,PROP003,0.36,19,10,231.06,Saturday,Fall,True
2023-11-25,PROP004,0.501,14,15,252.99,Saturday,Fall,True
2023-11-25,PROP005,0.271,21,8,253.26,Saturday,Fall,True
2023-11-25,PROP006,0.499,15,14,230.97,Saturday,Fall,True
2023-11-25,PROP007,0.652,10,19,240.63,Saturday,Fall,True
2023-11-25,PROP008,0.514,14,15,264.78,Saturday,Fall,True
2023-11-25,PROP009,0.565,13,16,246.69,Saturday,Fall,True
2023-11-25,PROP010,0.405,17,12,237.39,Saturday,Fall,True
2023-11-26,PROP001,0.587,12,17,238.8,Sunday,Fall,True
2023-11-26,PROP002,0.627,11,18,246.09,Sunday,Fall,True
2023-11-26,PROP003,0.584,12,17,231.06,Sunday,Fall,True
2023-11-26,PROP004,0.587,12,17,252.99,Sunday,Fall,True
2023-11-26,PROP005,0.515,14,15,253.26,Sunday,Fall,True
2023-11-26,PROP006,0.534,13,16,230.97,Sunday,Fall,True
2023-11-26,PROP007,0.668,9,20,240.63,Sunday,Fall,True
2023-11-26,PROP008,0.716,8,21,264.78,Sunday,Fall,True
2023-11-26,PROP009,0.536,13,16,246.69,Sunday,Fall,True
2023-11-26,PROP010,0.736,7,22,237.39,Sunday,Fall,True
2023-11-27,PROP001,0.43,17,12,238.8,Monday,Fall,False
2023-11-27,PROP002,0.505,14,15,246.09,Monday,Fall,False
2023-11-27,PROP003,0.633,11,18,231.06,Monday,Fall,False
2023-11-27,PROP004,0.537,13,16,252.99,Monday,Fall,False
2023-11-27,PROP005,0.608,11,18,253.26,Monday,Fall,False
2023-11-27,PROP006,0.406,17,12,230.97,Monday,Fall,False
2023-11-27,PROP007,0.534,13,16,240.63,Monday,Fall,False
2023-11-27,PROP008,0.53,14,15,264.78,Monday,Fall,False
2023-11-27,PROP009,0.65,10,19,246.69,Monday,Fall,False
2023-11-27,PROP010,0.529,14,15,237.39,Monday,Fall,False
2023-11-28,PROP001,0.409,17,12,238.8,Tuesday,Fall,False
2023-11-28,PROP002,0.499,15,14,246.09,Tuesday,Fall,False
2023-11-28,PROP003,0.496,15,14,231.06,Tuesday,Fall,False
2023-11-28,PROP004,0.547,13,16,252.99,Tuesday,Fall,False
2023-11-28,PROP005,0.527,14,15,253.26,Tuesday,Fall,False
2023-11-28,PROP006,0.556,13,16,230.97,Tuesday,Fall,False
2023-11-28,PROP007,0.351,19,10,240.63,Tuesday,Fall,False
2023-11-28,PROP008,0.449,16,13,264.78,Tuesday,Fall,False
2023-11-28,PROP009,0.402,17,12,246.69,Tuesday,Fall,False
2023-11-28,PROP010,0.557,13,16,237.39,Tuesday,Fall,False
2023-11-29,PROP001,0.63,11,18,238.8,Wednesday,Fall,False
2023-11-29,PROP002,0.576,12,17,246.09,Wednesday,Fall,False
2023-11-29,PROP003,0.536,13,16,231.06,Wednesday,Fall,False
2023-11-29,PROP004,0.543,13,16,252.99,Wednesday,Fall,False
2023-11-29,PROP005,0.598,12,17,253.26,Wednesday,Fall,False
2023-11-29,PROP006,0.287,21,8,230.97,Wednesday,Fall,False
2023-11-29,PROP007,0.557,13,16,240.63,Wednesday,Fall,False
2023-11-29,PROP008,0.595,12,17,264.78,Wednesday,Fall,False
2023-11-29,PROP009,0.599,12,17,246.69,Wednesday,Fall,False
2023-11-29,PROP010,0.467,15,14,237.39,Wednesday,Fall,False
2023-11-30,PROP001,0.421,17,12,238.8,Thursday,Fall,False
2023-11-30,PROP002,0.285,21,8,246.09,Thursday,Fall,False
2023-11-30,PROP003,0.434,16,13,231.06,Thursday,Fall,False
2023-11-30,PROP004,0.317,20,9,252.99,Thursday,Fall,False
2023-11-30,PROP005,0.634,10,19,253.26,Thursday,Fall,False
2023-11-30,PROP006,0.572,12,17,230.97,Thursday,Fall,False
2023-11-30,PROP007,0.378,18,11,240.63,Thursday,Fall,False
2023-11-30,PROP008,0.392,18,11,264.78,Thursday,Fall,False
2023-11-30,PROP009,0.21,23,6,246.69,Thursday,Fall,False
2023-11-30,PROP010,0.383,18,11,237.39,Thursday,Fall,False
2023-12-01,PROP001,0.613,11,18,238.8,Friday,Winter,False
2023-12-01,PROP002,0.639,10,19,246.09,Friday,Winter,False
2023-12-01,PROP003,0.594,12,17,231.06,Friday,Winter,False
2023-12-01,PROP004,0.343,19,10,252.99,Friday,Winter,False
2023-12-01,PROP005,0.502,14,15,253.26,Friday,Winter,False
2023-12-01,PROP006,0.592,12,17,230.97,Friday,Winter,False
2023-12-01,PROP007,0.555,13,16,240.63,Friday,Winter,False
2023-12-01,PROP008,0.357,19,10,264.78,Friday,Winter,False
2023-12-01,PROP009,0.691,9,20,246.69,Friday,Winter,False
2023-12-01,PROP010,0.648,10,19,237.39,Friday,Winter,False
2023-12-02,PROP001,0.611,11,18,238.8,Saturday,Winter,True
2023-12-02,PROP002,0.551,13,16,246.09,Saturday,Winter,True
2023-12-02,PROP003,0.615,11,18,231.06,Saturday,Winter,True
2023-12-02,PROP004,0.709,8,21,252.99,Saturday,Winter,True
2023-12-02,PROP005,0.303,20,9,253.26,Saturday,Winter,True
2023-12-02,PROP006,0.635,10,19,230.97,Saturday,Winter,True
2023-12-02,PROP007,0.416,17,12,240.63,Saturday,Winter,True
2023-12-02,PROP008,0.466,16,13,264.78,Saturday,Winter,True
2023-12-02,PROP009,0.459,16,13,246.69,Saturday,Winter,True
2023-12-02,PROP010,0.474,15,14,237.39,Saturday,Winter,True
2023-12-03,PROP001,0.392,18,11,238.8,Sunday,Winter,True
2023-12-03,PROP002,0.662,10,19,246.09,Sunday,Winter,True
2023-12-03,PROP003,0.565,13,16,231.06,Sunday,Winter,True
2023-12-03,PROP004,0.549,13,16,252.99,Sunday,Winter,True
2023-12-03,PROP005,0.506,14,15,253.26,Sunday,Winter,True
2023-12-03,PROP006,0.497,15,14,230.97,Sunday,Winter,True
2023-12-03,PROP007,0.526,14,15,240.63,Sunday,Winter,True
2023-12-03,PROP008,0.732,8,21,264.78,Sunday,Winter,True
2023-12-03,PROP009,0.447,16,13,246.69,Sunday,Winter,True
2023-12-03,PROP010,0.723,8,21,237.39,Sunday,Winter,True
2023-12-04,PROP001,0.364,19,10,238.8,Monday,Winter,False
2023-12-04,PROP002,0.565,13,16,246.09,Monday,Winter,False
2023-12-04,PROP003,0.621,11,18,231.06,Monday,Winter,False
2023-12-04,PROP004,0.166,25,4,252.99,Monday,Winter,False
2023-12-04,PROP005,0.353,19,10,253.26,Monday,Winter,False
2023-12-04,PROP006,0.637,10,19,230.97,Monday,Winter,False
2023-12-04,PROP007,0.571,12,17,240.63,Monday,Winter,False
2023-12-04,PROP008,0.551,13,16,264.78,Monday,Winter,False
2023-12-04,PROP009,0.499,15,14,246.69,Monday,Winter,False
2023-12-04,PROP010,0.544,13,16,237.39,Monday,Winter,False
2023-12-05,PROP001,0.554,13,16,238.8,Tuesday,Winter,False
2023-12-05,PROP002,0.406,17,12,246.09,Tuesday,Winter,False
2023-12-05,PROP003,0.627,11,18,231.06,Tuesday,Winter,False
2023-12-05,PROP004,0.528,14,15,252.99,Tuesday,Winter,False
2023-12-05,PROP005,0.515,14,15,253.26,Tuesday,Winter,False
2023-12-05,PROP006,0.531,14,15,230.97,Tuesday,Winter,False
2023-12-05,PROP007,0.226,23,6,240.63,Tuesday,Winter,False
2023-12-05,PROP008,0.49,15,14,264.78,Tuesday,Winter,False
2023-12-05,PROP009,0.481,15,14,246.69,Tuesday,Winter,False
2023-12-05,PROP010,0.567,12,17,237.39,Tuesday,Winter,False
2023-12-06,PROP001,0.511,14,15,238.8,Wednesday,Winter,False
2023-12-06,PROP002,0.567,12,17,246.09,Wednesday,Winter,False
2023-12-06,PROP003,0.519,14,15,231.06,Wednesday,Winter,False
2023-12-06,PROP004,0.554,13,16,252.99,Wednesday,Winter,False
2023-12-06,PROP005,0.551,13,16,253.26,Wednesday,Winter,False
2023-12-06,PROP006,0.597,12,17,230.97,Wednesday,Winter,False
2023-12-06,PROP007,0.615,11,18,240.63,Wednesday,Winter,False
2023-12-06,PROP008,0.29,21,8,264.78,Wednesday,Winter,False
2023-12-06,PROP009,0.541,13,16,246.69,Wednesday,Winter,False
2023-12-06,PROP010,0.501,14,15,237.39,Wednesday,Winter,False
2023-12-07,PROP001,0.533,14,15,238.8,Thursday,Winter,False
2023-12-07,PROP002,0.6,11,18,246.09,Thursday,Winter,False
2023-12-07,PROP003,0.541,13,16,231.06,Thursday,Winter,False
2023-12-07,PROP004,0.478,15,14,252.99,Thursday,Winter,False
2023-12-07,PROP005,0.443,16,13,253.26,Thursday,Winter,False
2023-12-07,PROP006,0.431,17,12,230.97,Thursday,Winter,False
2023-12-07,PROP007,0.653,10,19,240.63,Thursday,Winter,False
2023-12-07,PROP008,0.391,18,11,264.78,Thursday,Winter,False
2023-12-07,PROP009,0.523,14,15,246.69,Thursday,Winter,False
2023-12-07,PROP010,0.525,14,15,237.39,Thursday,Winter,False
2023-12-08,PROP001,0.753,7,22,238.8,Friday,Winter,False
2023-12-08,PROP002,0.582,12,17,246.09,Friday,Winter,False
2023-12-08,PROP003,0.578,12,17,231.06,Friday,Winter,False
2023-12-08,PROP004,0.449,16,13,252.99,Friday,Winter,False
2023-12-08,PROP005,0.659,10,19,253.26,Friday,Winter,False
2023-12-08,PROP006,0.648,10,19,230.97,Friday,Winter,False
2023-12-08,PROP007,0.599,12,17,240.63,Friday,Winter,False
2023-12-08,PROP008,0.445,16,13,264.78,Friday,Winter,False
2023-12-08,PROP009,0.624,11,18,246.69,Friday,Winter,False
2023-12-08,PROP010,0.431,17,12,237.39,Friday,Winter,False
2023-12-09,PROP001,0.702,8,21,238.8,Saturday,Winter,True
2023-12-09,PROP002,0.346,19,10,246.09,Saturday,Winter,True
2023-12-09,PROP003,0.687,9,20,231.06,Saturday,Winter,True
2023-12-09,PROP004,0.693,9,20,252.99,Saturday,Winter,True
2023-12-09,PROP005,0.712,8,21,253.26,Saturday,Winter,True
2023-12-09,PROP006,0.619,11,18,230.97,Saturday,Winter,True
2023-12-09,PROP007,0.661,10,19,240.63,Saturday,Winter,True
2023-12-09,PROP008,0.707,8,21,264.78,Saturday,Winter,True
2023-12-09,PROP009,0.358,19,10,246.69,Saturday,Winter,True
2023-12-09,PROP010,0.689,9,20,237.39,Saturday,Winter,True
2023-12-10,PROP001,0.549,13,16,238.8,Sunday,Winter,True
2023-12-10,PROP002,0.446,16,13,246.09,Sunday,Winter,True
2023-12-10,PROP003,0.499,15,14,231.06,Sunday,Winter,True
2023-12-10,PROP004,0.629,11,18,252.99,Sunday,Winter,True
2023-12-10,PROP005,0.601,11,18,253.26,Sunday,Winter,True
2023-12-10,PROP006,0.41,17,12,230.97,Sunday,Winter,True
2023-12-10,PROP007,0.545,13,16,240.63,Sunday,Winter,True
2023-12-10,PROP008,0.463,16,13,264.78,Sunday,Winter,True
2023-12-10,PROP009,0.46,16,13,246.69,Sunday,Winter,True
2023-12-10,PROP010,0.588,12,17,237.39,Sunday,Winter,True
2023-12-11,PROP001,0.38,18,11,238.8,Monday,Winter,False
2023-12-11,PROP002,0.552,13,16,246.09,Monday,Winter,False
2023-12-11,PROP003,0.453,16,13,231.06,Monday,Winter,False
2023-12-11,PROP004,0.48,15,14,252.99,Monday,Winter,False
2023-12-11,PROP005,0.432,17,12,253.26,Monday,Winter,False
2023-12-11,PROP006,0.562,13,16,230.97,Monday,Winter,False
2023-12-11,PROP007,0.602,11,18,240.63,Monday,Winter,False
2023-12-11,PROP008,0.316,20,9,264.78,Monday,Winter,False
2023-12-11,PROP009,0.566,13,16,246.69,Monday,Winter,False
2023-12-11,PROP010,0.375,18,11,237.39,Monday,Winter,False
2023-12-12,PROP001,0.526,14,15,238.8,Tuesday,Winter,False
2023-12-12,PROP002,0.466,16,13,246.09,Tuesday,Winter,False
2023-12-12,PROP003,0.522,14,15,231.06,Tuesday,Winter,False
2023-12-12,PROP004,0.592,12,17,252.99,Tuesday,Winter,False
2023-12-12,PROP005,0.528,14,15,253.26,Tuesday,Winter,False
2023-12-12,PROP006,0.477,15,14,230.97,Tuesday,Winter,False
2023-12-12,PROP007,0.409,17,12,240.63,Tuesday,Winter,False
2023-12-12,PROP008,0.586,12,17,264.78,Tuesday,Winter,False
2023-12-12,PROP009,0.603,11,18,246.69,Tuesday,Winter,False
2023-12-12,PROP010,0.304,20,9,237.39,Tuesday,Winter,False
2023-12-13,PROP001,0.593,12,17,238.8,Wednesday,Winter,False
2023-12-13,PROP002,0.503,14,15,246.09,Wednesday,Winter,False
2023-12-13,PROP003,0.483,15,14,231.06,Wednesday,Winter,False
2023-12-13,PROP004,0.651,10,19,252.99,Wednesday,Winter,False
2023-12-13,PROP005,0.515,14,15,253.26,Wednesday,Winter,False
2023-12-13,PROP006,0.659,10,19,230.97,Wednesday,Winter,False
2023-12-13,PROP007,0.456,16,13,240.63,Wednesday,Winter,False
2023-12-13,PROP008,0.496,15,14,264.78,Wednesday,Winter,False
2023-12-13,PROP009,0.519,14,15,246.69,Wednesday,Winter,False
2023-12-13,PROP010,0.469,15,14,237.39,Wednesday,Winter,False
2023-12-14,PROP001,0.484,15,14,238.8,Thursday,Winter,False
2023-12-14,PROP002,0.508,14,15,246.09,Thursday,Winter,False
2023-12-14,PROP003,0.487,15,14,231.06,Thursday,Winter,False
2023-12-14,PROP004,0.489,15,14,252.99,Thursday,Winter,False
2023-12-14,PROP005,0.566,13,16,253.26,Thursday,Winter,False
2023-12-14,PROP006,0.54,13,16,230.97,Thursday,Winter,False
2023-12-14,PROP007,0.322,20,9,240.63,Thursday,Winter,False
2023-12-14,PROP008,0.419,17,12,264.78,Thursday,Winter,False
2023-12-14,PROP009,0.619,11,18,246.69,Thursday,Winter,False
2023-12-14,PROP010,0.546,13,16,237.39,Thursday,Winter,False
2023-12-15,PROP001,0.612,11,18,238.8,Friday,Winter,False
2023-12-15,PROP002,0.688,9,20,246.09,Friday,Winter,False
2023-12-15,PROP003,0.629,11,18,231.06,Friday,Winter,False
2023-12-15,PROP004,0.542,13,16,252.99,Friday,Winter,False
2023-12-15,PROP005,0.472,15,14,253.26,Friday,Winter,False
2023-12-15,PROP006,0.576,12,17,230.97,Friday,Winter,False
2023-12-15,PROP007,0.283,21,8,240.63,Friday,Winter,False
2023-12-15,PROP008,0.751,7,22,264.78,Friday,Winter,False
2023-12-15,PROP009,0.296,21,8,246.69,Friday,Winter,False
2023-12-15,PROP010,0.51,14,15,237.39,Friday,Winter,False
2023-12-16,PROP001,0.655,10,19,238.8,Saturday,Winter,True
2023-12-16,PROP002,0.776,6,23,246.09,Saturday,Winter,True
2023-12-16,PROP003,0.617,11,18,231.06,Saturday,Winter,True
2023-12-16,PROP004,0.679,9,20,252.99,Saturday,Winter,True
2023-12-16,PROP005,0.632,11,18,253.26,Saturday,Winter,True
2023-12-16,PROP006,0.611,11,18,230.97,Saturday,Winter,True
2023-12-16,PROP007,0.603,11,18,240.63,Saturday,Winter,True
2023-12-16,PROP008,0.365,19,10,264.78,Saturday,Winter,True
2023-12-16,PROP009,0.725,8,21,246.69,Saturday,Winter,True
2023-12-16,PROP010,0.704,8,21,237.39,Saturday,Winter,True
2023-12-17,PROP001,0.639,10,19,238.8,Sunday,Winter,True
2023-12-17,PROP002,0.668,9,20,246.09,Sunday,Winter,True
2023-12-17,PROP003,0.449,16,13,231.06,Sunday,Winter,True
2023-12-17,PROP004,0.467,15,14,252.99,Sunday,Winter,True
2023-12-17,PROP005,0.713,8,21,253.26,Sunday,Winter,True
2023-12-17,PROP006,0.654,10,19,230.97,Sunday,Winter,True
2023-12-17,PROP007,0.555,13,16,240.63,Sunday,Winter,True
2023-12-17,PROP008,0.578,12,17,264.78,Sunday,Winter,True
2023-12-17,PROP009,0.301,20,9,246.69,Sunday,Winter,True
2023-12-17,PROP010,0.468,15,14,237.39,Sunday,Winter,True
2023-12-18,PROP001,0.472,15,14,238.8,Monday,Winter,False
2023-12-18,PROP002,0.436,16,13,246.09,Monday,Winter,False
2023-12-18,PROP003,0.583,12,17,231.06,Monday,Winter,False
2023-12-18,PROP004,0.54,13,16,252.99,Monday,Winter,False
2023-12-18,PROP005,0.396,18,11,253.26,Monday,Winter,False
2023-12-18,PROP006,0.429,17,12,230.97,Monday,Winter,False
2023-12-18,PROP007,0.588,12,17,240.63,Monday,Winter,False
2023-12-18,PROP008,0.359,19,10,264.78,Monday,Winter,False
2023-12-18,PROP009,0.266,22,7,246.69,Monday,Winter,False
2023-12-18,PROP010,0.4,17,12,237.39,Monday,Winter,False
2023-12-19,PROP001,0.635,10,19,238.8,Tuesday,Winter,False
2023-12-19,PROP002,0.517,14,15,246.09,Tuesday,Winter,False
2023-12-19,PROP003,0.659,10,19,231.06,Tuesday,Winter,False
2023-12-19,PROP004,0.444,16,13,252.99,Tuesday,Winter,False
2023-12-19,PROP005,0.537,13,16,253.26,Tuesday,Winter,False
2023-12-19,PROP006,0.364,19,10,230.97,Tuesday,Winter,False
2023-12-19,PROP007,0.438,16,13,240.63,Tuesday,Winter,False
2023-12-19,PROP008,0.472,15,14,264.78,Tuesday,Winter,False
2023-12-19,PROP009,0.576,12,17,246.69,Tuesday,Winter,False
2023-12-19,PROP010,0.428,17,12,237.39,Tuesday,Winter,False
2023-12-20,PROP001,0.385,18,11,238.8,Wednesday,Winter,False
2023-12-20,PROP002,0.562,13,16,246.09,Wednesday,Winter,False
2023-12-20,PROP003,0.586,12,17,231.06,Wednesday,Winter,False
2023-12-20,PROP004,0.567,12,17,252.99,Wednesday,Winter,False
2023-12-20,PROP005,0.536,13,16,253.26,Wednesday,Winter,False
2023-12-20,PROP006,0.532,14,15,230.97,Wednesday,Winter,False
2023-12-20,PROP007,0.674,9,20,240.63,Wednesday,Winter,False
2023-12-20,PROP008,0.447,16,13,264.78,Wednesday,Winter,False
2023-12-20,PROP009,0.614,11,18,246.69,Wednesday,Winter,False
2023-12-20,PROP010,0.426,17,12,237.39,Wednesday,Winter,False
2023-12-21,PROP001,0.376,18,11,238.8,Thursday,Winter,False
2023-12-21,PROP002,0.44,16,13,246.09,Thursday,Winter,False
2023-12-21,PROP003,0.455,16,13,231.06,Thursday,Winter,False
2023-12-21,PROP004,0.314,20,9,252.99,Thursday,Winter,False
2023-12-21,PROP005,0.472,15,14,253.26,Thursday,Winter,False
2023-12-21,PROP006,0.566,13,16,230.97,Thursday,Winter,False
2023-12-21,PROP007,0.372,18,11,240.63,Thursday,Winter,False
2023-12-21,PROP008,0.628,11,18,264.78,Thursday,Winter,False
2023-12-21,PROP009,0.382,18,11,246.69,Thursday,Winter,False
2023-12-21,PROP010,0.411,17,12,237.39,Thursday,Winter,False
2023-12-22,PROP001,0.337,19,10,238.8,Friday,Winter,False
2023-12-22,PROP002,0.403,17,12,246.09,Friday,Winter,False
2023-12-22,PROP003,0.531,14,15,231.06,Friday,Winter,False
2023-12-22,PROP004,0.417,17,12,252.99,Friday,Winter,False
2023-12-22,PROP005,0.659,10,19,253.26,Friday,Winter,False
2023-12-22,PROP006,0.576,12,17,230.97,Friday,Winter,False
2023-12-22,PROP007,0.577,12,17,240.63,Friday,Winter,False
2023-12-22,PROP008,0.74,7,22,264.78,Friday,Winter,False
2023-12-22,PROP009,0.613,11,18,246.69,Friday,Winter,False
2023-12-22,PROP010,0.477,15,14,237.39,Friday,Winter,False
2023-12-23,PROP001,0.42,17,12,238.8,Saturday,Winter,True
2023-12-23,PROP002,0.643,10,19,246.09,Saturday,Winter,True
2023-12-23,PROP003,0.6,11,18,231.06,Saturday,Winter,True
2023-12-23,PROP004,0.465,16,13,252.99,Saturday,Winter,True
2023-12-23,PROP005,0.507,14,15,253.26,Saturday,Winter,True
2023-12-23,PROP006,0.504,14,15,230.97,Saturday,Winter,True
2023-12-23,PROP007,0.562,13,16,240.63,Saturday,Winter,True
2023-12-23,PROP008,0.472,15,14,264.78,Saturday,Winter,True
2023-12-23,PROP009,0.781,6,23,246.69,Saturday,Winter,True
2023-12-23,PROP010,0.667,9,20,237.39,Saturday,Winter,True
2023-12-24,PROP001,0.783,6,23,238.8,Sunday,Winter,True
2023-12-24,PROP002,0.72,8,21,246.09,Sunday,Winter,True
2023-12-24,PROP003,0.736,7,22,231.06,Sunday,Winter,True
2023-12-24,PROP004,0.472,15,14,252.99,Sunday,Winter,True
2023-12-24,PROP005,0.482,15,14,253.26,Sunday,Winter,True
2023-12-24,PROP006,0.572,12,17,230.97,Sunday,Winter,True
2023-12-24,PROP007,0.617,11,18,240.63,Sunday,Winter,True
2023-12-24,PROP008,0.437,16,13,264.78,Sunday,Winter,True
2023-12-24,PROP009,0.541,13,16,246.69,Sunday,Winter,True
2023-12-24,PROP010,0.456,16,13,237.39,Sunday,Winter,True
2023-12-25,PROP001,0.581,12,17,238.8,Monday,Winter,True
2023-12-25,PROP002,0.528,14,15,246.09,Monday,Winter,True
2023-12-25,PROP003,0.529,14,15,231.06,Monday,Winter,True
2023-12-25,PROP004,0.446,16,13,252.99,Monday,Winter,True
2023-12-25,PROP005,0.454,16,13,253.26,Monday,Winter,True
2023-12-25,PROP006,0.514,14,15,230.97,Monday,Winter,True
2023-12-25,PROP007,0.527,14,15,240.63,Monday,Winter,True
2023-12-25,PROP008,0.646,10,19,264.78,Monday,Winter,True
2023-12-25,PROP009,0.491,15,14,246.69,Monday,Winter,True
2023-12-25,PROP010,0.493,15,14,237.39,Monday,Winter,True
2023-12-26,PROP001,0.407,17,12,238.8,Tuesday,Winter,True
2023-12-26,PROP002,0.607,11,18,246.09,Tuesday,Winter,True
2023-12-26,PROP003,0.637,10,19,231.06,Tuesday,Winter,True
2023-12-26,PROP004,0.362,19,10,252.99,Tuesday,Winter,True
2023-12-26,PROP005,0.334,19,10,253.26,Tuesday,Winter,True
2023-12-26,PROP006,0.396,18,11,230.97,Tuesday,Winter,True
2023-12-26,PROP007,0.618,11,18,240.63,Tuesday,Winter,True
2023-12-26,PROP008,0.407,17,12,264.78,Tuesday,Winter,True
2023-12-26,PROP009,0.43,17,12,246.69,Tuesday,Winter,True
2023-12-26,PROP010,0.424,17,12,237.39,Tuesday,Winter,True
2023-12-27,PROP001,0.616,11,18,238.8,Wednesday,Winter,False
2023-12-27,PROP002,0.5,15,14,246.09,Wednesday,Winter,False
2023-12-27,PROP003,0.525,14,15,231.06,Wednesday,Winter,False
2023-12-27,PROP004,0.514,14,15,252.99,Wednesday,Winter,False
2023-12-27,PROP005,0.512,14,15,253.26,Wednesday,Winter,False
2023-12-27,PROP006,0.575,12,17,230.97,Wednesday,Winter,False
2023-12-27,PROP007,0.632,11,18,240.63,Wednesday,Winter,False
2023-12-27,PROP008,0.468,15,14,264.78,Wednesday,Winter,False
2023-12-27,PROP009,0.56,13,16,246.69,Wednesday,Winter,False
2023-12-27,PROP010,0.361,19,10,237.39,Wednesday,Winter,False
2023-12-28,PROP001,0.452,16,13,238.8,Thursday,Winter,False
2023-12-28,PROP002,0.451,16,13,246.09,Thursday,Winter,False
2023-12-28,PROP003,0.461,16,13,231.06,Thursday,Winter,False
2023-12-28,PROP004,0.439,16,13,252.99,Thursday,Winter,False
2023-12-28,PROP005,0.385,18,11,253.26,Thursday,Winter,False
2023-12-28,PROP006,0.439,16,13,230.97,Thursday,Winter,False
2023-12-28,PROP007,0.463,16,13,240.63,Thursday,Winter,False
2023-12-28,PROP008,0.402,17,12,264.78,Thursday,Winter,False
2023-12-28,PROP009,0.544,13,16,246.69,Thursday,Winter,False
2023-12-28,PROP010,0.365,19,10,237.39,Thursday,Winter,False
2023-12-29,PROP001,0.56,13,16,238.8,Friday,Winter,False
2023-12-29,PROP002,0.652,10,19,246.09,Friday,Winter,False
2023-12-29,PROP003,0.678,9,20,231.06,Friday,Winter,False
2023-12-29,PROP004,0.568,12,17,252.99,Friday,Winter,False
2023-12-29,PROP005,0.509,14,15,253.26,Friday,Winter,False
2023-12-29,PROP006,0.566,13,16,230.97,Friday,Winter,False
2023-12-29,PROP007,0.478,15,14,240.63,Friday,Winter,False
2023-12-29,PROP008,0.452,16,13,264.78,Friday,Winter,False
2023-12-29,PROP009,0.665,10,19,246.69,Friday,Winter,False
2023-12-29,PROP010,0.597,12,17,237.39,Friday,Winter,False
2023-12-30,PROP001,0.744,7,22,238.8,Saturday,Winter,True
2023-12-30,PROP002,0.733,7,22,246.09,Saturday,Winter,True
2023-12-30,PROP003,0.319,20,9,231.06,Saturday,Winter,True
2023-12-30,PROP004,0.554,13,16,252.99,Saturday,Winter,True
2023-12-30,PROP005,0.331,20,9,253.26,Saturday,Winter,True
2023-12-30,PROP006,0.447,16,13,230.97,Saturday,Winter,True
2023-12-30,PROP007,0.632,11,18,240.63,Saturday,Winter,True
2023-12-30,PROP008,0.59,12,17,264.78,Saturday,Winter,True
2023-12-30,PROP009,0.513,14,15,246.69,Saturday,Winter,True
2023-12-30,PROP010,0.543,13,16,237.39,Saturday,Winter,True
2023-12-31,PROP001,0.546,13,16,238.8,Sunday,Winter,True
2023-12-31,PROP002,0.596,12,17,246.09,Sunday,Winter,True
2023-12-31,PROP003,0.46,16,13,231.06,Sunday,Winter,True
2023-12-31,PROP004,0.585,12,17,252.99,Sunday,Winter,True
2023-12-31,PROP005,0.527,14,15,253.26,Sunday,Winter,True
2023-12-31,PROP006,0.494,15,14,230.97,Sunday,Winter,True
2023-12-31,PROP007,0.592,12,17,240.63,Sunday,Winter,True
2023-12-31,PROP008,0.521,14,15,264.78,Sunday,Winter,True
2023-12-31,PROP009,0.779,6,23,246.69,Sunday,Winter,True
2023-12-31,PROP010,0.282,21,8,237.39,Sunday,Winter,True
2024-01-01,PROP001,0.407,17,12,238.8,Monday,Winter,True
2024-01-01,PROP002,0.392,18,11,246.09,Monday,Winter,True
2024-01-01,PROP003,0.59,12,17,231.06,Monday,Winter,True
2024-01-01,PROP004,0.529,14,15,252.99,Monday,Winter,True
2024-01-01,PROP005,0.438,16,13,253.26,Monday,Winter,True
2024-01-01,PROP006,0.546,13,16,230.97,Monday,Winter,True
2024-01-01,PROP007,0.524,14,15,240.63,Monday,Winter,True
2024-01-01,PROP008,0.599,12,17,264.78,Monday,Winter,True
2024-01-01,PROP009,0.504,14,15,246.69,Monday,Winter,True
2024-01-01,PROP010,0.615,11,18,237.39,Monday,Winter,True
2024-01-02,PROP001,0.434,16,13,238.8,Tuesday,Winter,False
2024-01-02,PROP002,0.593,12,17,246.09,Tuesday,Winter,False
2024-01-02,PROP003,0.547,13,16,231.06,Tuesday,Winter,False
2024-01-02,PROP004,0.323,20,9,252.99,Tuesday,Winter,False
2024-01-02,PROP005,0.545,13,16,253.26,Tuesday,Winter,False
2024-01-02,PROP006,0.567,12,17,230.97,Tuesday,Winter,False
2024-01-02,PROP007,0.346,19,10,240.63,Tuesday,Winter,False
2024-01-02,PROP008,0.552,13,16,264.78,Tuesday,Winter,False
2024-01-02,PROP009,0.329,20,9,246.69,Tuesday,Winter,False
2024-01-02,PROP010,0.255,22,7,237.39,Tuesday,Winter,False
2024-01-03,PROP001,0.416,17,12,238.8,Wednesday,Winter,False
2024-01-03,PROP002,0.564,13,16,246.09,Wednesday,Winter,False
2024-01-03,PROP003,0.507,14,15,231.06,Wednesday,Winter,False
2024-01-03,PROP004,0.492,15,14,252.99,Wednesday,Winter,False
2024-01-03,PROP005,0.564,13,16,253.26,Wednesday,Winter,False
2024-01-03,PROP006,0.492,15,14,230.97,Wednesday,Winter,False
2024-01-03,PROP007,0.43,17,12,240.63,Wednesday,Winter,False
2024-01-03,PROP008,0.481,15,14,264.78,Wednesday,Winter,False
2024-01-03,PROP009,0.538,13,16,246.69,Wednesday,Winter,False
2024-01-03,PROP010,0.461,16,13,237.39,Wednesday,Winter,False
2024-01-04,PROP001,0.629,11,18,238.8,Thursday,Winter,False
2024-01-04,PROP002,0.637,10,19,246.09,Thursday,Winter,False
2024-01-04,PROP003,0.456,16,13,231.06,Thursday,Winter,False
2024-01-04,PROP004,0.528,14,15,252.99,Thursday,Winter,False
2024-01-04,PROP005,0.372,18,11,253.26,Thursday,Winter,False
2024-01-04,PROP006,0.608,11,18,230.97,Thursday,Winter,False
2024-01-04,PROP007,0.646,10,19,240.63,Thursday,Winter,False
2024-01-04,PROP008,0.684,9,20,264.78,Thursday,Winter,False
2024-01-04,PROP009,0.37,18,11,246.69,Thursday,Winter,False
2024-01-04,PROP010,0.516,14,15,237.39,Thursday,Winter,False
2024-01-05,PROP001,0.695,9,20,238.8,Friday,Winter,False
2024-01-05,PROP002,0.728,8,21,246.09,Friday,Winter,False
2024-01-05,PROP003,0.468,15,14,231.06,Friday,Winter,False
2024-01-05,PROP004,0.672,9,20,252.99,Friday,Winter,False
2024-01-05,PROP005,0.452,16,13,253.26,Friday,Winter,False
2024-01-05,PROP006,0.445,16,13,230.97,Friday,Winter,False
2024-01-05,PROP007,0.569,12,17,240.63,Friday,Winter,False
2024-01-05,PROP008,0.608,11,18,264.78,Friday,Winter,False
2024-01-05,PROP009,0.533,14,15,246.69,Friday,Winter,False
2024-01-05,PROP010,0.537,13,16,237.39,Friday,Winter,False
2024-01-06,PROP001,0.784,6,23,238.8,Saturday,Winter,True
2024-01-06,PROP002,0.342,19,10,246.09,Saturday,Winter,True
2024-01-06,PROP003,0.61,11,18,231.06,Saturday,Winter,True
2024-01-06,PROP004,0.463,16,13,252.99,Saturday,Winter,True
2024-01-06,PROP005,0.62,11,18,253.26,Saturday,Winter,True
2024-01-06,PROP006,0.677,9,20,230.97,Saturday,Winter,True
2024-01-06,PROP007,0.51,14,15,240.63,Saturday,Winter,True
2024-01-06,PROP008,0.605,11,18,264.78,Saturday,Winter,True
2024-01-06,PROP009,0.708,8,21,246.69,Saturday,Winter,True
2024-01-06,PROP010,0.436,16,13,237.39,Saturday,Winter,True
2024-01-07,PROP001,0.431,17,12,238.8,Sunday,Winter,True
2024-01-07,PROP002,0.424,17,12,246.09,Sunday,Winter,True
2024-01-07,PROP003,0.752,7,22,231.06,Sunday,Winter,True
2024-01-07,PROP004,0.718,8,21,252.99,Sunday,Winter,True
2024-01-07,PROP005,0.617,11,18,253.26,Sunday,Winter,True
2024-01-07,PROP006,0.519,14,15,230.97,Sunday,Winter,True
2024-01-07,PROP007,0.526,14,15,240.63,Sunday,Winter,True
2024-01-07,PROP008,0.519,14,15,264.78,Sunday,Winter,True
2024-01-07,PROP009,0.414,17,12,246.69,Sunday,Winter,True
2024-01-07,PROP010,0.662,10,19,237.39,Sunday,Winter,True
2024-01-08,PROP001,0.399,18,11,238.8,Monday,Winter,False
2024-01-08,PROP002,0.54,13,16,246.09,Monday,Winter,False
2024-01-08,PROP003,0.451,16,13,231.06,Monday,Winter,False
2024-01-08,PROP004,0.593,12,17,252.99,Monday,Winter,False
2024-01-08,PROP005,0.462,16,13,253.26,Monday,Winter,False
2024-01-08,PROP006,0.507,14,15,230.97,Monday,Winter,False
2024-01-08,PROP007,0.509,14,15,240.63,Monday,Winter,False
2024-01-08,PROP008,0.44,16,13,264.78,Monday,Winter,False
2024-01-08,PROP009,0.577,12,17,246.69,Monday,Winter,False
2024-01-08,PROP010,0.475,15,14,237.39,Monday,Winter,False
2024-01-09,PROP001,0.587,12,17,238.8,Tuesday,Winter,False
2024-01-09,PROP002,0.517,14,15,246.09,Tuesday,Winter,False
2024-01-09,PROP003,0.343,19,10,231.06,Tuesday,Winter,False
2024-01-09,PROP004,0.547,13,16,252.99,Tuesday,Winter,False
2024-01-09,PROP005,0.554,13,16,253.26,Tuesday,Winter,False
2024-01-09,PROP006,0.578,12,17,230.97,Tuesday,Winter,False
2024-01-09,PROP007,0.611,11,18,240.63,Tuesday,Winter,False
2024-01-09,PROP008,0.437,16,13,264.78,Tuesday,Winter,False
2024-01-09,PROP009,0.543,13,16,246.69,Tuesday,Winter,False
2024-01-09,PROP010,0.514,14,15,237.39,Tuesday,Winter,False
2024-01-10,PROP001,0.449,16,13,238.8,Wednesday,Winter,False
2024-01-10,PROP002,0.457,16,13,246.09,Wednesday,Winter,False
2024-01-10,PROP003,0.545,13,16,231.06,Wednesday,Winter,False
2024-01-10,PROP004,0.324,20,9,252.99,Wednesday,Winter,False
2024-01-10,PROP005,0.424,17,12,253.26,Wednesday,Winter,False
2024-01-10,PROP006,0.45,16,13,230.97,Wednesday,Winter,False
2024-01-10,PROP007,0.495,15,14,240.63,Wednesday,Winter,False
2024-01-10,PROP008,0.615,11,18,264.78,Wednesday,Winter,False
2024-01-10,PROP009,0.511,14,15,246.69,Wednesday,Winter,False
2024-01-10,PROP010,0.519,14,15,237.39,Wednesday,Winter,False
2024-01-11,PROP001,0.416,17,12,238.8,Thursday,Winter,False
2024-01-11,PROP002,0.529,14,15,246.09,Thursday,Winter,False
2024-01-11,PROP003,0.678,9,20,231.06,Thursday,Winter,False
2024-01-11,PROP004,0.489,15,14,252.99,Thursday,Winter,False
2024-01-11,PROP005,0.426,17,12,253.26,Thursday,Winter,False
2024-01-11,PROP006,0.498,15,14,230.97,Thursday,Winter,False
2024-01-11,PROP007,0.443,16,13,240.63,Thursday,Winter,False
2024-01-11,PROP008,0.627,11,18,264.78,Thursday,Winter,False
2024-01-11,PROP009,0.538,13,16,246.69,Thursday,Winter,False
2024-01-11,PROP010,0.354,19,10,237.39,Thursday,Winter,False
2024-01-12,PROP001,0.707,8,21,238.8,Friday,Winter,False
2024-01-12,PROP002,0.71,8,21,246.09,Friday,Winter,False
2024-01-12,PROP003,0.511,14,15,231.06,Friday,Winter,False
2024-01-12,PROP004,0.459,16,13,252.99,Friday,Winter,False
2024-01-12,PROP005,0.683,9,20,253.26,Friday,Winter,False
2024-01-12,PROP006,0.47,15,14,230.97,Friday,Winter,False
2024-01-12,PROP007,0.576,12,17,240.63,Friday,Winter,False
2024-01-12,PROP008,0.699,9,20,264.78,Friday,Winter,False
2024-01-12,PROP009,0.622,11,18,246.69,Friday,Winter,False
2024-01-12,PROP010,0.436,16,13,237.39,Friday,Winter,False
2024-01-13,PROP001,0.698,9,20,238.8,Saturday,Winter,True
2024-01-13,PROP002,0.746,7,22,246.09,Saturday,Winter,True
2024-01-13,PROP003,0.579,12,17,231.06,Saturday,Winter,True
2024-01-13,PROP004,0.554,13,16,252.99,Saturday,Winter,True
2024-01-13,PROP005,0.497,15,14,253.26,Saturday,Winter,True
2024-01-13,PROP006,0.664,10,19,230.97,Saturday,Winter,True
2024-01-13,PROP007,0.369,18,11,240.63,Saturday,Winter,True
2024-01-13,PROP008,0.619,11,18,264.78,Saturday,Winter,True
2024-01-13,PROP009,0.719,8,21,246.69,Saturday,Winter,True
2024-01-13,PROP010,0.382,18,11,237.39,Saturday,Winter,True
2024-01-14,PROP001,0.642,10,19,238.8,Sunday,Winter,True
2024-01-14,PROP002,0.609,11,18,246.09,Sunday,Winter,True
2024-01-14,PROP003,0.725,8,21,231.06,Sunday,Winter,True
2024-01-14,PROP004,0.601,11,18,252.99,Sunday,Winter,True
2024-01-14,PROP005,0.44,16,13,253.26,Sunday,Winter,True
2024-01-14,PROP006,0.527,14,15,230.97,Sunday,Winter,True
2024-01-14,PROP007,0.714,8,21,240.63,Sunday,Winter,True
2024-01-14,PROP008,0.441,16,13,264.78,Sunday,Winter,True
2024-01-14,PROP009,0.524,14,15,246.69,Sunday,Winter,True
2024-01-14,PROP010,0.609,11,18,237.39,Sunday,Winter,True
2024-01-15,PROP001,0.291,21,8,238.8,Monday,Winter,False
2024-01-15,PROP002,0.65,10,19,246.09,Monday,Winter,False
2024-01-15,PROP003,0.375,18,11,231.06,Monday,Winter,False
2024-01-15,PROP004,0.527,14,15,252.99,Monday,Winter,False
2024-01-15,PROP005,0.372,18,11,253.26,Monday,Winter,False
2024-01-15,PROP006,0.593,12,17,230.97,Monday,Winter,False
2024-01-15,PROP007,0.502,14,15,240.63,Monday,Winter,False
2024-01-15,PROP008,0.603,11,18,264.78,Monday,Winter,False
2024-01-15,PROP009,0.211,23,6,246.69,Monday,Winter,False
2024-01-15,PROP010,0.528,14,15,237.39,Monday,Winter,False
2024-01-16,PROP001,0.301,20,9,238.8,Tuesday,Winter,False
2024-01-16,PROP002,0.63,11,18,246.09,Tuesday,Winter,False
2024-01-16,PROP003,0.439,16,13,231.06,Tuesday,Winter,False
2024-01-16,PROP004,0.536,13,16,252.99,Tuesday,Winter,False
2024-01-16,PROP005,0.62,11,18,253.26,Tuesday,Winter,False
2024-01-16,PROP006,0.454,16,13,230.97,Tuesday,Winter,False
2024-01-16,PROP007,0.445,16,13,240.63,Tuesday,Winter,False
2024-01-16,PROP008,0.492,15,14,264.78,Tuesday,Winter,False
2024-01-16,PROP009,0.55,13,16,246.69,Tuesday,Winter,False
2024-01-16,PROP010,0.603,11,18,237.39,Tuesday,Winter,False
2024-01-17,PROP001,0.574,12,17,238.8,Wednesday,Winter,False
2024-01-17,PROP002,0.522,14,15,246.09,Wednesday,Winter,False
2024-01-17,PROP003,0.569,12,17,231.06,Wednesday,Winter,False
2024-01-17,PROP004,0.457,16,13,252.99,Wednesday,Winter,False
2024-01-17,PROP005,0.433,17,12,253.26,Wednesday,Winter,False
2024-01-17,PROP006,0.484,15,14,230.97,Wednesday,Winter,False
2024-01-17,PROP007,0.568,12,17,240.63,Wednesday,Winter,False
2024-01-17,PROP008,0.524,14,15,264.78,Wednesday,Winter,False
2024-01-17,PROP009,0.545,13,16,246.69,Wednesday,Winter,False
2024-01-17,PROP010,0.645,10,19,237.39,Wednesday,Winter,False
2024-01-18,PROP001,0.342,19,10,238.8,Thursday,Winter,False
2024-01-18,PROP002,0.46,16,13,246.09,Thursday,Winter,False
2024-01-18,PROP003,0.509,14,15,231.06,Thursday,Winter,False
2024-01-18,PROP004,0.309,20,9,252.99,Thursday,Winter,False
2024-01-18,PROP005,0.611,11,18,253.26,Thursday,Winter,False
2024-01-18,PROP006,0.462,16,13,230.97,Thursday,Winter,False
2024-01-18,PROP007,0.59,12,17,240.63,Thursday,Winter,False
2024-01-18,PROP008,0.444,16,13,264.78,Thursday,Winter,False
2024-01-18,PROP009,0.46,16,13,246.69,Thursday,Winter,False
2024-01-18,PROP010,0.26,22,7,237.39,Thursday,Winter,False
2024-01-19,PROP001,0.746,7,22,238.8,Friday,Winter,False
2024-01-19,PROP002,0.604,11,18,246.09,Friday,Winter,False
2024-01-19,PROP003,0.613,11,18,231.06,Friday,Winter,False
2024-01-19,PROP004,0.295,21,8,252.99,Friday,Winter,False
2024-01-19,PROP005,0.632,11,18,253.26,Friday,Winter,False
2024-01-19,PROP006,0.655,10,19,230.97,Friday,Winter,False
2024-01-19,PROP007,0.619,11,18,240.63,Friday,Winter,False
2024-01-19,PROP008,0.583,12,17,264.78,Friday,Winter,False
2024-01-19,PROP009,0.524,14,15,246.69,Friday,Winter,False
2024-01-19,PROP010,0.685,9,20,237.39,Friday,Winter,False
2024-01-20,PROP001,0.552,13,16,238.8,Saturday,Winter,True
2024-01-20,PROP002,0.635,10,19,246.09,Saturday,Winter,True
2024-01-20,PROP003,0.526,14,15,231.06,Saturday,Winter,True
2024-01-20,PROP004,0.468,15,14,252.99,Saturday,Winter,True
2024-01-20,PROP005,0.399,18,11,253.26,Saturday,Winter,True
2024-01-20,PROP006,0.688,9,20,230.97,Saturday,Winter,True
2024-01-20,PROP007,0.731,8,21,240.63,Saturday,Winter,True
2024-01-20,PROP008,0.693,9,20,264.78,Saturday,Winter,True
2024-01-20,PROP009,0.533,14,15,246.69,Saturday,Winter,True
2024-01-20,PROP010,0.561,13,16,237.39,Saturday,Winter,True
2024-01-21,PROP001,0.56,13,16,238.8,Sunday,Winter,True
2024-01-21,PROP002,0.576,12,17,246.09,Sunday,Winter,True
2024-01-21,PROP003,0.579,12,17,231.06,Sunday,Winter,True
2024-01-21,PROP004,0.513,14,15,252.99,Sunday,Winter,True
2024-01-21,PROP005,0.496,15,14,253.26,Sunday,Winter,True
2024-01-21,PROP006,0.702,8,21,230.97,Sunday,Winter,True
2024-01-21,PROP007,0.515,14,15,240.63,Sunday,Winter,True
2024-01-21,PROP008,0.555,13,16,264.78,Sunday,Winter,True
2024-01-21,PROP009,0.554,13,16,246.69,Sunday,Winter,True
2024-01-21,PROP010,0.756,7,22,237.39,Sunday,Winter,True
2024-01-22,PROP001,0.279,21,8,238.8,Monday,Winter,False
2024-01-22,PROP002,0.433,17,12,246.09,Monday,Winter,False
2024-01-22,PROP003,0.457,16,13,231.06,Monday,Winter,False
2024-01-22,PROP004,0.515,14,15,252.99,Monday,Winter,False
2024-01-22,PROP005,0.387,18,11,253.26,Monday,Winter,False
2024-01-22,PROP006,0.498,15,14,230.97,Monday,Winter,False
2024-01-22,PROP007,0.526,14,15,240.63,Monday,Winter,False
2024-01-22,PROP008,0.397,18,11,264.78,Monday,Winter,False
2024-01-22,PROP009,0.54,13,16,246.69,Monday,Winter,False
2024-01-22,PROP010,0.433,17,12,237.39,Monday,Winter,False
2024-01-23,PROP001,0.459,16,13,238.8,Tuesday,Winter,False
2024-01-23,PROP002,0.434,16,13,246.09,Tuesday,Winter,False
2024-01-23,PROP003,0.49,15,14,231.06,Tuesday,Winter,False
2024-01-23,PROP004,0.227,23,6,252.99,Tuesday,Winter,False
2024-01-23,PROP005,0.525,14,15,253.26,Tuesday,Winter,False
2024-01-23,PROP006,0.498,15,14,230.97,Tuesday,Winter,False
2024-01-23,PROP007,0.325,20,9,240.63,Tuesday,Winter,False
2024-01-23,PROP008,0.553,13,16,264.78,Tuesday,Winter,False
2024-01-23,PROP009,0.264,22,7,246.69,Tuesday,Winter,False
2024-01-23,PROP010,0.511,14,15,237.39,Tuesday,Winter,False
2024-01-24,PROP001,0.36,19,10,238.8,Wednesday,Winter,False
2024-01-24,PROP002,0.511,14,15,246.09,Wednesday,Winter,False
2024-01-24,PROP003,0.643,10,19,231.06,Wednesday,Winter,False
2024-01-24,PROP004,0.323,20,9,252.99,Wednesday,Winter,False
2024-01-24,PROP005,0.482,15,14,253.26,Wednesday,Winter,False
2024-01-24,PROP006,0.555,13,16,230.97,Wednesday,Winter,False
2024-01-24,PROP007,0.472,15,14,240.63,Wednesday,Winter,False
2024-01-24,PROP008,0.496,15,14,264.78,Wednesday,Winter,False
2024-01-24,PROP009,0.418,17,12,246.69,Wednesday,Winter,False
2024-01-24,PROP010,0.582,12,17,237.39,Wednesday,Winter,False
2024-01-25,PROP001,0.381,18,11,238.8,Thursday,Winter,False
2024-01-25,PROP002,0.503,14,15,246.09,Thursday,Winter,False
2024-01-25,PROP003,0.573,12,17,231.06,Thursday,Winter,False
2024-01-25,PROP004,0.433,17,12,252.99,Thursday,Winter,False
2024-01-25,PROP005,0.469,15,14,253.26,Thursday,Winter,False
2024-01-25,PROP006,0.492,15,14,230.97,Thursday,Winter,False
2024-01-25,PROP007,0.541,13,16,240.63,Thursday,Winter,False
2024-01-25,PROP008,0.645,10,19,264.78,Thursday,Winter,False
2024-01-25,PROP009,0.485,15,14,246.69,Thursday,Winter,False
2024-01-25,PROP010,0.524,14,15,237.39,Thursday,Winter,False
2024-01-26,PROP001,0.579,12,17,238.8,Friday,Winter,False
2024-01-26,PROP002,0.459,16,13,246.09,Friday,Winter,False
2024-01-26,PROP003,0.599,12,17,231.06,Friday,Winter,False
2024-01-26,PROP004,0.384,18,11,252.99,Friday,Winter,False
2024-01-26,PROP005,0.577,12,17,253.26,Friday,Winter,False
2024-01-26,PROP006,0.522,14,15,230.97,Friday,Winter,False
2024-01-26,PROP007,0.497,15,14,240.63,Friday,Winter,False
2024-01-26,PROP008,0.598,12,17,264.78,Friday,Winter,False
2024-01-26,PROP009,0.518,14,15,246.69,Friday,Winter,False
2024-01-26,PROP010,0.584,12,17,237.39,Friday,Winter,False
2024-01-27,PROP001,0.544,13,16,238.8,Saturday,Winter,True
2024-01-27,PROP002,0.662,10,19,246.09,Saturday,Winter,True
2024-01-27,PROP003,0.665,10,19,231.06,Saturday,Winter,True
2024-01-27,PROP004,0.715,8,21,252.99,Saturday,Winter,True
2024-01-27,PROP005,0.423,17,12,253.26,Saturday,Winter,True
2024-01-27,PROP006,0.578,12,17,230.97,Saturday,Winter,True
2024-01-27,PROP007,0.527,14,15,240.63,Saturday,Winter,True
2024-01-27,PROP008,0.664,10,19,264.78,Saturday,Winter,True
2024-01-27,PROP009,0.566,13,16,246.69,Saturday,Winter,True
2024-01-27,PROP010,0.676,9,20,237.39,Saturday,Winter,True
2024-01-28,PROP001,0.558,13,16,238.8,Sunday,Winter,True
2024-01-28,PROP002,0.739,7,22,246.09,Sunday,Winter,True
2024-01-28,PROP003,0.551,13,16,231.06,Sunday,Winter,True
2024-01-28,PROP004,0.576,12,17,252.99,Sunday,Winter,True
2024-01-28,PROP005,0.437,16,13,253.26,Sunday,Winter,True
2024-01-28,PROP006,0.495,15,14,230.97,Sunday,Winter,True
2024-01-28,PROP007,0.75,7,22,240.63,Sunday,Winter,True
2024-01-28,PROP008,0.383,18,11,264.78,Sunday,Winter,True
2024-01-28,PROP009,0.436,16,13,246.69,Sunday,Winter,True
2024-01-28,PROP010,0.648,10,19,237.39,Sunday,Winter,True
2024-01-29,PROP001,0.572,12,17,238.8,Monday,Winter,False
2024-01-29,PROP002,0.588,12,17,246.09,Monday,Winter,False
2024-01-29,PROP003,0.316,20,9,231.06,Monday,Winter,False
2024-01-29,PROP004,0.389,18,11,252.99,Monday,Winter,False
2024-01-29,PROP005,0.269,21,8,253.26,Monday,Winter,False
2024-01-29,PROP006,0.652,10,19,230.97,Monday,Winter,False
2024-01-29,PROP007,0.232,23,6,240.63,Monday,Winter,False
2024-01-29,PROP008,0.501,14,15,264.78,Monday,Winter,False
2024-01-29,PROP009,0.413,17,12,246.69,Monday,Winter,False
2024-01-29,PROP010,0.541,13,16,237.39,Monday,Winter,False
2024-01-30,PROP001,0.377,18,11,238.8,Tuesday,Winter,False
2024-01-30,PROP002,0.462,16,13,246.09,Tuesday,Winter,False
2024-01-30,PROP003,0.477,15,14,231.06,Tuesday,Winter,False
2024-01-30,PROP004,0.623,11,18,252.99,Tuesday,Winter,False
2024-01-30,PROP005,0.619,11,18,253.26,Tuesday,Winter,False
2024-01-30,PROP006,0.597,12,17,230.97,Tuesday,Winter,False
2024-01-30,PROP007,0.466,16,13,240.63,Tuesday,Winter,False
2024-01-30,PROP008,0.499,15,14,264.78,Tuesday,Winter,False
2024-01-30,PROP009,0.598,12,17,246.69,Tuesday,Winter,False
2024-01-30,PROP010,0.662,10,19,237.39,Tuesday,Winter,False
2024-01-31,PROP001,0.459,16,13,238.8,Wednesday,Winter,False
2024-01-31,PROP002,0.438,16,13,246.09,Wednesday,Winter,False
2024-01-31,PROP003,0.648,10,19,231.06,Wednesday,Winter,False
2024-01-31,PROP004,0.425,17,12,252.99,Wednesday,Winter,False
2024-01-31,PROP005,0.462,16,13,253.26,Wednesday,Winter,False
2024-01-31,PROP006,0.649,10,19,230.97,Wednesday,Winter,False
2024-01-31,PROP007,0.484,15,14,240.63,Wednesday,Winter,False
2024-01-31,PROP008,0.416,17,12,264.78,Wednesday,Winter,False
2024-01-31,PROP009,0.566,13,16,246.69,Wednesday,Winter,False
2024-01-31,PROP010,0.361,19,10,237.39,Wednesday,Winter,False
2024-02-01,PROP001,0.335,19,10,238.8,Thursday,Winter,False
2024-02-01,PROP002,0.596,12,17,246.09,Thursday,Winter,False
2024-02-01,PROP003,0.525,14,15,231.06,Thursday,Winter,False
2024-02-01,PROP004,0.593,12,17,252.99,Thursday,Winter,False
2024-02-01,PROP005,0.349,19,10,253.26,Thursday,Winter,False
2024-02-01,PROP006,0.414,17,12,230.97,Thursday,Winter,False
2024-02-01,PROP007,0.407,17,12,240.63,Thursday,Winter,False
2024-02-01,PROP008,0.382,18,11,264.78,Thursday,Winter,False
2024-02-01,PROP009,0.433,16,13,246.69,Thursday,Winter,False
2024-02-01,PROP010,0.48,15,14,237.39,Thursday,Winter,False
2024-02-02,PROP001,0.438,16,13,238.8,Friday,Winter,False
2024-02-02,PROP002,0.613,11,18,246.09,Friday,Winter,False
2024-02-02,PROP003,0.714,8,21,231.06,Friday,Winter,False
2024-02-02,PROP004,0.759,7,22,252.99,Friday,Winter,False
2024-02-02,PROP005,0.343,19,10,253.26,Friday,Winter,False
2024-02-02,PROP006,0.579,12,17,230.97,Friday,Winter,False
2024-02-02,PROP007,0.655,10,19,240.63,Friday,Winter,False
2024-02-02,PROP008,0.483,15,14,264.78,Friday,Winter,False
2024-02-02,PROP009,0.416,17,12,246.69,Friday,Winter,False
2024-02-02,PROP010,0.592,12,17,237.39,Friday,Winter,False
2024-02-03,PROP001,0.548,13,16,238.8,Saturday,Winter,True
2024-02-03,PROP002,0.601,11,18,246.09,Saturday,Winter,True
2024-02-03,PROP003,0.259,22,7,231.06,Saturday,Winter,True
2024-02-03,PROP004,0.658,10,19,252.99,Saturday,Winter,True
2024-02-03,PROP005,0.507,14,15,253.26,Saturday,Winter,True
2024-02-03,PROP006,0.557,13,16,230.97,Saturday,Winter,True
2024-02-03,PROP007,0.501,14,15,240.63,Saturday,Winter,True
2024-02-03,PROP008,0.509,14,15,264.78,Saturday,Winter,True
2024-02-03,PROP009,0.549,13,16,246.69,Saturday,Winter,True
2024-02-03,PROP010,0.66,10,19,237.39,Saturday,Winter,True
2024-02-04,PROP001,0.726,8,21,238.8,Sunday,Winter,True
2024-02-04,PROP002,0.556,13,16,246.09,Sunday,Winter,True
2024-02-04,PROP003,0.435,16,13,231.06,Sunday,Winter,True
2024-02-04,PROP004,0.412,17,12,252.99,Sunday,Winter,True
2024-02-04,PROP005,0.6,12,17,253.26,Sunday,Winter,True
2024-02-04,PROP006,0.295,21,8,230.97,Sunday,Winter,True
2024-02-04,PROP007,0.453,16,13,240.63,Sunday,Winter,True
2024-02-04,PROP008,0.74,7,22,264.78,Sunday,Winter,True
2024-02-04,PROP009,0.446,16,13,246.69,Sunday,Winter,True
2024-02-04,PROP010,0.514,14,15,237.39,Sunday,Winter,True
2024-02-05,PROP001,0.37,18,11,238.8,Monday,Winter,False
2024-02-05,PROP002,0.479,15,14,246.09,Monday,Winter,False
2024-02-05,PROP003,0.314,20,9,231.06,Monday,Winter,False
2024-02-05,PROP004,0.537,13,16,252.99,Monday,Winter,False
2024-02-05,PROP005,0.584,12,17,253.26,Monday,Winter,False
2024-02-05,PROP006,0.685,9,20,230.97,Monday,Winter,False
2024-02-05,PROP007,0.584,12,17,240.63,Monday,Winter,False
2024-02-05,PROP008,0.472,15,14,264.78,Monday,Winter,False
2024-02-05,PROP009,0.541,13,16,246.69,Monday,Winter,False
2024-02-05,PROP010,0.521,14,15,237.39,Monday,Winter,False
2024-02-06,PROP001,0.444,16,13,238.8,Tuesday,Winter,False
2024-02-06,PROP002,0.217,23,6,246.09,Tuesday,Winter,False
2024-02-06,PROP003,0.443,16,13,231.06,Tuesday,Winter,False
2024-02-06,PROP004,0.411,17,12,252.99,Tuesday,Winter,False
2024-02-06,PROP005,0.303,20,9,253.26,Tuesday,Winter,False
2024-02-06,PROP006,0.6,11,18,230.97,Tuesday,Winter,False
2024-02-06,PROP007,0.273,21,8,240.63,Tuesday,Winter,False
2024-02-06,PROP008,0.535,13,16,264.78,Tuesday,Winter,False
2024-02-06,PROP009,0.497,15,14,246.69,Tuesday,Winter,False
2024-02-06,PROP010,0.504,14,15,237.39,Tuesday,Winter,False
2024-02-07,PROP001,0.474,15,14,238.8,Wednesday,Winter,False
2024-02-07,PROP002,0.475,15,14,246.09,Wednesday,Winter,False
2024-02-07,PROP003,0.418,17,12,231.06,Wednesday,Winter,False
2024-02-07,PROP004,0.367,19,10,252.99,Wednesday,Winter,False
2024-02-07,PROP005,0.39,18,11,253.26,Wednesday,Winter,False
2024-02-07,PROP006,0.507,14,15,230.97,Wednesday,Winter,False
2024-02-07,PROP007,0.326,20,9,240.63,Wednesday,Winter,False
2024-02-07,PROP008,0.591,12,17,264.78,Wednesday,Winter,False
2024-02-07,PROP009,0.619,11,18,246.69,Wednesday,Winter,False
2024-02-07,PROP010,0.398,18,11,237.39,Wednesday,Winter,False
2024-02-08,PROP001,0.629,11,18,238.8,Thursday,Winter,False
2024-02-08,PROP002,0.45,16,13,246.09,Thursday,Winter,False
2024-02-08,PROP003,0.52,14,15,231.06,Thursday,Winter,False
2024-02-08,PROP004,0.601,11,18,252.99,Thursday,Winter,False
2024-02-08,PROP005,0.607,11,18,253.26,Thursday,Winter,False
2024-02-08,PROP006,0.32,20,9,230.97,Thursday,Winter,False
2024-02-08,PROP007,0.334,19,10,240.63,Thursday,Winter,False
2024-02-08,PROP008,0.508,14,15,264.78,Thursday,Winter,False
2024-02-08,PROP009,0.552,13,16,246.69,Thursday,Winter,False
2024-02-08,PROP010,0.471,15,14,237.39,Thursday,Winter,False
2024-02-09,PROP001,0.658,10,19,238.8,Friday,Winter,False
2024-02-09,PROP002,0.568,12,17,246.09,Friday,Winter,False
2024-02-09,PROP003,0.651,10,19,231.06,Friday,Winter,False
2024-02-09,PROP004,0.475,15,14,252.99,Friday,Winter,False
2024-02-09,PROP005,0.537,13,16,253.26,Friday,Winter,False
2024-02-09,PROP006,0.47,15,14,230.97,Friday,Winter,False
2024-02-09,PROP007,0.684,9,20,240.63,Friday,Winter,False
2024-02-09,PROP008,0.628,11,18,264.78,Friday,Winter,False
2024-02-09,PROP009,0.499,15,14,246.69,Friday,Winter,False
2024-02-09,PROP010,0.769,6,23,237.39,Friday,Winter,False
2024-02-10,PROP001,0.541,13,16,238.8,Saturday,Winter,True
2024-02-10,PROP002,0.549,13,16,246.09,Saturday,Winter,True
2024-02-10,PROP003,0.522,14,15,231.06,Saturday,Winter,True
2024-02-10,PROP004,0.531,14,15,252.99,Saturday,Winter,True
2024-02-10,PROP005,0.555,13,16,253.26,Saturday,Winter,True
2024-02-10,PROP006,0.595,12,17,230.97,Saturday,Winter,True
2024-02-10,PROP007,0.519,14,15,240.63,Saturday,Winter,True
2024-02-10,PROP008,0.73,8,21,264.78,Saturday,Winter,True
2024-02-10,PROP009,0.612,11,18,246.69,Saturday,Winter,True
2024-02-10,PROP010,0.55,13,16,237.39,Saturday,Winter,True
2024-02-11,PROP001,0.573,12,17,238.8,Sunday,Winter,True
2024-02-11,PROP002,0.627,11,18,246.09,Sunday,Winter,True
2024-02-11,PROP003,0.607,11,18,231.06,Sunday,Winter,True
2024-02-11,PROP004,0.545,13,16,252.99,Sunday,Winter,True
2024-02-11,PROP005,0.551,13,16,253.26,Sunday,Winter,True
2024-02-11,PROP006,0.523,14,15,230.97,Sunday,Winter,True
2024-02-11,PROP007,0.697,9,20,240.63,Sunday,Winter,True
2024-02-11,PROP008,0.66,10,19,264.78,Sunday,Winter,True
2024-02-11,PROP009,0.561,13,16,246.69,Sunday,Winter,True
2024-02-11,PROP010,0.681,9,20,237.39,Sunday,Winter,True
2024-02-12,PROP001,0.602,11,18,238.8,Monday,Winter,False
2024-02-12,PROP002,0.404,17,12,246.09,Monday,Winter,False
2024-02-12,PROP003,0.504,14,15,231.06,Monday,Winter,False
2024-02-12,PROP004,0.572,12,17,252.99,Monday,Winter,False
2024-02-12,PROP005,0.324,20,9,253.26,Monday,Winter,False
2024-02-12,PROP006,0.58,12,17,230.97,Monday,Winter,False
2024-02-12,PROP007,0.598,12,17,240.63,Monday,Winter,False
2024-02-12,PROP008,0.302,20,9,264.78,Monday,Winter,False
2024-02-12,PROP009,0.384,18,11,246.69,Monday,Winter,False
2024-02-12,PROP010,0.436,16,13,237.39,Monday,Winter,False
2024-02-13,PROP001,0.432,17,12,238.8,Tuesday,Winter,False
2024-02-13,PROP002,0.339,19,10,246.09,Tuesday,Winter,False
2024-02-13,PROP003,0.643,10,19,231.06,Tuesday,Winter,False
2024-02-13,PROP004,0.548,13,16,252.99,Tuesday,Winter,False
2024-02-13,PROP005,0.406,17,12,253.26,Tuesday,Winter,False
2024-02-13,PROP006,0.571,12,17,230.97,Tuesday,Winter,False
2024-02-13,PROP007,0.565,13,16,240.63,Tuesday,Winter,False
2024-02-13,PROP008,0.627,11,18,264.78,Tuesday,Winter,False
2024-02-13,PROP009,0.456,16,13,246.69,Tuesday,Winter,False
2024-02-13,PROP010,0.349,19,10,237.39,Tuesday,Winter,False
2024-02-14,PROP001,0.577,12,17,238.8,Wednesday,Winter,False
2024-02-14,PROP002,0.644,10,19,246.09,Wednesday,Winter,False
2024-02-14,PROP003,0.575,12,17,231.06,Wednesday,Winter,False
2024-02-14,PROP004,0.503,14,15,252.99,Wednesday,Winter,False
2024-02-14,PROP005,0.442,16,13,253.26,Wednesday,Winter,False
2024-02-14,PROP006,0.633,11,18,230.97,Wednesday,Winter,False
2024-02-14,PROP007,0.583,12,17,240.63,Wednesday,Winter,False
2024-02-14,PROP008,0.606,11,18,264.78,Wednesday,Winter,False
2024-02-14,PROP009,0.455,16,13,246.69,Wednesday,Winter,False
2024-02-14,PROP010,0.424,17,12,237.39,Wednesday,Winter,False
2024-02-15,PROP001,0.416,17,12,238.8,Thursday,Winter,False
2024-02-15,PROP002,0.396,18,11,246.09,Thursday,Winter,False
2024-02-15,PROP003,0.464,16,13,231.06,Thursday,Winter,False
2024-02-15,PROP004,0.56,13,16,252.99,Thursday,Winter,False
2024-02-15,PROP005,0.439,16,13,253.26,Thursday,Winter,False
2024-02-15,PROP006,0.515,14,15,230.97,Thursday,Winter,False
2024-02-15,PROP007,0.305,20,9,240.63,Thursday,Winter,False
2024-02-15,PROP008,0.529,14,15,264.78,Thursday,Winter,False
2024-02-15,PROP009,0.464,16,13,246.69,Thursday,Winter,False
2024-02-15,PROP010,0.475,15,14,237.39,Thursday,Winter,False
2024-02-16,PROP001,0.443,16,13,238.8,Friday,Winter,False
2024-02-16,PROP002,0.64,10,19,246.09,Friday,Winter,False
2024-02-16,PROP003,0.54,13,16,231.06,Friday,Winter,False
2024-02-16,PROP004,0.574,12,17,252.99,Friday,Winter,False
2024-02-16,PROP005,0.576,12,17,253.26,Friday,Winter,False
2024-02-16,PROP006,0.645,10,19,230.97,Friday,Winter,False
2024-02-16,PROP007,0.633,11,18,240.63,Friday,Winter,False
2024-02-16,PROP008,0.58,12,17,264.78,Friday,Winter,False
2024-02-16,PROP009,0.383,18,11,246.69,Friday,Winter,False
2024-02-16,PROP010,0.565,13,16,237.39,Friday,Winter,False
2024-02-17,PROP001,0.492,15,14,238.8,Saturday,Winter,True
2024-02-17,PROP002,0.578,12,17,246.09,Saturday,Winter,True
2024-02-17,PROP003,0.63,11,18,231.06,Saturday,Winter,True
2024-02-17,PROP004,0.646,10,19,252.99,Saturday,Winter,True
2024-02-17,PROP005,0.705,8,21,253.26,Saturday,Winter,True
2024-02-17,PROP006,0.445,16,13,230.97,Saturday,Winter,True
2024-02-17,PROP007,0.669,9,20,240.63,Saturday,Winter,True
2024-02-17,PROP008,0.649,10,19,264.78,Saturday,Winter,True
2024-02-17,PROP009,0.613,11,18,246.69,Saturday,Winter,True
2024-02-17,PROP010,0.397,18,11,237.39,Saturday,Winter,True
2024-02-18,PROP001,0.476,15,14,238.8,Sunday,Winter,True
2024-02-18,PROP002,0.737,7,22,246.09,Sunday,Winter,True
2024-02-18,PROP003,0.578,12,17,231.06,Sunday,Winter,True
2024-02-18,PROP004,0.533,14,15,252.99,Sunday,Winter,True
2024-02-18,PROP005,0.336,19,10,253.26,Sunday,Winter,True
2024-02-18,PROP006,0.6,11,18,230.97,Sunday,Winter,True
2024-02-18,PROP007,0.42,17,12,240.63,Sunday,Winter,True
2024-02-18,PROP008,0.56,13,16,264.78,Sunday,Winter,True
2024-02-18,PROP009,0.63,11,18,246.69,Sunday,Winter,True
2024-02-18,PROP010,0.731,8,21,237.39,Sunday,Winter,True
2024-02-19,PROP001,0.56,13,16,238.8,Monday,Winter,False
2024-02-19,PROP002,0.441,16,13,246.09,Monday,Winter,False
2024-02-19,PROP003,0.399,18,11,231.06,Monday,Winter,False
2024-02-19,PROP004,0.402,17,12,252.99,Monday,Winter,False
2024-02-19,PROP005,0.413,17,12,253.26,Monday,Winter,False
2024-02-19,PROP006,0.576,12,17,230.97,Monday,Winter,False
2024-02-19,PROP007,0.437,16,13,240.63,Monday,Winter,False
2024-02-19,PROP008,0.551,13,16,264.78,Monday,Winter,False
2024-02-19,PROP009,0.53,14,15,246.69,Monday,Winter,False
2024-02-19,PROP010,0.566,13,16,237.39,Monday,Winter,False
2024-02-20,PROP001,0.51,14,15,238.8,Tuesday,Winter,False
2024-02-20,PROP002,0.513,14,15,246.09,Tuesday,Winter,False
2024-02-20,PROP003,0.624,11,18,231.06,Tuesday,Winter,False
2024-02-20,PROP004,0.592,12,17,252.99,Tuesday,Winter,False
2024-02-20,PROP005,0.565,13,16,253.26,Tuesday,Winter,False
2024-02-20,PROP006,0.508,14,15,230.97,Tuesday,Winter,False
2024-02-20,PROP007,0.443,16,13,240.63,Tuesday,Winter,False
2024-02-20,PROP008,0.658,10,19,264.78,Tuesday,Winter,False
2024-02-20,PROP009,0.539,13,16,246.69,Tuesday,Winter,False
2024-02-20,PROP010,0.5,15,14,237.39,Tuesday,Winter,False
2024-02-21,PROP001,0.568,12,17,238.8,Wednesday,Winter,False
2024-02-21,PROP002,0.57,12,17,246.09,Wednesday,Winter,False
2024-02-21,PROP003,0.588,12,17,231.06,Wednesday,Winter,False
2024-02-21,PROP004,0.391,18,11,252.99,Wednesday,Winter,False
2024-02-21,PROP005,0.534,13,16,253.26,Wednesday,Winter,False
2024-02-21,PROP006,0.342,19,10,230.97,Wednesday,Winter,False
2024-02-21,PROP007,0.532,14,15,240.63,Wednesday,Winter,False
2024-02-21,PROP008,0.658,10,19,264.78,Wednesday,Winter,False
2024-02-21,PROP009,0.533,13,16,246.69,Wednesday,Winter,False
2024-02-21,PROP010,0.494,15,14,237.39,Wednesday,Winter,False
2024-02-22,PROP001,0.412,17,12,238.8,Thursday,Winter,False
2024-02-22,PROP002,0.463,16,13,246.09,Thursday,Winter,False
2024-02-22,PROP003,0.559,13,16,231.06,Thursday,Winter,False
2024-02-22,PROP004,0.521,14,15,252.99,Thursday,Winter,False
2024-02-22,PROP005,0.209,23,6,253.26,Thursday,Winter,False
2024-02-22,PROP006,0.474,15,14,230.97,Thursday,Winter,False
2024-02-22,PROP007,0.528,14,15,240.63,Thursday,Winter,False
2024-02-22,PROP008,0.542,13,16,264.78,Thursday,Winter,False
2024-02-22,PROP009,0.573,12,17,246.69,Thursday,Winter,False
2024-02-22,PROP010,0.357,19,10,237.39,Thursday,Winter,False
2024-02-23,PROP001,0.744,7,22,238.8,Friday,Winter,False
2024-02-23,PROP002,0.47,15,14,246.09,Friday,Winter,False
2024-02-23,PROP003,0.646,10,19,231.06,Friday,Winter,False
2024-02-23,PROP004,0.531,14,15,252.99,Friday,Winter,False
2024-02-23,PROP005,0.684,9,20,253.26,Friday,Winter,False
2024-02-23,PROP006,0.423,17,12,230.97,Friday,Winter,False
2024-02-23,PROP007,0.674,9,20,240.63,Friday,Winter,False
2024-02-23,PROP008,0.419,17,12,264.78,Friday,Winter,False
2024-02-23,PROP009,0.368,18,11,246.69,Friday,Winter,False
2024-02-23,PROP010,0.699,9,20,237.39,Friday,Winter,False
2024-02-24,PROP001,0.553,13,16,238.8,Saturday,Winter,True
2024-02-24,PROP002,0.702,8,21,246.09,Saturday,Winter,True
2024-02-24,PROP003,0.616,11,18,231.06,Saturday,Winter,True
2024-02-24,PROP004,0.467,15,14,252.99,Saturday,Winter,True
2024-02-24,PROP005,0.771,6,23,253.26,Saturday,Winter,True
2024-02-24,PROP006,0.415,17,12,230.97,Saturday,Winter,True
2024-02-24,PROP007,0.668,9,20,240.63,Saturday,Winter,True
2024-02-24,PROP008,0.386,18,11,264.78,Saturday,Winter,True
2024-02-24,PROP009,0.479,15,14,246.69,Saturday,Winter,True
2024-02-24,PROP010,0.579,12,17,237.39,Saturday,Winter,True
2024-02-25,PROP001,0.62,11,18,238.8,Sunday,Winter,True
2024-02-25,PROP002,0.504,14,15,246.09,Sunday,Winter,True
2024-02-25,PROP003,0.541,13,16,231.06,Sunday,Winter,True
2024-02-25,PROP004,0.518,14,15,252.99,Sunday,Winter,True
2024-02-25,PROP005,0.543,13,16,253.26,Sunday,Winter,True
2024-02-25,PROP006,0.649,10,19,230.97,Sunday,Winter,True
2024-02-25,PROP007,0.706,8,21,240.63,Sunday,Winter,True
2024-02-25,PROP008,0.533,13,16,264.78,Sunday,Winter,True
2024-02-25,PROP009,0.49,15,14,246.69,Sunday,Winter,True
2024-02-25,PROP010,0.597,12,17,237.39,Sunday,Winter,True
2024-02-26,PROP001,0.473,15,14,238.8,Monday,Winter,False
2024-02-26,PROP002,0.326,20,9,246.09,Monday,Winter,False
2024-02-26,PROP003,0.561,13,16,231.06,Monday,Winter,False
2024-02-26,PROP004,0.503,14,15,252.99,Monday,Winter,False
2024-02-26,PROP005,0.397,18,11,253.26,Monday,Winter,False
2024-02-26,PROP006,0.408,17,12,230.97,Monday,Winter,False
2024-02-26,PROP007,0.487,15,14,240.63,Monday,Winter,False
2024-02-26,PROP008,0.654,10,19,264.78,Monday,Winter,False
2024-02-26,PROP009,0.629,11,18,246.69,Monday,Winter,False
2024-02-26,PROP010,0.518,14,15,237.39,Monday,Winter,False
2024-02-27,PROP001,0.626,11,18,238.8,Tuesday,Winter,False
2024-02-27,PROP002,0.536,13,16,246.09,Tuesday,Winter,False
2024-02-27,PROP003,0.551,13,16,231.06,Tuesday,Winter,False
2024-02-27,PROP004,0.266,22,7,252.99,Tuesday,Winter,False
2024-02-27,PROP005,0.504,14,15,253.26,Tuesday,Winter,False
2024-02-27,PROP006,0.537,13,16,230.97,Tuesday,Winter,False
2024-02-27,PROP007,0.565,13,16,240.63,Tuesday,Winter,False
2024-02-27,PROP008,0.451,16,13,264.78,Tuesday,Winter,False
2024-02-27,PROP009,0.6,12,17,246.69,Tuesday,Winter,False
2024-02-27,PROP010,0.635,10,19,237.39,Tuesday,Winter,False
2024-02-28,PROP001,0.497,15,14,238.8,Wednesday,Winter,False
2024-02-28,PROP002,0.297,21,8,246.09,Wednesday,Winter,False
2024-02-28,PROP003,0.508,14,15,231.06,Wednesday,Winter,False
2024-02-28,PROP004,0.578,12,17,252.99,Wednesday,Winter,False
2024-02-28,PROP005,0.483,15,14,253.26,Wednesday,Winter,False
2024-02-28,PROP006,0.575,12,17,230.97,Wednesday,Winter,False
2024-02-28,PROP007,0.572,12,17,240.63,Wednesday,Winter,False
2024-02-28,PROP008,0.296,21,8,264.78,Wednesday,Winter,False
2024-02-28,PROP009,0.495,15,14,246.69,Wednesday,Winter,False
2024-02-28,PROP010,0.548,13,16,237.39,Wednesday,Winter,False
2024-02-29,PROP001,0.201,23,6,238.8,Thursday,Winter,False
2024-02-29,PROP002,0.501,14,15,246.09,Thursday,Winter,False
2024-02-29,PROP003,0.386,18,11,231.06,Thursday,Winter,False
2024-02-29,PROP004,0.481,15,14,252.99,Thursday,Winter,False
2024-02-29,PROP005,0.505,14,15,253.26,Thursday,Winter,False
2024-02-29,PROP006,0.439,16,13,230.97,Thursday,Winter,False
2024-02-29,PROP007,0.495,15,14,240.63,Thursday,Winter,False
2024-02-29,PROP008,0.584,12,17,264.78,Thursday,Winter,False
2024-02-29,PROP009,0.275,21,8,246.69,Thursday,Winter,False
2024-02-29,PROP010,0.525,14,15,237.39,Thursday,Winter,False
2024-03-01,PROP001,0.908,2,27,265.33,Friday,Spring,False
2024-03-01,PROP002,0.94,1,28,273.43,Friday,Spring,False
2024-03-01,PROP003,0.695,9,20,256.73,Friday,Spring,False
2024-03-01,PROP004,0.609,11,18,281.1,Friday,Spring,False
2024-03-01,PROP005,0.901,2,27,281.4,Friday,Spring,False
2024-03-01,PROP006,0.932,2,27,256.63,Friday,Spring,False
2024-03-01,PROP007,0.731,8,21,267.37,Friday,Spring,False
2024-03-01,PROP008,0.95,1,28,294.2,Friday,Spring,False
2024-03-01,PROP009,0.95,1,28,274.1,Friday,Spring,False
2024-03-01,PROP010,0.844,4,25,263.77,Friday,Spring,False
2024-03-02,PROP001,0.675,9,20,265.33,Saturday,Spring,True
2024-03-02,PROP002,0.67,9,20,273.43,Saturday,Spring,True
2024-03-02,PROP003,0.618,11,18,256.73,Saturday,Spring,True
2024-03-02,PROP004,0.823,5,24,281.1,Saturday,Spring,True
2024-03-02,PROP005,0.95,1,28,281.4,Saturday,Spring,True
2024-03-02,PROP006,0.693,9,20,256.63,Saturday,Spring,True
2024-03-02,PROP007,0.718,8,21,267.37,Saturday,Spring,True
2024-03-02,PROP008,0.922,2,27,294.2,Saturday,Spring,True
2024-03-02,PROP009,0.95,1,28,274.1,Saturday,Spring,True
2024-03-02,PROP010,0.699,9,20,263.77,Saturday,Spring,True
2024-03-03,PROP001,0.868,3,26,265.33,Sunday,Spring,True
2024-03-03,PROP002,0.614,11,18,273.43,Sunday,Spring,True
2024-03-03,PROP003,0.849,4,25,256.73,Sunday,Spring,True
2024-03-03,PROP004,0.627,11,18,281.1,Sunday,Spring,True
2024-03-03,PROP005,0.814,5,24,281.4,Sunday,Spring,True
2024-03-03,PROP006,0.428,17,12,256.63,Sunday,Spring,True
2024-03-03,PROP007,0.753,7,22,267.37,Sunday,Spring,True
2024-03-03,PROP008,0.637,10,19,294.2,Sunday,Spring,True
2024-03-03,PROP009,0.95,1,28,274.1,Sunday,Spring,True
2024-03-03,PROP010,0.64,10,19,263.77,Sunday,Spring,True
2024-03-04,PROP001,0.897,3,26,265.33,Monday,Spring,False
2024-03-04,PROP002,0.793,6,23,273.43,Monday,Spring,False
2024-03-04,PROP003,0.677,9,20,256.73,Monday,Spring,False
2024-03-04,PROP004,0.592,12,17,281.1,Monday,Spring,False
2024-03-04,PROP005,0.808,5,24,281.4,Monday,Spring,False
2024-03-04,PROP006,0.552,13,16,256.63,Monday,Spring,False
2024-03-04,PROP007,0.533,14,15,267.37,Monday,Spring,False
2024-03-04,PROP008,0.752,7,22,294.2,Monday,Spring,False
2024-03-04,PROP009,0.507,14,15,274.1,Monday,Spring,False
2024-03-04,PROP010,0.75,7,22,263.77,Monday,Spring,False
2024-03-05,PROP001,0.649,10,19,265.33,Tuesday,Spring,False
2024-03-05,PROP002,0.935,1,28,273.43,Tuesday,Spring,False
2024-03-05,PROP003,0.743,7,22,256.73,Tuesday,Spring,False
2024-03-05,PROP004,0.742,7,22,281.1,Tuesday,Spring,False
2024-03-05,PROP005,0.619,11,18,281.4,Tuesday,Spring,False
2024-03-05,PROP006,0.665,10,19,256.63,Tuesday,Spring,False
2024-03-05,PROP007,0.568,12,17,267.37,Tuesday,Spring,False
2024-03-05,PROP008,0.747,7,22,294.2,Tuesday,Spring,False
2024-03-05,PROP009,0.629,11,18,274.1,Tuesday,Spring,False
2024-03-05,PROP010,0.606,11,18,263.77,Tuesday,Spring,False
2024-03-06,PROP001,0.799,6,23,265.33,Wednesday,Spring,False
2024-03-06,PROP002,0.649,10,19,273.43,Wednesday,Spring,False
2024-03-06,PROP003,0.792,6,23,256.73,Wednesday,Spring,False
2024-03-06,PROP004,0.604,11,18,281.1,Wednesday,Spring,False
2024-03-06,PROP005,0.769,6,23,281.4,Wednesday,Spring,False
2024-03-06,PROP006,0.76,7,22,256.63,Wednesday,Spring,False
2024-03-06,PROP007,0.743,7,22,267.37,Wednesday,Spring,False
2024-03-06,PROP008,0.785,6,23,294.2,Wednesday,Spring,False
2024-03-06,PROP009,0.792,6,23,274.1,Wednesday,Spring,False
2024-03-06,PROP010,0.704,8,21,263.77,Wednesday,Spring,False
2024-03-07,PROP001,0.598,12,17,265.33,Thursday,Spring,False
2024-03-07,PROP002,0.672,9,20,273.43,Thursday,Spring,False
2024-03-07,PROP003,0.724,8,21,256.73,Thursday,Spring,False
2024-03-07,PROP004,0.552,13,16,281.1,Thursday,Spring,False
2024-03-07,PROP005,0.828,5,24,281.4,Thursday,Spring,False
2024-03-07,PROP006,0.63,11,18,256.63,Thursday,Spring,False
2024-03-07,PROP007,0.671,9,20,267.37,Thursday,Spring,False
2024-03-07,PROP008,0.586,12,17,294.2,Thursday,Spring,False
2024-03-07,PROP009,0.621,11,18,274.1,Thursday,Spring,False
2024-03-07,PROP010,0.813,5,24,263.77,Thursday,Spring,False
2024-03-08,PROP001,0.924,2,27,265.33,Friday,Spring,False
2024-03-08,PROP002,0.95,1,28,273.43,Friday,Spring,False
2024-03-08,PROP003,0.95,1,28,256.73,Friday,Spring,False
2024-03-08,PROP004,0.883,3,26,281.1,Friday,Spring,False
2024-03-08,PROP005,0.95,1,28,281.4,Friday,Spring,False
2024-03-08,PROP006,0.783,6,23,256.63,Friday,Spring,False
2024-03-08,PROP007,0.614,11,18,267.37,Friday,Spring,False
2024-03-08,PROP008,0.719,8,21,294.2,Friday,Spring,False
2024-03-08,PROP009,0.816,5,24,274.1,Friday,Spring,False
2024-03-08,PROP010,0.674,9,20,263.77,Friday,Spring,False
2024-03-09,PROP001,0.742,7,22,265.33,Saturday,Spring,True
2024-03-09,PROP002,0.857,4,25,273.43,Saturday,Spring,True
2024-03-09,PROP003,0.717,8,21,256.73,Saturday,Spring,True
2024-03-09,PROP004,0.772,6,23,281.1,Saturday,Spring,True
2024-03-09,PROP005,0.699,9,20,281.4,Saturday,Spring,True
2024-03-09,PROP006,0.807,5,24,256.63,Saturday,Spring,True
2024-03-09,PROP007,0.828,5,24,267.37,Saturday,Spring,True
2024-03-09,PROP008,0.95,1,28,294.2,Saturday,Spring,True
2024-03-09,PROP009,0.853,4,25,274.1,Saturday,Spring,True
2024-03-09,PROP010,0.729,8,21,263.77,Saturday,Spring,True
2024-03-10,PROP001,0.95,1,28,265.33,Sunday,Spring,True
2024-03-10,PROP002,0.851,4,25,273.43,Sunday,Spring,True
2024-03-10,PROP003,0.801,5,24,256.73,Sunday,Spring,True
2024-03-10,PROP004,0.95,1,28,281.1,Sunday,Spring,True
2024-03-10,PROP005,0.744,7,22,281.4,Sunday,Spring,True
2024-03-10,PROP006,0.692,9,20,256.63,Sunday,Spring,True
2024-03-10,PROP007,0.375,18,11,267.37,Sunday,Spring,True
2024-03-10,PROP008,0.786,6,23,294.2,Sunday,Spring,True
2024-03-10,PROP009,0.836,4,25,274.1,Sunday,Spring,True
2024-03-10,PROP010,0.919,2,27,263.77,Sunday,Spring,True
2024-03-11,PROP001,0.837,4,25,265.33,Monday,Spring,False
2024-03-11,PROP002,0.507,14,15,273.43,Monday,Spring,False
2024-03-11,PROP003,0.828,5,24,256.73,Monday,Spring,False
2024-03-11,PROP004,0.795,6,23,281.1,Monday,Spring,False
2024-03-11,PROP005,0.701,8,21,281.4,Monday,Spring,False
2024-03-11,PROP006,0.773,6,23,256.63,Monday,Spring,False
2024-03-11,PROP007,0.795,6,23,267.37,Monday,Spring,False
2024-03-11,PROP008,0.702,8,21,294.2,Monday,Spring,False
2024-03-11,PROP009,0.912,2,27,274.1,Monday,Spring,False
2024-03-11,PROP010,0.867,3,26,263.77,Monday,Spring,False
2024-03-12,PROP001,0.841,4,25,265.33,Tuesday,Spring,False
2024-03-12,PROP002,0.738,7,22,273.43,Tuesday,Spring,False
2024-03-12,PROP003,0.624,11,18,256.73,Tuesday,Spring,False
2024-03-12,PROP004,0.4,18,11,281.1,Tuesday,Spring,False
2024-03-12,PROP005,0.811,5,24,281.4,Tuesday,Spring,False
2024-03-12,PROP006,0.644,10,19,256.63,Tuesday,Spring,False
2024-03-12,PROP007,0.826,5,24,267.37,Tuesday,Spring,False
2024-03-12,PROP008,0.797,6,23,294.2,Tuesday,Spring,False
2024-03-12,PROP009,0.922,2,27,274.1,Tuesday,Spring,False
2024-03-12,PROP010,0.72,8,21,263.77,Tuesday,Spring,False
2024-03-13,PROP001,0.539,13,16,265.33,Wednesday,Spring,False
2024-03-13,PROP002,0.603,11,18,273.43,Wednesday,Spring,False
2024-03-13,PROP003,0.769,6,23,256.73,Wednesday,Spring,False
2024-03-13,PROP004,0.433,16,13,281.1,Wednesday,Spring,False
2024-03-13,PROP005,0.671,9,20,281.4,Wednesday,Spring,False
2024-03-13,PROP006,0.488,15,14,256.63,Wednesday,Spring,False
2024-03-13,PROP007,0.507,14,15,267.37,Wednesday,Spring,False
2024-03-13,PROP008,0.802,5,24,294.2,Wednesday,Spring,False
2024-03-13,PROP009,0.784,6,23,274.1,Wednesday,Spring,False
2024-03-13,PROP010,0.81,5,24,263.77,Wednesday,Spring,False
2024-03-14,PROP001,0.667,10,19,265.33,Thursday,Spring,False
2024-03-14,PROP002,0.568,12,17,273.43,Thursday,Spring,False
2024-03-14,PROP003,0.689,9,20,256.73,Thursday,Spring,False
2024-03-14,PROP004,0.927,2,27,281.1,Thursday,Spring,False
2024-03-14,PROP005,0.724,8,21,281.4,Thursday,Spring,False
2024-03-14,PROP006,0.807,5,24,256.63,Thursday,Spring,False
2024-03-14,PROP007,0.835,4,25,267.37,Thursday,Spring,False
2024-03-14,PROP008,0.638,10,19,294.2,Thursday,Spring,False
2024-03-14,PROP009,0.861,4,25,274.1,Thursday,Spring,False
2024-03-14,PROP010,0.742,7,22,263.77,Thursday,Spring,False
2024-03-15,PROP001,0.871,3,26,265.33,Friday,Spring,False
2024-03-15,PROP002,0.734,7,22,273.43,Friday,Spring,False
2024-03-15,PROP003,0.95,1,28,256.73,Friday,Spring,False
2024-03-15,PROP004,0.799,6,23,281.1,Friday,Spring,False
2024-03-15,PROP005,0.822,5,24,281.4,Friday,Spring,False
2024-03-15,PROP006,0.711,8,21,256.63,Friday,Spring,False
2024-03-15,PROP007,0.95,1,28,267.37,Friday,Spring,False
2024-03-15,PROP008,0.786,6,23,294.2,Friday,Spring,False
2024-03-15,PROP009,0.737,7,22,274.1,Friday,Spring,False
2024-03-15,PROP010,0.72,8,21,263.77,Friday,Spring,False
2024-03-16,PROP001,0.895,3,26,265.33,Saturday,Spring,True
2024-03-16,PROP002,0.69,9,20,273.43,Saturday,Spring,True
2024-03-16,PROP003,0.843,4,25,256.73,Saturday,Spring,True
2024-03-16,PROP004,0.67,9,20,281.1,Saturday,Spring,True
2024-03-16,PROP005,0.909,2,27,281.4,Saturday,Spring,True
2024-03-16,PROP006,0.657,10,19,256.63,Saturday,Spring,True
2024-03-16,PROP007,0.926,2,27,267.37,Saturday,Spring,True
2024-03-16,PROP008,0.559,13,16,294.2,Saturday,Spring,True
2024-03-16,PROP009,0.885,3,26,274.1,Saturday,Spring,True
2024-03-16,PROP010,0.794,6,23,263.77,Saturday,Spring,True
2024-03-17,PROP001,0.679,9,20,265.33,Sunday,Spring,True
2024-03-17,PROP002,0.95,1,28,273.43,Sunday,Spring,True
2024-03-17,PROP003,0.592,12,17,256.73,Sunday,Spring,True
2024-03-17,PROP004,0.72,8,21,281.1,Sunday,Spring,True
2024-03-17,PROP005,0.785,6,23,281.4,Sunday,Spring,True
2024-03-17,PROP006,0.716,8,21,256.63,Sunday,Spring,True
2024-03-17,PROP007,0.749,7,22,267.37,Sunday,Spring,True
2024-03-17,PROP008,0.885,3,26,294.2,Sunday,Spring,True
2024-03-17,PROP009,0.736,7,22,274.1,Sunday,Spring,True
2024-03-17,PROP010,0.803,5,24,263.77,Sunday,Spring,True
2024-03-18,PROP001,0.581,12,17,265.33,Monday,Spring,False
2024-03-18,PROP002,0.792,6,23,273.43,Monday,Spring,False
2024-03-18,PROP003,0.772,6,23,256.73,Monday,Spring,False
2024-03-18,PROP004,0.673,9,20,281.1,Monday,Spring,False
2024-03-18,PROP005,0.587,12,17,281.4,Monday,Spring,False
2024-03-18,PROP006,0.602,11,18,256.63,Monday,Spring,False
2024-03-18,PROP007,0.862,4,25,267.37,Monday,Spring,False
2024-03-18,PROP008,0.797,6,23,294.2,Monday,Spring,False
2024-03-18,PROP009,0.695,9,20,274.1,Monday,Spring,False
2024-03-18,PROP010,0.488,15,14,263.77,Monday,Spring,False
2024-03-19,PROP001,0.74,7,22,265.33,Tuesday,Spring,False
2024-03-19,PROP002,0.592,12,17,273.43,Tuesday,Spring,False
2024-03-19,PROP003,0.723,8,21,256.73,Tuesday,Spring,False
2024-03-19,PROP004,0.808,5,24,281.1,Tuesday,Spring,False
2024-03-19,PROP005,0.715,8,21,281.4,Tuesday,Spring,False
2024-03-19,PROP006,0.567,12,17,256.63,Tuesday,Spring,False
2024-03-19,PROP007,0.77,6,23,267.37,Tuesday,Spring,False
2024-03-19,PROP008,0.678,9,20,294.2,Tuesday,Spring,False
2024-03-19,PROP009,0.799,6,23,274.1,Tuesday,Spring,False
2024-03-19,PROP010,0.608,11,18,263.77,Tuesday,Spring,False
2024-03-20,PROP001,0.914,2,27,265.33,Wednesday,Spring,False
2024-03-20,PROP002,0.942,1,28,273.43,Wednesday,Spring,False
2024-03-20,PROP003,0.812,5,24,256.73,Wednesday,Spring,False
2024-03-20,PROP004,0.764,7,22,281.1,Wednesday,Spring,False
2024-03-20,PROP005,0.685,9,20,281.4,Wednesday,Spring,False
2024-03-20,PROP006,0.763,7,22,256.63,Wednesday,Spring,False
2024-03-20,PROP007,0.874,3,26,267.37,Wednesday,Spring,False
2024-03-20,PROP008,0.902,2,27,294.2,Wednesday,Spring,False
2024-03-20,PROP009,0.779,6,23,274.1,Wednesday,Spring,False
2024-03-20,PROP010,0.861,4,25,263.77,Wednesday,Spring,False
2024-03-21,PROP001,0.568,12,17,265.33,Thursday,Spring,False
2024-03-21,PROP002,0.822,5,24,273.43,Thursday,Spring,False
2024-03-21,PROP003,0.769,6,23,256.73,Thursday,Spring,False
2024-03-21,PROP004,0.569,12,17,281.1,Thursday,Spring,False
2024-03-21,PROP005,0.845,4,25,281.4,Thursday,Spring,False
2024-03-21,PROP006,0.625,11,18,256.63,Thursday,Spring,False
2024-03-21,PROP007,0.664,10,19,267.37,Thursday,Spring,False
2024-03-21,PROP008,0.632,11,18,294.2,Thursday,Spring,False
2024-03-21,PROP009,0.751,7,22,274.1,Thursday,Spring,False
2024-03-21,PROP010,0.814,5,24,263.77,Thursday,Spring,False
2024-03-22,PROP001,0.95,1,28,265.33,Friday,Spring,False
2024-03-22,PROP002,0.95,1,28,273.43,Friday,Spring,False
2024-03-22,PROP003,0.839,4,25,256.73,Friday,Spring,False
2024-03-22,PROP004,0.523,14,15,281.1,Friday,Spring,False
2024-03-22,PROP005,0.95,1,28,281.4,Friday,Spring,False
2024-03-22,PROP006,0.687,9,20,256.63,Friday,Spring,False
2024-03-22,PROP007,0.893,3,26,267.37,Friday,Spring,False
2024-03-22,PROP008,0.95,1,28,294.2,Friday,Spring,False
2024-03-22,PROP009,0.847,4,25,274.1,Friday,Spring,False
2024-03-22,PROP010,0.856,4,25,263.77,Friday,Spring,False
2024-03-23,PROP001,0.696,9,20,265.33,Saturday,Spring,True
2024-03-23,PROP002,0.602,11,18,273.43,Saturday,Spring,True
2024-03-23,PROP003,0.95,1,28,256.73,Saturday,Spring,True
2024-03-23,PROP004,0.95,1,28,281.1,Saturday,Spring,True
2024-03-23,PROP005,0.95,1,28,281.4,Saturday,Spring,True
2024-03-23,PROP006,0.754,7,22,256.63,Saturday,Spring,True
2024-03-23,PROP007,0.918,2,27,267.37,Saturday,Spring,True
2024-03-23,PROP008,0.58,12,17,294.2,Saturday,Spring,True
2024-03-23,PROP009,0.699,9,20,274.1,Saturday,Spring,True
2024-03-23,PROP010,0.686,9,20,263.77,Saturday,Spring,True
2024-03-24,PROP001,0.584,12,17,265.33,Sunday,Spring,True
2024-03-24,PROP002,0.891,3,26,273.43,Sunday,Spring,True
2024-03-24,PROP003,0.683,9,20,256.73,Sunday,Spring,True
2024-03-24,PROP004,0.95,1,28,281.1,Sunday,Spring,True
2024-03-24,PROP005,0.95,1,28,281.4,Sunday,Spring,True
2024-03-24,PROP006,0.597,12,17,256.63,Sunday,Spring,True
2024-03-24,PROP007,0.95,1,28,267.37,Sunday,Spring,True
2024-03-24,PROP008,0.95,1,28,294.2,Sunday,Spring,True
2024-03-24,PROP009,0.926,2,27,274.1,Sunday,Spring,True
2024-03-24,PROP010,0.702,8,21,263.77,Sunday,Spring,True
2024-03-25,PROP001,0.629,11,18,265.33,Monday,Spring,True
2024-03-25,PROP002,0.617,11,18,273.43,Monday,Spring,True
2024-03-25,PROP003,0.524,14,15,256.73,Monday,Spring,True
2024-03-25,PROP004,0.744,7,22,281.1,Monday,Spring,True
2024-03-25,PROP005,0.481,15,14,281.4,Monday,Spring,True
2024-03-25,PROP006,0.841,4,25,256.63,Monday,Spring,True
2024-03-25,PROP007,0.818,5,24,267.37,Monday,Spring,True
2024-03-25,PROP008,0.747,7,22,294.2,Monday,Spring,True
2024-03-25,PROP009,0.557,13,16,274.1,Monday,Spring,True
2024-03-25,PROP010,0.76,7,22,263.77,Monday,Spring,True
2024-03-26,PROP001,0.718,8,21,265.33,Tuesday,Spring,False
2024-03-26,PROP002,0.889,3,26,273.43,Tuesday,Spring,False
2024-03-26,PROP003,0.903,2,27,256.73,Tuesday,Spring,False
2024-03-26,PROP004,0.859,4,25,281.1,Tuesday,Spring,False
2024-03-26,PROP005,0.487,15,14,281.4,Tuesday,Spring,False
2024-03-26,PROP006,0.528,14,15,256.63,Tuesday,Spring,False
2024-03-26,PROP007,0.682,9,20,267.37,Tuesday,Spring,False
2024-03-26,PROP008,0.617,11,18,294.2,Tuesday,Spring,False
2024-03-26,PROP009,0.548,13,16,274.1,Tuesday,Spring,False
2024-03-26,PROP010,0.712,8,21,263.77,Tuesday,Spring,False
2024-03-27,PROP001,0.68,9,20,265.33,Wednesday,Spring,False
2024-03-27,PROP002,0.706,8,21,273.43,Wednesday,Spring,False
2024-03-27,PROP003,0.673,9,20,256.73,Wednesday,Spring,False
2024-03-27,PROP004,0.776,6,23,281.1,Wednesday,Spring,False
2024-03-27,PROP005,0.702,8,21,281.4,Wednesday,Spring,False
2024-03-27,PROP006,0.892,3,26,256.63,Wednesday,Spring,False
2024-03-27,PROP007,0.887,3,26,267.37,Wednesday,Spring,False
2024-03-27,PROP008,0.799,6,23,294.2,Wednesday,Spring,False
2024-03-27,PROP009,0.65,10,19,274.1,Wednesday,Spring,False
2024-03-27,PROP010,0.597,12,17,263.77,Wednesday,Spring,False
2024-03-28,PROP001,0.752,7,22,265.33,Thursday,Spring,False
2024-03-28,PROP002,0.816,5,24,273.43,Thursday,Spring,False
2024-03-28,PROP003,0.769,6,23,256.73,Thursday,Spring,False
2024-03-28,PROP004,0.589,12,17,281.1,Thursday,Spring,False
2024-03-28,PROP005,0.496,15,14,281.4,Thursday,Spring,False
2024-03-28,PROP006,0.763,7,22,256.63,Thursday,Spring,False
2024-03-28,PROP007,0.803,5,24,267.37,Thursday,Spring,False
2024-03-28,PROP008,0.594,12,17,294.2,Thursday,Spring,False
2024-03-28,PROP009,0.538,13,16,274.1,Thursday,Spring,False
2024-03-28,PROP010,0.872,3,26,263.77,Thursday,Spring,False
2024-03-29,PROP001,0.95,1,28,265.33,Friday,Spring,False
2024-03-29,PROP002,0.807,5,24,273.43,Friday,Spring,False
2024-03-29,PROP003,0.888,3,26,256.73,Friday,Spring,False
2024-03-29,PROP004,0.853,4,25,281.1,Friday,Spring,False
2024-03-29,PROP005,0.928,2,27,281.4,Friday,Spring,False
2024-03-29,PROP006,0.786,6,23,256.63,Friday,Spring,False
2024-03-29,PROP007,0.469,15,14,267.37,Friday,Spring,False
2024-03-29,PROP008,0.526,14,15,294.2,Friday,Spring,False
2024-03-29,PROP009,0.95,1,28,274.1,Friday,Spring,False
2024-03-29,PROP010,0.603,11,18,263.77,Friday,Spring,False
2024-03-30,PROP001,0.657,10,19,265.33,Saturday,Spring,True
2024-03-30,PROP002,0.587,12,17,273.43,Saturday,Spring,True
2024-03-30,PROP003,0.365,19,10,256.73,Saturday,Spring,True
2024-03-30,PROP004,0.647,10,19,281.1,Saturday,Spring,True
2024-03-30,PROP005,0.95,1,28,281.4,Saturday,Spring,True
2024-03-30,PROP006,0.865,4,25,256.63,Saturday,Spring,True
2024-03-30,PROP007,0.879,3,26,267.37,Saturday,Spring,True
2024-03-30,PROP008,0.724,8,21,294.2,Saturday,Spring,True
2024-03-30,PROP009,0.821,5,24,274.1,Saturday,Spring,True
2024-03-30,PROP010,0.612,11,18,263.77,Saturday,Spring,True
2024-03-31,PROP001,0.772,6,23,265.33,Sunday,Spring,True
2024-03-31,PROP002,0.95,1,28,273.43,Sunday,Spring,True
2024-03-31,PROP003,0.855,4,25,256.73,Sunday,Spring,True
2024-03-31,PROP004,0.876,3,26,281.1,Sunday,Spring,True
2024-03-31,PROP005,0.95,1,28,281.4,Sunday,Spring,True
2024-03-31,PROP006,0.599,12,17,256.63,Sunday,Spring,True
2024-03-31,PROP007,0.689,9,20,267.37,Sunday,Spring,True
2024-03-31,PROP008,0.841,4,25,294.2,Sunday,Spring,True
2024-03-31,PROP009,0.847,4,25,274.1,Sunday,Spring,True
2024-03-31,PROP010,0.95,1,28,263.77,Sunday,Spring,True
2024-04-01,PROP001,0.925,2,27,265.33,Monday,Spring,False
2024-04-01,PROP002,0.79,6,23,273.43,Monday,Spring,False
2024-04-01,PROP003,0.773,6,23,256.73,Monday,Spring,False
2024-04-01,PROP004,0.791,6,23,281.1,Monday,Spring,False
2024-04-01,PROP005,0.652,10,19,281.4,Monday,Spring,False
2024-04-01,PROP006,0.877,3,26,256.63,Monday,Spring,False
2024-04-01,PROP007,0.74,7,22,267.37,Monday,Spring,False
2024-04-01,PROP008,0.7,8,21,294.2,Monday,Spring,False
2024-04-01,PROP009,0.534,13,16,274.1,Monday,Spring,False
2024-04-01,PROP010,0.724,8,21,263.77,Monday,Spring,False
2024-04-02,PROP001,0.709,8,21,265.33,Tuesday,Spring,False
2024-04-02,PROP002,0.617,11,18,273.43,Tuesday,Spring,False
2024-04-02,PROP003,0.944,1,28,256.73,Tuesday,Spring,False
2024-04-02,PROP004,0.685,9,20,281.1,Tuesday,Spring,False
2024-04-02,PROP005,0.796,6,23,281.4,Tuesday,Spring,False
2024-04-02,PROP006,0.302,20,9,256.63,Tuesday,Spring,False
2024-04-02,PROP007,0.797,6,23,267.37,Tuesday,Spring,False
2024-04-02,PROP008,0.649,10,19,294.2,Tuesday,Spring,False
2024-04-02,PROP009,0.679,9,20,274.1,Tuesday,Spring,False
2024-04-02,PROP010,0.837,4,25,263.77,Tuesday,Spring,False
2024-04-03,PROP001,0.846,4,25,265.33,Wednesday,Spring,False
2024-04-03,PROP002,0.664,10,19,273.43,Wednesday,Spring,False
2024-04-03,PROP003,0.669,9,20,256.73,Wednesday,Spring,False
2024-04-03,PROP004,0.312,20,9,281.1,Wednesday,Spring,False
2024-04-03,PROP005,0.836,4,25,281.4,Wednesday,Spring,False
2024-04-03,PROP006,0.674,9,20,256.63,Wednesday,Spring,False
2024-04-03,PROP007,0.718,8,21,267.37,Wednesday,Spring,False
2024-04-03,PROP008,0.583,12,17,294.2,Wednesday,Spring,False
2024-04-03,PROP009,0.874,3,26,274.1,Wednesday,Spring,False
2024-04-03,PROP010,0.606,11,18,263.77,Wednesday,Spring,False
2024-04-04,PROP001,0.68,9,20,265.33,Thursday,Spring,False
2024-04-04,PROP002,0.751,7,22,273.43,Thursday,Spring,False
2024-04-04,PROP003,0.461,16,13,256.73,Thursday,Spring,False
2024-04-04,PROP004,0.617,11,18,281.1,Thursday,Spring,False
2024-04-04,PROP005,0.551,13,16,281.4,Thursday,Spring,False
2024-04-04,PROP006,0.887,3,26,256.63,Thursday,Spring,False
2024-04-04,PROP007,0.7,9,20,267.37,Thursday,Spring,False
2024-04-04,PROP008,0.768,6,23,294.2,Thursday,Spring,False
2024-04-04,PROP009,0.96,1,28,274.1,Thursday,Spring,False
2024-04-04,PROP010,0.534,13,16,263.77,Thursday,Spring,False
2024-04-05,PROP001,0.578,12,17,265.33,Friday,Spring,False
2024-04-05,PROP002,0.893,3,26,273.43,Friday,Spring,False
2024-04-05,PROP003,0.711,8,21,256.73,Friday,Spring,False
2024-04-05,PROP004,0.682,9,20,281.1,Friday,Spring,False
2024-04-05,PROP005,0.856,4,25,281.4,Friday,Spring,False
2024-04-05,PROP006,0.95,1,28,256.63,Friday,Spring,False
2024-04-05,PROP007,0.834,4,25,267.37,Friday,Spring,False
2024-04-05,PROP008,0.95,1,28,294.2,Friday,Spring,False
2024-04-05,PROP009,0.626,11,18,274.1,Friday,Spring,False
2024-04-05,PROP010,0.923,2,27,263.77,Friday,Spring,False
2024-04-06,PROP001,0.855,4,25,265.33,Saturday,Spring,True
2024-04-06,PROP002,0.95,1,28,273.43,Saturday,Spring,True
2024-04-06,PROP003,0.78,6,23,256.73,Saturday,Spring,True
2024-04-06,PROP004,0.726,8,21,281.1,Saturday,Spring,True
2024-04-06,PROP005,0.7,8,21,281.4,Saturday,Spring,True
2024-04-06,PROP006,0.881,3,26,256.63,Saturday,Spring,True
2024-04-06,PROP007,0.82,5,24,267.37,Saturday,Spring,True
2024-04-06,PROP008,0.795,6,23,294.2,Saturday,Spring,True
2024-04-06,PROP009,0.95,1,28,274.1,Saturday,Spring,True
2024-04-06,PROP010,0.64,10,19,263.77,Saturday,Spring,True
2024-04-07,PROP001,0.69,9,20,265.33,Sunday,Spring,True
2024-04-07,PROP002,0.95,1,28,273.43,Sunday,Spring,True
2024-04-07,PROP003,0.697,9,20,256.73,Sunday,Spring,True
2024-04-07,PROP004,0.866,4,25,281.1,Sunday,Spring,True
2024-04-07,PROP005,0.926,2,27,281.4,Sunday,Spring,True
2024-04-07,PROP006,0.746,7,22,256.63,Sunday,Spring,True
2024-04-07,PROP007,0.95,1,28,267.37,Sunday,Spring,True
2024-04-07,PROP008,0.906,2,27,294.2,Sunday,Spring,True
2024-04-07,PROP009,0.454,16,13,274.1,Sunday,Spring,True
2024-04-07,PROP010,0.553,13,16,263.77,Sunday,Spring,True
2024-04-08,PROP001,0.618,11,18,265.33,Monday,Spring,False
2024-04-08,PROP002,0.877,3,26,273.43,Monday,Spring,False
2024-04-08,PROP003,0.577,12,17,256.73,Monday,Spring,False
2024-04-08,PROP004,0.583,12,17,281.1,Monday,Spring,False
2024-04-08,PROP005,0.757,7,22,281.4,Monday,Spring,False
2024-04-08,PROP006,0.54,13,16,256.63,Monday,Spring,False
2024-04-08,PROP007,0.542,13,16,267.37,Monday,Spring,False
2024-04-08,PROP008,0.716,8,21,294.2,Monday,Spring,False
2024-04-08,PROP009,0.851,4,25,274.1,Monday,Spring,False
2024-04-08,PROP010,0.269,21,8,263.77,Monday,Spring,False
2024-04-09,PROP001,0.735,7,22,265.33,Tuesday,Spring,False
2024-04-09,PROP002,0.751,7,22,273.43,Tuesday,Spring,False
2024-04-09,PROP003,0.478,15,14,256.73,Tuesday,Spring,False
2024-04-09,PROP004,0.818,5,24,281.1,Tuesday,Spring,False
2024-04-09,PROP005,0.536,13,16,281.4,Tuesday,Spring,False
2024-04-09,PROP006,0.754,7,22,256.63,Tuesday,Spring,False
2024-04-09,PROP007,0.685,9,20,267.37,Tuesday,Spring,False
2024-04-09,PROP008,0.788,6,23,294.2,Tuesday,Spring,False
2024-04-09,PROP009,0.864,4,25,274.1,Tuesday,Spring,False
2024-04-09,PROP010,0.759,7,22,263.77,Tuesday,Spring,False
2024-04-10,PROP001,0.502,14,15,265.33,Wednesday,Spring,False
2024-04-10,PROP002,0.636,10,19,273.43,Wednesday,Spring,False
2024-04-10,PROP003,0.786,6,23,256.73,Wednesday,Spring,False
2024-04-10,PROP004,0.655,10,19,281.1,Wednesday,Spring,False
2024-04-10,PROP005,0.693,9,20,281.4,Wednesday,Spring,False
2024-04-10,PROP006,0.474,15,14,256.63,Wednesday,Spring,False
2024-04-10,PROP007,0.921,2,27,267.37,Wednesday,Spring,False
2024-04-10,PROP008,0.541,13,16,294.2,Wednesday,Spring,False
2024-04-10,PROP009,0.66,10,19,274.1,Wednesday,Spring,False
2024-04-10,PROP010,0.456,16,13,263.77,Wednesday,Spring,False
2024-04-11,PROP001,0.872,3,26,265.33,Thursday,Spring,False
2024-04-11,PROP002,0.28,21,8,273.43,Thursday,Spring,False
2024-04-11,PROP003,0.688,9,20,256.73,Thursday,Spring,False
2024-04-11,PROP004,0.812,5,24,281.1,Thursday,Spring,False
2024-04-11,PROP005,0.934,1,28,281.4,Thursday,Spring,False
2024-04-11,PROP006,0.271,21,8,256.63,Thursday,Spring,False
2024-04-11,PROP007,0.519,14,15,267.37,Thursday,Spring,False
2024-04-11,PROP008,0.692,9,20,294.2,Thursday,Spring,False
2024-04-11,PROP009,0.735,7,22,274.1,Thursday,Spring,False
2024-04-11,PROP010,0.828,5,24,263.77,Thursday,Spring,False
2024-04-12,PROP001,0.851,4,25,265.33,Friday,Spring,False
2024-04-12,PROP002,0.77,6,23,273.43,Friday,Spring,False
2024-04-12,PROP003,0.895,3,26,256.73,Friday,Spring,False
2024-04-12,PROP004,0.79,6,23,281.1,Friday,Spring,False
2024-04-12,PROP005,0.56,13,16,281.4,Friday,Spring,False
2024-04-12,PROP006,0.95,1,28,256.63,Friday,Spring,False
2024-04-12,PROP007,0.798,6,23,267.37,Friday,Spring,False
2024-04-12,PROP008,0.595,12,17,294.2,Friday,Spring,False
2024-04-12,PROP009,0.903,2,27,274.1,Friday,Spring,False
2024-04-12,PROP010,0.95,1,28,263.77,Friday,Spring,False
2024-04-13,PROP001,0.818,5,24,265.33,Saturday,Spring,True
2024-04-13,PROP002,0.763,7,22,273.43,Saturday,Spring,True
2024-04-13,PROP003,0.675,9,20,256.73,Saturday,Spring,True
2024-04-13,PROP004,0.614,11,18,281.1,Saturday,Spring,True
2024-04-13,PROP005,0.762,7,22,281.4,Saturday,Spring,True
2024-04-13,PROP006,0.794,6,23,256.63,Saturday,Spring,True
2024-04-13,PROP007,0.903,2,27,267.37,Saturday,Spring,True
2024-04-13,PROP008,0.95,1,28,294.2,Saturday,Spring,True
2024-04-13,PROP009,0.675,9,20,274.1,Saturday,Spring,True
2024-04-13,PROP010,0.909,2,27,263.77,Saturday,Spring,True
2024-04-14,PROP001,0.88,3,26,265.33,Sunday,Spring,True
2024-04-14,PROP002,0.908,2,27,273.43,Sunday,Spring,True
2024-04-14,PROP003,0.57,12,17,256.73,Sunday,Spring,True
2024-04-14,PROP004,0.85,4,25,281.1,Sunday,Spring,True
2024-04-14,PROP005,0.801,5,24,281.4,Sunday,Spring,True
2024-04-14,PROP006,0.858,4,25,256.63,Sunday,Spring,True
2024-04-14,PROP007,0.536,13,16,267.37,Sunday,Spring,True
2024-04-14,PROP008,0.433,16,13,294.2,Sunday,Spring,True
2024-04-14,PROP009,0.95,1,28,274.1,Sunday,Spring,True
2024-04-14,PROP010,0.95,1,28,263.77,Sunday,Spring,True
2024-04-15,PROP001,0.747,7,22,265.33,Monday,Spring,False
2024-04-15,PROP002,0.626,11,18,273.43,Monday,Spring,False
2024-04-15,PROP003,0.758,7,22,256.73,Monday,Spring,False
2024-04-15,PROP004,0.826,5,24,281.1,Monday,Spring,False
2024-04-15,PROP005,0.743,7,22,281.4,Monday,Spring,False
2024-04-15,PROP006,0.54,13,16,256.63,Monday,Spring,False
2024-04-15,PROP007,0.856,4,25,267.37,Monday,Spring,False
2024-04-15,PROP008,0.683,9,20,294.2,Monday,Spring,False
2024-04-15,PROP009,0.355,19,10,274.1,Monday,Spring,False
2024-04-15,PROP010,0.893,3,26,263.77,Monday,Spring,False
2024-04-16,PROP001,0.586,12,17,265.33,Tuesday,Spring,False
2024-04-16,PROP002,0.524,14,15,273.43,Tuesday,Spring,False
2024-04-16,PROP003,0.739,7,22,256.73,Tuesday,Spring,False
2024-04-16,PROP004,0.689,9,20,281.1,Tuesday,Spring,False
2024-04-16,PROP005,0.784,6,23,281.4,Tuesday,Spring,False
2024-04-16,PROP006,0.684,9,20,256.63,Tuesday,Spring,False
2024-04-16,PROP007,0.686,9,20,267.37,Tuesday,Spring,False
2024-04-16,PROP008,0.276,21,8,294.2,Tuesday,Spring,False
2024-04-16,PROP009,0.747,7,22,274.1,Tuesday,Spring,False
2024-04-16,PROP010,0.666,10,19,263.77,Tuesday,Spring,False
2024-04-17,PROP001,0.917,2,27,265.33,Wednesday,Spring,False
2024-04-17,PROP002,0.927,2,27,273.43,Wednesday,Spring,False
2024-04-17,PROP003,0.809,5,24,256.73,Wednesday,Spring,False
2024-04-17,PROP004,0.685,9,20,281.1,Wednesday,Spring,False
2024-04-17,PROP005,0.628,11,18,281.4,Wednesday,Spring,False
2024-04-17,PROP006,0.627,11,18,256.63,Wednesday,Spring,False
2024-04-17,PROP007,0.749,7,22,267.37,Wednesday,Spring,False
2024-04-17,PROP008,0.563,13,16,294.2,Wednesday,Spring,False
2024-04-17,PROP009,0.827,5,24,274.1,Wednesday,Spring,False
2024-04-17,PROP010,0.766,7,22,263.77,Wednesday,Spring,False
2024-04-18,PROP001,0.696,9,20,265.33,Thursday,Spring,False
2024-04-18,PROP002,0.655,10,19,273.43,Thursday,Spring,False
2024-04-18,PROP003,0.676,9,20,256.73,Thursday,Spring,False
2024-04-18,PROP004,0.857,4,25,281.1,Thursday,Spring,False
2024-04-18,PROP005,0.772,6,23,281.4,Thursday,Spring,False
2024-04-18,PROP006,0.681,9,20,256.63,Thursday,Spring,False
2024-04-18,PROP007,0.532,14,15,267.37,Thursday,Spring,False
2024-04-18,PROP008,0.446,16,13,294.2,Thursday,Spring,False
2024-04-18,PROP009,0.828,5,24,274.1,Thursday,Spring,False
2024-04-18,PROP010,0.809,5,24,263.77,Thursday,Spring,False
2024-04-19,PROP001,0.904,2,27,265.33,Friday,Spring,False
2024-04-19,PROP002,0.6,12,17,273.43,Friday,Spring,False
2024-04-19,PROP003,0.868,3,26,256.73,Friday,Spring,False
2024-04-19,PROP004,0.95,1,28,281.1,Friday,Spring,False
2024-04-19,PROP005,0.931,2,27,281.4,Friday,Spring,False
2024-04-19,PROP006,0.746,7,22,256.63,Friday,Spring,False
2024-04-19,PROP007,0.66,10,19,267.37,Friday,Spring,False
2024-04-19,PROP008,0.81,5,24,294.2,Friday,Spring,False
2024-04-19,PROP009,0.769,6,23,274.1,Friday,Spring,False
2024-04-19,PROP010,0.834,4,25,263.77,Friday,Spring,False
2024-04-20,PROP001,0.849,4,25,265.33,Saturday,Spring,True
2024-04-20,PROP002,0.95,1,28,273.43,Saturday,Spring,True
2024-04-20,PROP003,0.466,16,13,256.73,Saturday,Spring,True
2024-04-20,PROP004,0.628,11,18,281.1,Saturday,Spring,True
2024-04-20,PROP005,0.943,1,28,281.4,Saturday,Spring,True
2024-04-20,PROP006,0.808,5,24,256.63,Saturday,Spring,True
2024-04-20,PROP007,0.866,4,25,267.37,Saturday,Spring,True
2024-04-20,PROP008,0.95,1,28,294.2,Saturday,Spring,True
2024-04-20,PROP009,0.508,14,15,274.1,Saturday,Spring,True
2024-04-20,PROP010,0.95,1,28,263.77,Saturday,Spring,True
2024-04-21,PROP001,0.908,2,27,265.33,Sunday,Spring,True
2024-04-21,PROP002,0.793,6,23,273.43,Sunday,Spring,True
2024-04-21,PROP003,0.599,12,17,256.73,Sunday,Spring,True
2024-04-21,PROP004,0.95,1,28,281.1,Sunday,Spring,True
2024-04-21,PROP005,0.21,23,6,281.4,Sunday,Spring,True
2024-04-21,PROP006,0.918,2,27,256.63,Sunday,Spring,True
2024-04-21,PROP007,0.775,6,23,267.37,Sunday,Spring,True
2024-04-21,PROP008,0.925,2,27,294.2,Sunday,Spring,True
2024-04-21,PROP009,0.864,4,25,274.1,Sunday,Spring,True
2024-04-21,PROP010,0.747,7,22,263.77,Sunday,Spring,True
2024-04-22,PROP001,0.769,6,23,265.33,Monday,Spring,False
2024-04-22,PROP002,0.868,3,26,273.43,Monday,Spring,False
2024-04-22,PROP003,0.752,7,22,256.73,Monday,Spring,False
2024-04-22,PROP004,0.406,17,12,281.1,Monday,Spring,False
2024-04-22,PROP005,0.688,9,20,281.4,Monday,Spring,False
2024-04-22,PROP006,0.705,8,21,256.63,Monday,Spring,False
2024-04-22,PROP007,0.766,7,22,267.37,Monday,Spring,False
2024-04-22,PROP008,0.592,12,17,294.2,Monday,Spring,False
2024-04-22,PROP009,0.642,10,19,274.1,Monday,Spring,False
2024-04-22,PROP010,0.774,6,23,263.77,Monday,Spring,False
2024-04-23,PROP001,0.723,8,21,265.33,Tuesday,Spring,False
2024-04-23,PROP002,0.686,9,20,273.43,Tuesday,Spring,False
2024-04-23,PROP003,0.881,3,26,256.73,Tuesday,Spring,False
2024-04-23,PROP004,0.819,5,24,281.1,Tuesday,Spring,False
2024-04-23,PROP005,0.875,3,26,281.4,Tuesday,Spring,False
2024-04-23,PROP006,0.702,8,21,256.63,Tuesday,Spring,False
2024-04-23,PROP007,0.871,3,26,267.37,Tuesday,Spring,False
2024-04-23,PROP008,0.844,4,25,294.2,Tuesday,Spring,False
2024-04-23,PROP009,0.805,5,24,274.1,Tuesday,Spring,False
2024-04-23,PROP010,0.827,5,24,263.77,Tuesday,Spring,False
2024-04-24,PROP001,0.629,11,18,265.33,Wednesday,Spring,False
2024-04-24,PROP002,0.797,6,23,273.43,Wednesday,Spring,False
2024-04-24,PROP003,0.661,10,19,256.73,Wednesday,Spring,False
2024-04-24,PROP004,0.837,4,25,281.1,Wednesday,Spring,False
2024-04-24,PROP005,0.56,13,16,281.4,Wednesday,Spring,False
2024-04-24,PROP006,0.682,9,20,256.63,Wednesday,Spring,False
2024-04-24,PROP007,0.64,10,19,267.37,Wednesday,Spring,False
2024-04-24,PROP008,0.674,9,20,294.2,Wednesday,Spring,False
2024-04-24,PROP009,0.908,2,27,274.1,Wednesday,Spring,False
2024-04-24,PROP010,0.668,9,20,263.77,Wednesday,Spring,False
2024-04-25,PROP001,0.728,8,21,265.33,Thursday,Spring,False
2024-04-25,PROP002,0.673,9,20,273.43,Thursday,Spring,False
2024-04-25,PROP003,0.879,3,26,256.73,Thursday,Spring,False
2024-04-25,PROP004,0.416,17,12,281.1,Thursday,Spring,False
2024-04-25,PROP005,0.813,5,24,281.4,Thursday,Spring,False
2024-04-25,PROP006,0.883,3,26,256.63,Thursday,Spring,False
2024-04-25,PROP007,0.823,5,24,267.37,Thursday,Spring,False
2024-04-25,PROP008,0.469,15,14,294.2,Thursday,Spring,False
2024-04-25,PROP009,0.752,7,22,274.1,Thursday,Spring,False
2024-04-25,PROP010,0.636,10,19,263.77,Thursday,Spring,False
2024-04-26,PROP001,0.903,2,27,265.33,Friday,Spring,False
2024-04-26,PROP002,0.563,13,16,273.43,Friday,Spring,False
2024-04-26,PROP003,0.95,1,28,256.73,Friday,Spring,False
2024-04-26,PROP004,0.845,4,25,281.1,Friday,Spring,False
2024-04-26,PROP005,0.95,1,28,281.4,Friday,Spring,False
2024-04-26,PROP006,0.493,15,14,256.63,Friday,Spring,False
2024-04-26,PROP007,0.786,6,23,267.37,Friday,Spring,False
2024-04-26,PROP008,0.654,10,19,294.2,Friday,Spring,False
2024-04-26,PROP009,0.603,11,18,274.1,Friday,Spring,False
2024-04-26,PROP010,0.853,4,25,263.77,Friday,Spring,False
2024-04-27,PROP001,0.826,5,24,265.33,Saturday,Spring,True
2024-04-27,PROP002,0.443,16,13,273.43,Saturday,Spring,True
2024-04-27,PROP003,0.95,1,28,256.73,Saturday,Spring,True
2024-04-27,PROP004,0.706,8,21,281.1,Saturday,Spring,True
2024-04-27,PROP005,0.814,5,24,281.4,Saturday,Spring,True
2024-04-27,PROP006,0.868,3,26,256.63,Saturday,Spring,True
2024-04-27,PROP007,0.95,1,28,267.37,Saturday,Spring,True
2024-04-27,PROP008,0.847,4,25,294.2,Saturday,Spring,True
2024-04-27,PROP009,0.624,11,18,274.1,Saturday,Spring,True
2024-04-27,PROP010,0.564,13,16,263.77,Saturday,Spring,True
2024-04-28,PROP001,0.798,6,23,265.33,Sunday,Spring,True
2024-04-28,PROP002,0.607,11,18,273.43,Sunday,Spring,True
2024-04-28,PROP003,0.391,18,11,256.73,Sunday,Spring,True
2024-04-28,PROP004,0.624,11,18,281.1,Sunday,Spring,True
2024-04-28,PROP005,0.782,6,23,281.4,Sunday,Spring,True
2024-04-28,PROP006,0.791,6,23,256.63,Sunday,Spring,True
2024-04-28,PROP007,0.626,11,18,267.37,Sunday,Spring,True
2024-04-28,PROP008,0.414,17,12,294.2,Sunday,Spring,True
2024-04-28,PROP009,0.652,10,19,274.1,Sunday,Spring,True
2024-04-28,PROP010,0.851,4,25,263.77,Sunday,Spring,True
2024-04-29,PROP001,0.641,10,19,265.33,Monday,Spring,False
2024-04-29,PROP002,0.933,2,27,273.43,Monday,Spring,False
2024-04-29,PROP003,0.67,9,20,256.73,Monday,Spring,False
2024-04-29,PROP004,0.605,11,18,281.1,Monday,Spring,False
2024-04-29,PROP005,0.481,15,14,281.4,Monday,Spring,False
2024-04-29,PROP006,0.597,12,17,256.63,Monday,Spring,False
2024-04-29,PROP007,0.703,8,21,267.37,Monday,Spring,False
2024-04-29,PROP008,0.786,6,23,294.2,Monday,Spring,False
2024-04-29,PROP009,0.872,3,26,274.1,Monday,Spring,False
2024-04-29,PROP010,0.658,10,19,263.77,Monday,Spring,False
2024-04-30,PROP001,0.702,8,21,265.33,Tuesday,Spring,False
2024-04-30,PROP002,0.641,10,19,273.43,Tuesday,Spring,False
2024-04-30,PROP003,0.806,5,24,256.73,Tuesday,Spring,False
2024-04-30,PROP004,0.437,16,13,281.1,Tuesday,Spring,False
2024-04-30,PROP005,0.584,12,17,281.4,Tuesday,Spring,False
2024-04-30,PROP006,0.824,5,24,256.63,Tuesday,Spring,False
2024-04-30,PROP007,0.76,7,22,267.37,Tuesday,Spring,False
2024-04-30,PROP008,0.731,8,21,294.2,Tuesday,Spring,False
2024-04-30,PROP009,0.637,10,19,274.1,Tuesday,Spring,False
2024-04-30,PROP010,0.608,11,18,263.77,Tuesday,Spring,False
2024-05-01,PROP001,0.514,14,15,265.33,Wednesday,Spring,True
2024-05-01,PROP002,0.677,9,20,273.43,Wednesday,Spring,True
2024-05-01,PROP003,0.769,6,23,256.73,Wednesday,Spring,True
2024-05-01,PROP004,0.76,7,22,281.1,Wednesday,Spring,True
2024-05-01,PROP005,0.766,7,22,281.4,Wednesday,Spring,True
2024-05-01,PROP006,0.892,3,26,256.63,Wednesday,Spring,True
2024-05-01,PROP007,0.588,12,17,267.37,Wednesday,Spring,True
2024-05-01,PROP008,0.613,11,18,294.2,Wednesday,Spring,True
2024-05-01,PROP009,0.631,11,18,274.1,Wednesday,Spring,True
2024-05-01,PROP010,0.902,2,27,263.77,Wednesday,Spring,True
2024-05-02,PROP001,0.72,8,21,265.33,Thursday,Spring,False
2024-05-02,PROP002,0.724,8,21,273.43,Thursday,Spring,False
2024-05-02,PROP003,0.77,6,23,256.73,Thursday,Spring,False
2024-05-02,PROP004,0.658,10,19,281.1,Thursday,Spring,False
2024-05-02,PROP005,0.818,5,24,281.4,Thursday,Spring,False
2024-05-02,PROP006,0.913,2,27,256.63,Thursday,Spring,False
2024-05-02,PROP007,0.685,9,20,267.37,Thursday,Spring,False
2024-05-02,PROP008,0.688,9,20,294.2,Thursday,Spring,False
2024-05-02,PROP009,0.728,8,21,274.1,Thursday,Spring,False
2024-05-02,PROP010,0.718,8,21,263.77,Thursday,Spring,False
2024-05-03,PROP001,0.746,7,22,265.33,Friday,Spring,False
2024-05-03,PROP002,0.67,9,20,273.43,Friday,Spring,False
2024-05-03,PROP003,0.567,12,17,256.73,Friday,Spring,False
2024-05-03,PROP004,0.552,13,16,281.1,Friday,Spring,False
2024-05-03,PROP005,0.95,1,28,281.4,Friday,Spring,False
2024-05-03,PROP006,0.941,1,28,256.63,Friday,Spring,False
2024-05-03,PROP007,0.95,1,28,267.37,Friday,Spring,False
2024-05-03,PROP008,0.919,2,27,294.2,Friday,Spring,False
2024-05-03,PROP009,0.58,12,17,274.1,Friday,Spring,False
2024-05-03,PROP010,0.95,1,28,263.77,Friday,Spring,False
2024-05-04,PROP001,0.95,1,28,265.33,Saturday,Spring,True
2024-05-04,PROP002,0.95,1,28,273.43,Saturday,Spring,True
2024-05-04,PROP003,0.95,1,28,256.73,Saturday,Spring,True
2024-05-04,PROP004,0.68,9,20,281.1,Saturday,Spring,True
2024-05-04,PROP005,0.565,13,16,281.4,Saturday,Spring,True
2024-05-04,PROP006,0.435,16,13,256.63,Saturday,Spring,True
2024-05-04,PROP007,0.794,6,23,267.37,Saturday,Spring,True
2024-05-04,PROP008,0.79,6,23,294.2,Saturday,Spring,True
2024-05-04,PROP009,0.893,3,26,274.1,Saturday,Spring,True
2024-05-04,PROP010,0.572,12,17,263.77,Saturday,Spring,True
2024-05-05,PROP001,0.864,4,25,265.33,Sunday,Spring,True
2024-05-05,PROP002,0.95,1,28,273.43,Sunday,Spring,True
2024-05-05,PROP003,0.513,14,15,256.73,Sunday,Spring,True
2024-05-05,PROP004,0.947,1,28,281.1,Sunday,Spring,True
2024-05-05,PROP005,0.804,5,24,281.4,Sunday,Spring,True
2024-05-05,PROP006,0.884,3,26,256.63,Sunday,Spring,True
2024-05-05,PROP007,0.925,2,27,267.37,Sunday,Spring,True
2024-05-05,PROP008,0.84,4,25,294.2,Sunday,Spring,True
2024-05-05,PROP009,0.855,4,25,274.1,Sunday,Spring,True
2024-05-05,PROP010,0.729,8,21,263.77,Sunday,Spring,True
2024-05-06,PROP001,0.719,8,21,265.33,Monday,Spring,False
2024-05-06,PROP002,0.664,10,19,273.43,Monday,Spring,False
2024-05-06,PROP003,0.756,7,22,256.73,Monday,Spring,False
2024-05-06,PROP004,0.801,5,24,281.1,Monday,Spring,False
2024-05-06,PROP005,0.79,6,23,281.4,Monday,Spring,False
2024-05-06,PROP006,0.682,9,20,256.63,Monday,Spring,False
2024-05-06,PROP007,0.8,5,24,267.37,Monday,Spring,False
2024-05-06,PROP008,0.566,13,16,294.2,Monday,Spring,False
2024-05-06,PROP009,0.839,4,25,274.1,Monday,Spring,False
2024-05-06,PROP010,0.928,2,27,263.77,Monday,Spring,False
2024-05-07,PROP001,0.838,4,25,265.33,Tuesday,Spring,False
2024-05-07,PROP002,0.675,9,20,273.43,Tuesday,Spring,False
2024-05-07,PROP003,0.829,5,24,256.73,Tuesday,Spring,False
2024-05-07,PROP004,0.561,13,16,281.1,Tuesday,Spring,False
2024-05-07,PROP005,0.696,9,20,281.4,Tuesday,Spring,False
2024-05-07,PROP006,0.738,7,22,256.63,Tuesday,Spring,False
2024-05-07,PROP007,0.603,11,18,267.37,Tuesday,Spring,False
2024-05-07,PROP008,0.717,8,21,294.2,Tuesday,Spring,False
2024-05-07,PROP009,0.656,10,19,274.1,Tuesday,Spring,False
2024-05-07,PROP010,0.653,10,19,263.77,Tuesday,Spring,False
2024-05-08,PROP001,0.653,10,19,265.33,Wednesday,Spring,False
2024-05-08,PROP002,0.651,10,19,273.43,Wednesday,Spring,False
2024-05-08,PROP003,0.79,6,23,256.73,Wednesday,Spring,False
2024-05-08,PROP004,0.681,9,20,281.1,Wednesday,Spring,False
2024-05-08,PROP005,0.752,7,22,281.4,Wednesday,Spring,False
2024-05-08,PROP006,0.768,6,23,256.63,Wednesday,Spring,False
2024-05-08,PROP007,0.699,9,20,267.37,Wednesday,Spring,False
2024-05-08,PROP008,0.671,9,20,294.2,Wednesday,Spring,False
2024-05-08,PROP009,0.68,9,20,274.1,Wednesday,Spring,False
2024-05-08,PROP010,0.771,6,23,263.77,Wednesday,Spring,False
2024-05-09,PROP001,0.554,13,16,265.33,Thursday,Spring,False
2024-05-09,PROP002,0.569,12,17,273.43,Thursday,Spring,False
2024-05-09,PROP003,0.569,12,17,256.73,Thursday,Spring,False
2024-05-09,PROP004,0.655,10,19,281.1,Thursday,Spring,False
2024-05-09,PROP005,0.569,12,17,281.4,Thursday,Spring,False
2024-05-09,PROP006,0.562,13,16,256.63,Thursday,Spring,False
2024-05-09,PROP007,0.66,10,19,267.37,Thursday,Spring,False
2024-05-09,PROP008,0.799,6,23,294.2,Thursday,Spring,False
2024-05-09,PROP009,0.724,8,21,274.1,Thursday,Spring,False
2024-05-09,PROP010,0.78,6,23,263.77,Thursday,Spring,False
2024-05-10,PROP001,0.841,4,25,265.33,Friday,Spring,False
2024-05-10,PROP002,0.601,11,18,273.43,Friday,Spring,False
2024-05-10,PROP003,0.492,15,14,256.73,Friday,Spring,False
2024-05-10,PROP004,0.621,11,18,281.1,Friday,Spring,False
2024-05-10,PROP005,0.83,5,24,281.4,Friday,Spring,False
2024-05-10,PROP006,0.451,16,13,256.63,Friday,Spring,False
2024-05-10,PROP007,0.931,2,27,267.37,Friday,Spring,False
2024-05-10,PROP008,0.848,4,25,294.2,Friday,Spring,False
2024-05-10,PROP009,0.95,1,28,274.1,Friday,Spring,False
2024-05-10,PROP010,0.95,1,28,263.77,Friday,Spring,False
2024-05-11,PROP001,0.916,2,27,265.33,Saturday,Spring,True
2024-05-11,PROP002,0.93,2,27,273.43,Saturday,Spring,True
2024-05-11,PROP003,0.789,6,23,256.73,Saturday,Spring,True
2024-05-11,PROP004,0.788,6,23,281.1,Saturday,Spring,True
2024-05-11,PROP005,0.898,3,26,281.4,Saturday,Spring,True
2024-05-11,PROP006,0.746,7,22,256.63,Saturday,Spring,True
2024-05-11,PROP007,0.793,6,23,267.37,Saturday,Spring,True
2024-05-11,PROP008,0.856,4,25,294.2,Saturday,Spring,True
2024-05-11,PROP009,0.93,2,27,274.1,Saturday,Spring,True
2024-05-11,PROP010,0.901,2,27,263.77,Saturday,Spring,True
2024-05-12,PROP001,0.905,2,27,265.33,Sunday,Spring,True
2024-05-12,PROP002,0.518,14,15,273.43,Sunday,Spring,True
2024-05-12,PROP003,0.6,12,17,256.73,Sunday,Spring,True
2024-05-12,PROP004,0.644,10,19,281.1,Sunday,Spring,True
2024-05-12,PROP005,0.803,5,24,281.4,Sunday,Spring,True
2024-05-12,PROP006,0.457,16,13,256.63,Sunday,Spring,True
2024-05-12,PROP007,0.762,7,22,267.37,Sunday,Spring,True
2024-05-12,PROP008,0.899,3,26,294.2,Sunday,Spring,True
2024-05-12,PROP009,0.877,3,26,274.1,Sunday,Spring,True
2024-05-12,PROP010,0.919,2,27,263.77,Sunday,Spring,True
2024-05-13,PROP001,0.461,16,13,265.33,Monday,Spring,False
2024-05-13,PROP002,0.752,7,22,273.43,Monday,Spring,False
2024-05-13,PROP003,0.743,7,22,256.73,Monday,Spring,False
2024-05-13,PROP004,0.693,9,20,281.1,Monday,Spring,False
2024-05-13,PROP005,0.903,2,27,281.4,Monday,Spring,False
2024-05-13,PROP006,0.549,13,16,256.63,Monday,Spring,False
2024-05-13,PROP007,0.617,11,18,267.37,Monday,Spring,False
2024-05-13,PROP008,0.8,6,23,294.2,Monday,Spring,False
2024-05-13,PROP009,0.771,6,23,274.1,Monday,Spring,False
2024-05-13,PROP010,0.722,8,21,263.77,Monday,Spring,False
2024-05-14,PROP001,0.599,12,17,265.33,Tuesday,Spring,False
2024-05-14,PROP002,0.707,8,21,273.43,Tuesday,Spring,False
2024-05-14,PROP003,0.875,3,26,256.73,Tuesday,Spring,False
2024-05-14,PROP004,0.779,6,23,281.1,Tuesday,Spring,False
2024-05-14,PROP005,0.542,13,16,281.4,Tuesday,Spring,False
2024-05-14,PROP006,0.689,9,20,256.63,Tuesday,Spring,False
2024-05-14,PROP007,0.604,11,18,267.37,Tuesday,Spring,False
2024-05-14,PROP008,0.901,2,27,294.2,Tuesday,Spring,False
2024-05-14,PROP009,0.443,16,13,274.1,Tuesday,Spring,False
2024-05-14,PROP010,0.739,7,22,263.77,Tuesday,Spring,False
2024-05-15,PROP001,0.65,10,19,265.33,Wednesday,Spring,False
2024-05-15,PROP002,0.61,11,18,273.43,Wednesday,Spring,False
2024-05-15,PROP003,0.736,7,22,256.73,Wednesday,Spring,False
2024-05-15,PROP004,0.968,0,29,281.1,Wednesday,Spring,False
2024-05-15,PROP005,0.466,16,13,281.4,Wednesday,Spring,False
2024-05-15,PROP006,0.569,12,17,256.63,Wednesday,Spring,False
2024-05-15,PROP007,0.678,9,20,267.37,Wednesday,Spring,False
2024-05-15,PROP008,0.601,11,18,294.2,Wednesday,Spring,False
2024-05-15,PROP009,0.895,3,26,274.1,Wednesday,Spring,False
2024-05-15,PROP010,0.577,12,17,263.77,Wednesday,Spring,False
2024-05-16,PROP001,0.647,10,19,265.33,Thursday,Spring,False
2024-05-16,PROP002,0.589,12,17,273.43,Thursday,Spring,False
2024-05-16,PROP003,0.437,16,13,256.73,Thursday,Spring,False
2024-05-16,PROP004,0.538,13,16,281.1,Thursday,Spring,False
2024-05-16,PROP005,0.78,6,23,281.4,Thursday,Spring,False
2024-05-16,PROP006,0.685,9,20,256.63,Thursday,Spring,False
2024-05-16,PROP007,0.752,7,22,267.37,Thursday,Spring,False
2024-05-16,PROP008,0.608,11,18,294.2,Thursday,Spring,False
2024-05-16,PROP009,0.833,5,24,274.1,Thursday,Spring,False
2024-05-16,PROP010,0.491,15,14,263.77,Thursday,Spring,False
2024-05-17,PROP001,0.95,1,28,265.33,Friday,Spring,False
2024-05-17,PROP002,0.524,14,15,273.43,Friday,Spring,False
2024-05-17,PROP003,0.773,6,23,256.73,Friday,Spring,False
2024-05-17,PROP004,0.895,3,26,281.1,Friday,Spring,False
2024-05-17,PROP005,0.95,1,28,281.4,Friday,Spring,False
2024-05-17,PROP006,0.588,12,17,256.63,Friday,Spring,False
2024-05-17,PROP007,0.95,1,28,267.37,Friday,Spring,False
2024-05-17,PROP008,0.759,7,22,294.2,Friday,Spring,False
2024-05-17,PROP009,0.468,15,14,274.1,Friday,Spring,False
2024-05-17,PROP010,0.926,2,27,263.77,Friday,Spring,False
2024-05-18,PROP001,0.793,6,23,265.33,Saturday,Spring,True
2024-05-18,PROP002,0.613,11,18,273.43,Saturday,Spring,True
2024-05-18,PROP003,0.851,4,25,256.73,Saturday,Spring,True
2024-05-18,PROP004,0.69,9,20,281.1,Saturday,Spring,True
2024-05-18,PROP005,0.95,1,28,281.4,Saturday,Spring,True
2024-05-18,PROP006,0.822,5,24,256.63,Saturday,Spring,True
2024-05-18,PROP007,0.704,8,21,267.37,Saturday,Spring,True
2024-05-18,PROP008,0.95,1,28,294.2,Saturday,Spring,True
2024-05-18,PROP009,0.886,3,26,274.1,Saturday,Spring,True
2024-05-18,PROP010,0.95,1,28,263.77,Saturday,Spring,True
2024-05-19,PROP001,0.797,6,23,265.33,Sunday,Spring,True
2024-05-19,PROP002,0.602,11,18,273.43,Sunday,Spring,True
2024-05-19,PROP003,0.925,2,27,256.73,Sunday,Spring,True
2024-05-19,PROP004,0.847,4,25,281.1,Sunday,Spring,True
2024-05-19,PROP005,0.626,11,18,281.4,Sunday,Spring,True
2024-05-19,PROP006,0.818,5,24,256.63,Sunday,Spring,True
2024-05-19,PROP007,0.586,12,17,267.37,Sunday,Spring,True
2024-05-19,PROP008,0.834,4,25,294.2,Sunday,Spring,True
2024-05-19,PROP009,0.575,12,17,274.1,Sunday,Spring,True
2024-05-19,PROP010,0.815,5,24,263.77,Sunday,Spring,True
2024-05-20,PROP001,0.79,6,23,265.33,Monday,Spring,False
2024-05-20,PROP002,0.752,7,22,273.43,Monday,Spring,False
2024-05-20,PROP003,0.677,9,20,256.73,Monday,Spring,False
2024-05-20,PROP004,0.835,4,25,281.1,Monday,Spring,False
2024-05-20,PROP005,0.833,5,24,281.4,Monday,Spring,False
2024-05-20,PROP006,0.566,13,16,256.63,Monday,Spring,False
2024-05-20,PROP007,0.532,14,15,267.37,Monday,Spring,False
2024-05-20,PROP008,0.612,11,18,294.2,Monday,Spring,False
2024-05-20,PROP009,0.784,6,23,274.1,Monday,Spring,False
2024-05-20,PROP010,0.857,4,25,263.77,Monday,Spring,False
2024-05-21,PROP001,0.768,6,23,265.33,Tuesday,Spring,False
2024-05-21,PROP002,0.718,8,21,273.43,Tuesday,Spring,False
2024-05-21,PROP003,0.862,4,25,256.73,Tuesday,Spring,False
2024-05-21,PROP004,0.555,13,16,281.1,Tuesday,Spring,False
2024-05-21,PROP005,0.702,8,21,281.4,Tuesday,Spring,False
2024-05-21,PROP006,0.751,7,22,256.63,Tuesday,Spring,False
2024-05-21,PROP007,0.819,5,24,267.37,Tuesday,Spring,False
2024-05-21,PROP008,0.875,3,26,294.2,Tuesday,Spring,False
2024-05-21,PROP009,0.736,7,22,274.1,Tuesday,Spring,False
2024-05-21,PROP010,0.781,6,23,263.77,Tuesday,Spring,False
2024-05-22,PROP001,0.781,6,23,265.33,Wednesday,Spring,False
2024-05-22,PROP002,0.686,9,20,273.43,Wednesday,Spring,False
2024-05-22,PROP003,0.586,12,17,256.73,Wednesday,Spring,False
2024-05-22,PROP004,0.645,10,19,281.1,Wednesday,Spring,False
2024-05-22,PROP005,0.753,7,22,281.4,Wednesday,Spring,False
2024-05-22,PROP006,0.665,10,19,256.63,Wednesday,Spring,False
2024-05-22,PROP007,0.806,5,24,267.37,Wednesday,Spring,False
2024-05-22,PROP008,0.541,13,16,294.2,Wednesday,Spring,False
2024-05-22,PROP009,0.69,9,20,274.1,Wednesday,Spring,False
2024-05-22,PROP010,0.414,17,12,263.77,Wednesday,Spring,False
2024-05-23,PROP001,0.437,16,13,265.33,Thursday,Spring,False
2024-05-23,PROP002,0.944,1,28,273.43,Thursday,Spring,False
2024-05-23,PROP003,0.861,4,25,256.73,Thursday,Spring,False
2024-05-23,PROP004,0.795,6,23,281.1,Thursday,Spring,False
2024-05-23,PROP005,0.785,6,23,281.4,Thursday,Spring,False
2024-05-23,PROP006,0.934,1,28,256.63,Thursday,Spring,False
2024-05-23,PROP007,0.655,10,19,267.37,Thursday,Spring,False
2024-05-23,PROP008,0.909,2,27,294.2,Thursday,Spring,False
2024-05-23,PROP009,0.495,15,14,274.1,Thursday,Spring,False
2024-05-23,PROP010,0.764,7,22,263.77,Thursday,Spring,False
2024-05-24,PROP001,0.736,7,22,265.33,Friday,Spring,False
2024-05-24,PROP002,0.748,7,22,273.43,Friday,Spring,False
2024-05-24,PROP003,0.82,5,24,256.73,Friday,Spring,False
2024-05-24,PROP004,0.545,13,16,281.1,Friday,Spring,False
2024-05-24,PROP005,0.772,6,23,281.4,Friday,Spring,False
2024-05-24,PROP006,0.476,15,14,256.63,Friday,Spring,False
2024-05-24,PROP007,0.86,4,25,267.37,Friday,Spring,False
2024-05-24,PROP008,0.742,7,22,294.2,Friday,Spring,False
2024-05-24,PROP009,0.84,4,25,274.1,Friday,Spring,False
2024-05-24,PROP010,0.646,10,19,263.77,Friday,Spring,False
2024-05-25,PROP001,0.673,9,20,265.33,Saturday,Spring,True
2024-05-25,PROP002,0.95,1,28,273.43,Saturday,Spring,True
2024-05-25,PROP003,0.507,14,15,256.73,Saturday,Spring,True
2024-05-25,PROP004,0.95,1,28,281.1,Saturday,Spring,True
2024-05-25,PROP005,0.58,12,17,281.4,Saturday,Spring,True
2024-05-25,PROP006,0.774,6,23,256.63,Saturday,Spring,True
2024-05-25,PROP007,0.95,1,28,267.37,Saturday,Spring,True
2024-05-25,PROP008,0.875,3,26,294.2,Saturday,Spring,True
2024-05-25,PROP009,0.823,5,24,274.1,Saturday,Spring,True
2024-05-25,PROP010,0.477,15,14,263.77,Saturday,Spring,True
2024-05-26,PROP001,0.827,5,24,265.33,Sunday,Spring,True
2024-05-26,PROP002,0.368,18,11,273.43,Sunday,Spring,True
2024-05-26,PROP003,0.771,6,23,256.73,Sunday,Spring,True
2024-05-26,PROP004,0.95,1,28,281.1,Sunday,Spring,True
2024-05-26,PROP005,0.914,2,27,281.4,Sunday,Spring,True
2024-05-26,PROP006,0.613,11,18,256.63,Sunday,Spring,True
2024-05-26,PROP007,0.844,4,25,267.37,Sunday,Spring,True
2024-05-26,PROP008,0.747,7,22,294.2,Sunday,Spring,True
2024-05-26,PROP009,0.95,1,28,274.1,Sunday,Spring,True
2024-05-26,PROP010,0.95,1,28,263.77,Sunday,Spring,True
2024-05-27,PROP001,0.887,3,26,265.33,Monday,Spring,False
2024-05-27,PROP002,0.743,7,22,273.43,Monday,Spring,False
2024-05-27,PROP003,0.541,13,16,256.73,Monday,Spring,False
2024-05-27,PROP004,0.642,10,19,281.1,Monday,Spring,False
2024-05-27,PROP005,0.875,3,26,281.4,Monday,Spring,False
2024-05-27,PROP006,0.716,8,21,256.63,Monday,Spring,False
2024-05-27,PROP007,0.796,6,23,267.37,Monday,Spring,False
2024-05-27,PROP008,0.913,2,27,294.2,Monday,Spring,False
2024-05-27,PROP009,0.798,6,23,274.1,Monday,Spring,False
2024-05-27,PROP010,0.686,9,20,263.77,Monday,Spring,False
2024-05-28,PROP001,0.66,10,19,265.33,Tuesday,Spring,False
2024-05-28,PROP002,0.502,14,15,273.43,Tuesday,Spring,False
2024-05-28,PROP003,0.732,8,21,256.73,Tuesday,Spring,False
2024-05-28,PROP004,0.493,15,14,281.1,Tuesday,Spring,False
2024-05-28,PROP005,0.866,4,25,281.4,Tuesday,Spring,False
2024-05-28,PROP006,0.88,3,26,256.63,Tuesday,Spring,False
2024-05-28,PROP007,0.783,6,23,267.37,Tuesday,Spring,False
2024-05-28,PROP008,0.691,9,20,294.2,Tuesday,Spring,False
2024-05-28,PROP009,0.432,17,12,274.1,Tuesday,Spring,False
2024-05-28,PROP010,0.744,7,22,263.77,Tuesday,Spring,False
2024-05-29,PROP001,0.532,14,15,265.33,Wednesday,Spring,False
2024-05-29,PROP002,0.565,13,16,273.43,Wednesday,Spring,False
2024-05-29,PROP003,0.731,8,21,256.73,Wednesday,Spring,False
2024-05-29,PROP004,0.621,11,18,281.1,Wednesday,Spring,False
2024-05-29,PROP005,0.813,5,24,281.4,Wednesday,Spring,False
2024-05-29,PROP006,0.695,9,20,256.63,Wednesday,Spring,False
2024-05-29,PROP007,0.895,3,26,267.37,Wednesday,Spring,False
2024-05-29,PROP008,0.703,8,21,294.2,Wednesday,Spring,False
2024-05-29,PROP009,0.631,11,18,274.1,Wednesday,Spring,False
2024-05-29,PROP010,0.712,8,21,263.77,Wednesday,Spring,False
2024-05-30,PROP001,0.787,6,23,265.33,Thursday,Spring,False
2024-05-30,PROP002,0.836,4,25,273.43,Thursday,Spring,False
2024-05-30,PROP003,0.727,8,21,256.73,Thursday,Spring,False
2024-05-30,PROP004,0.329,20,9,281.1,Thursday,Spring,False
2024-05-30,PROP005,0.632,11,18,281.4,Thursday,Spring,False
2024-05-30,PROP006,0.726,8,21,256.63,Thursday,Spring,False
2024-05-30,PROP007,0.524,14,15,267.37,Thursday,Spring,False
2024-05-30,PROP008,0.793,6,23,294.2,Thursday,Spring,False
2024-05-30,PROP009,0.779,6,23,274.1,Thursday,Spring,False
2024-05-30,PROP010,0.509,14,15,263.77,Thursday,Spring,False
2024-05-31,PROP001,0.675,9,20,265.33,Friday,Spring,False
2024-05-31,PROP002,0.862,4,25,273.43,Friday,Spring,False
2024-05-31,PROP003,0.862,4,25,256.73,Friday,Spring,False
2024-05-31,PROP004,0.95,1,28,281.1,Friday,Spring,False
2024-05-31,PROP005,0.504,14,15,281.4,Friday,Spring,False
2024-05-31,PROP006,0.844,4,25,256.63,Friday,Spring,False
2024-05-31,PROP007,0.872,3,26,267.37,Friday,Spring,False
2024-05-31,PROP008,0.807,5,24,294.2,Friday,Spring,False
2024-05-31,PROP009,0.768,6,23,274.1,Friday,Spring,False
2024-05-31,PROP010,0.95,1,28,263.77,Friday,Spring,False
2024-06-01,PROP001,0.95,1,28,318.4,Saturday,Summer,True
2024-06-01,PROP002,0.95,1,28,328.12,Saturday,Summer,True
2024-06-01,PROP003,0.95,1,28,308.08,Saturday,Summer,True
2024-06-01,PROP004,0.95,1,28,337.32,Saturday,Summer,True
2024-06-01,PROP005,0.909,2,27,337.68,Saturday,Summer,True
2024-06-01,PROP006,0.869,3,26,307.96,Saturday,Summer,True
2024-06-01,PROP007,0.95,1,28,320.84,Saturday,Summer,True
2024-06-01,PROP008,0.665,10,19,353.04,Saturday,Summer,True
2024-06-01,PROP009,0.95,1,28,328.92,Saturday,Summer,True
2024-06-01,PROP010,0.725,8,21,316.52,Saturday,Summer,True
2024-06-02,PROP001,0.799,6,23,318.4,Sunday,Summer,True
2024-06-02,PROP002,0.95,1,28,328.12,Sunday,Summer,True
2024-06-02,PROP003,0.95,1,28,308.08,Sunday,Summer,True
2024-06-02,PROP004,0.395,18,11,337.32,Sunday,Summer,True
2024-06-02,PROP005,0.95,1,28,337.68,Sunday,Summer,True
2024-06-02,PROP006,0.779,6,23,307.96,Sunday,Summer,True
2024-06-02,PROP007,0.95,1,28,320.84,Sunday,Summer,True
2024-06-02,PROP008,0.74,7,22,353.04,Sunday,Summer,True
2024-06-02,PROP009,0.95,1,28,328.92,Sunday,Summer,True
2024-06-02,PROP010,0.656,10,19,316.52,Sunday,Summer,True
2024-06-03,PROP001,0.95,1,28,318.4,Monday,Summer,False
2024-06-03,PROP002,0.95,1,28,328.12,Monday,Summer,False
2024-06-03,PROP003,0.95,1,28,308.08,Monday,Summer,False
2024-06-03,PROP004,0.95,1,28,337.32,Monday,Summer,False
2024-06-03,PROP005,0.811,5,24,337.68,Monday,Summer,False
2024-06-03,PROP006,0.716,8,21,307.96,Monday,Summer,False
2024-06-03,PROP007,0.95,1,28,320.84,Monday,Summer,False
2024-06-03,PROP008,0.95,1,28,353.04,Monday,Summer,False
2024-06-03,PROP009,0.95,1,28,328.92,Monday,Summer,False
2024-06-03,PROP010,0.95,1,28,316.52,Monday,Summer,False
2024-06-04,PROP001,0.821,5,24,318.4,Tuesday,Summer,False
2024-06-04,PROP002,0.924,2,27,328.12,Tuesday,Summer,False
2024-06-04,PROP003,0.95,1,28,308.08,Tuesday,Summer,False
2024-06-04,PROP004,0.515,14,15,337.32,Tuesday,Summer,False
2024-06-04,PROP005,0.912,2,27,337.68,Tuesday,Summer,False
2024-06-04,PROP006,0.88,3,26,307.96,Tuesday,Summer,False
2024-06-04,PROP007,0.716,8,21,320.84,Tuesday,Summer,False
2024-06-04,PROP008,0.95,1,28,353.04,Tuesday,Summer,False
2024-06-04,PROP009,0.488,15,14,328.92,Tuesday,Summer,False
2024-06-04,PROP010,0.95,1,28,316.52,Tuesday,Summer,False
2024-06-05,PROP001,0.887,3,26,318.4,Wednesday,Summer,False
2024-06-05,PROP002,0.947,1,28,328.12,Wednesday,Summer,False
2024-06-05,PROP003,0.925,2,27,308.08,Wednesday,Summer,False
2024-06-05,PROP004,0.85,4,25,337.32,Wednesday,Summer,False
2024-06-05,PROP005,0.826,5,24,337.68,Wednesday,Summer,False
2024-06-05,PROP006,0.765,7,22,307.96,Wednesday,Summer,False
2024-06-05,PROP007,0.95,1,28,320.84,Wednesday,Summer,False
2024-06-05,PROP008,0.623,11,18,353.04,Wednesday,Summer,False
2024-06-05,PROP009,0.95,1,28,328.92,Wednesday,Summer,False
2024-06-05,PROP010,0.918,2,27,316.52,Wednesday,Summer,False
2024-06-06,PROP001,0.891,3,26,318.4,Thursday,Summer,False
2024-06-06,PROP002,0.896,3,26,328.12,Thursday,Summer,False
2024-06-06,PROP003,0.702,8,21,308.08,Thursday,Summer,False
2024-06-06,PROP004,0.8,5,24,337.32,Thursday,Summer,False
2024-06-06,PROP005,0.95,1,28,337.68,Thursday,Summer,False
2024-06-06,PROP006,0.95,1,28,307.96,Thursday,Summer,False
2024-06-06,PROP007,0.95,1,28,320.84,Thursday,Summer,False
2024-06-06,PROP008,0.818,5,24,353.04,Thursday,Summer,False
2024-06-06,PROP009,0.856,4,25,328.92,Thursday,Summer,False
2024-06-06,PROP010,0.736,7,22,316.52,Thursday,Summer,False
2024-06-07,PROP001,0.86,4,25,318.4,Friday,Summer,False
2024-06-07,PROP002,0.95,1,28,328.12,Friday,Summer,False
2024-06-07,PROP003,0.95,1,28,308.08,Friday,Summer,False
2024-06-07,PROP004,0.95,1,28,337.32,Friday,Summer,False
2024-06-07,PROP005,0.95,1,28,337.68,Friday,Summer,False
2024-06-07,PROP006,0.668,9,20,307.96,Friday,Summer,False
2024-06-07,PROP007,0.95,1,28,320.84,Friday,Summer,False
2024-06-07,PROP008,0.928,2,27,353.04,Friday,Summer,False
2024-06-07,PROP009,0.95,1,28,328.92,Friday,Summer,False
2024-06-07,PROP010,0.95,1,28,316.52,Friday,Summer,False
2024-06-08,PROP001,0.889,3,26,318.4,Saturday,Summer,True
2024-06-08,PROP002,0.692,9,20,328.12,Saturday,Summer,True
2024-06-08,PROP003,0.928,2,27,308.08,Saturday,Summer,True
2024-06-08,PROP004,0.9,2,27,337.32,Saturday,Summer,True
2024-06-08,PROP005,0.95,1,28,337.68,Saturday,Summer,True
2024-06-08,PROP006,0.95,1,28,307.96,Saturday,Summer,True
2024-06-08,PROP007,0.864,4,25,320.84,Saturday,Summer,True
2024-06-08,PROP008,0.95,1,28,353.04,Saturday,Summer,True
2024-06-08,PROP009,0.95,1,28,328.92,Saturday,Summer,True
2024-06-08,PROP010,0.95,1,28,316.52,Saturday,Summer,True
2024-06-09,PROP001,0.95,1,28,318.4,Sunday,Summer,True
2024-06-09,PROP002,0.95,1,28,328.12,Sunday,Summer,True
2024-06-09,PROP003,0.95,1,28,308.08,Sunday,Summer,True
2024-06-09,PROP004,0.95,1,28,337.32,Sunday,Summer,True
2024-06-09,PROP005,0.95,1,28,337.68,Sunday,Summer,True
2024-06-09,PROP006,0.95,1,28,307.96,Sunday,Summer,True
2024-06-09,PROP007,0.95,1,28,320.84,Sunday,Summer,True
2024-06-09,PROP008,0.95,1,28,353.04,Sunday,Summer,True
2024-06-09,PROP009,0.95,1,28,328.92,Sunday,Summer,True
2024-06-09,PROP010,0.4,17,12,316.52,Sunday,Summer,True
2024-06-10,PROP001,0.677,9,20,318.4,Monday,Summer,False
2024-06-10,PROP002,0.872,3,26,328.12,Monday,Summer,False
2024-06-10,PROP003,0.95,1,28,308.08,Monday,Summer,False
2024-06-10,PROP004,0.669,9,20,337.32,Monday,Summer,False
2024-06-10,PROP005,0.904,2,27,337.68,Monday,Summer,False
2024-06-10,PROP006,0.95,1,28,307.96,Monday,Summer,False
2024-06-10,PROP007,0.85,4,25,320.84,Monday,Summer,False
2024-06-10,PROP008,0.95,1,28,353.04,Monday,Summer,False
2024-06-10,PROP009,0.831,5,24,328.92,Monday,Summer,False
2024-06-10,PROP010,0.917,2,27,316.52,Monday,Summer,False
2024-06-11,PROP001,0.673,9,20,318.4,Tuesday,Summer,False
2024-06-11,PROP002,0.95,1,28,328.12,Tuesday,Summer,False
2024-06-11,PROP003,0.95,1,28,308.08,Tuesday,Summer,False
2024-06-11,PROP004,0.901,2,27,337.32,Tuesday,Summer,False
2024-06-11,PROP005,0.919,2,27,337.68,Tuesday,Summer,False
2024-06-11,PROP006,0.665,10,19,307.96,Tuesday,Summer,False
2024-06-11,PROP007,0.746,7,22,320.84,Tuesday,Summer,False
2024-06-11,PROP008,0.95,1,28,353.04,Tuesday,Summer,False
2024-06-11,PROP009,0.95,1,28,328.92,Tuesday,Summer,False
2024-06-11,PROP010,0.95,1,28,316.52,Tuesday,Summer,False
2024-06-12,PROP001,0.802,5,24,318.4,Wednesday,Summer,False
2024-06-12,PROP002,0.904,2,27,328.12,Wednesday,Summer,False
2024-06-12,PROP003,0.95,1,28,308.08,Wednesday,Summer,False
2024-06-12,PROP004,0.915,2,27,337.32,Wednesday,Summer,False
2024-06-12,PROP005,0.732,8,21,337.68,Wednesday,Summer,False
2024-06-12,PROP006,0.873,3,26,307.96,Wednesday,Summer,False
2024-06-12,PROP007,0.811,5,24,320.84,Wednesday,Summer,False
2024-06-12,PROP008,0.689,9,20,353.04,Wednesday,Summer,False
2024-06-12,PROP009,0.95,1,28,328.92,Wednesday,Summer,False
2024-06-12,PROP010,0.85,4,25,316.52,Wednesday,Summer,False
2024-06-13,PROP001,0.95,1,28,318.4,Thursday,Summer,False
2024-06-13,PROP002,0.95,1,28,328.12,Thursday,Summer,False
2024-06-13,PROP003,0.678,9,20,308.08,Thursday,Summer,False
2024-06-13,PROP004,0.492,15,14,337.32,Thursday,Summer,False
2024-06-13,PROP005,0.744,7,22,337.68,Thursday,Summer,False
2024-06-13,PROP006,0.801,5,24,307.96,Thursday,Summer,False
2024-06-13,PROP007,0.95,1,28,320.84,Thursday,Summer,False
2024-06-13,PROP008,0.95,1,28,353.04,Thursday,Summer,False
2024-06-13,PROP009,0.95,1,28,328.92,Thursday,Summer,False
2024-06-13,PROP010,0.855,4,25,316.52,Thursday,Summer,False
2024-06-14,PROP001,0.95,1,28,318.4,Friday,Summer,False
2024-06-14,PROP002,0.95,1,28,328.12,Friday,Summer,False
2024-06-14,PROP003,0.95,1,28,308.08,Friday,Summer,False
2024-06-14,PROP004,0.95,1,28,337.32,Friday,Summer,False
2024-06-14,PROP005,0.95,1,28,337.68,Friday,Summer,False
2024-06-14,PROP006,0.95,1,28,307.96,Friday,Summer,False
2024-06-14,PROP007,0.95,1,28,320.84,Friday,Summer,False
2024-06-14,PROP008,0.95,1,28,353.04,Friday,Summer,False
2024-06-14,PROP009,0.879,3,26,328.92,Friday,Summer,False
2024-06-14,PROP010,0.797,6,23,316.52,Friday,Summer,False
2024-06-15,PROP001,0.95,1,28,318.4,Saturday,Summer,True
2024-06-15,PROP002,0.95,1,28,328.12,Saturday,Summer,True
2024-06-15,PROP003,0.95,1,28,308.08,Saturday,Summer,True
2024-06-15,PROP004,0.95,1,28,337.32,Saturday,Summer,True
2024-06-15,PROP005,0.95,1,28,337.68,Saturday,Summer,True
2024-06-15,PROP006,0.95,1,28,307.96,Saturday,Summer,True
2024-06-15,PROP007,0.95,1,28,320.84,Saturday,Summer,True
2024-06-15,PROP008,0.95,1,28,353.04,Saturday,Summer,True
2024-06-15,PROP009,0.95,1,28,328.92,Saturday,Summer,True
2024-06-15,PROP010,0.789,6,23,316.52,Saturday,Summer,True
2024-06-16,PROP001,0.905,2,27,318.4,Sunday,Summer,True
2024-06-16,PROP002,0.95,1,28,328.12,Sunday,Summer,True
2024-06-16,PROP003,0.95,1,28,308.08,Sunday,Summer,True
2024-06-16,PROP004,0.95,1,28,337.32,Sunday,Summer,True
2024-06-16,PROP005,0.95,1,28,337.68,Sunday,Summer,True
2024-06-16,PROP006,0.511,14,15,307.96,Sunday,Summer,True
2024-06-16,PROP007,0.95,1,28,320.84,Sunday,Summer,True
2024-06-16,PROP008,0.95,1,28,353.04,Sunday,Summer,True
2024-06-16,PROP009,0.95,1,28,328.92,Sunday,Summer,True
2024-06-16,PROP010,0.95,1,28,316.52,Sunday,Summer,True
2024-06-17,PROP001,0.568,12,17,318.4,Monday,Summer,False
2024-06-17,PROP002,0.869,3,26,328.12,Monday,Summer,False
2024-06-17,PROP003,0.95,1,28,308.08,Monday,Summer,False
2024-06-17,PROP004,0.95,1,28,337.32,Monday,Summer,False
2024-06-17,PROP005,0.95,1,28,337.68,Monday,Summer,False
2024-06-17,PROP006,0.837,4,25,307.96,Monday,Summer,False
2024-06-17,PROP007,0.769,6,23,320.84,Monday,Summer,False
2024-06-17,PROP008,0.95,1,28,353.04,Monday,Summer,False
2024-06-17,PROP009,0.95,1,28,328.92,Monday,Summer,False
2024-06-17,PROP010,0.903,2,27,316.52,Monday,Summer,False
2024-06-18,PROP001,0.932,2,27,318.4,Tuesday,Summer,False
2024-06-18,PROP002,0.501,14,15,328.12,Tuesday,Summer,False
2024-06-18,PROP003,0.921,2,27,308.08,Tuesday,Summer,False
2024-06-18,PROP004,0.672,9,20,337.32,Tuesday,Summer,False
2024-06-18,PROP005,0.95,1,28,337.68,Tuesday,Summer,False
2024-06-18,PROP006,0.95,1,28,307.96,Tuesday,Summer,False
2024-06-18,PROP007,0.932,2,27,320.84,Tuesday,Summer,False
2024-06-18,PROP008,0.95,1,28,353.04,Tuesday,Summer,False
2024-06-18,PROP009,0.779,6,23,328.92,Tuesday,Summer,False
2024-06-18,PROP010,0.95,1,28,316.52,Tuesday,Summer,False
2024-06-19,PROP001,0.908,2,27,318.4,Wednesday,Summer,False
2024-06-19,PROP002,0.95,1,28,328.12,Wednesday,Summer,False
2024-06-19,PROP003,0.936,1,28,308.08,Wednesday,Summer,False
2024-06-19,PROP004,0.95,1,28,337.32,Wednesday,Summer,False
2024-06-19,PROP005,0.95,1,28,337.68,Wednesday,Summer,False
2024-06-19,PROP006,0.95,1,28,307.96,Wednesday,Summer,False
2024-06-19,PROP007,0.884,3,26,320.84,Wednesday,Summer,False
2024-06-19,PROP008,0.944,1,28,353.04,Wednesday,Summer,False
2024-06-19,PROP009,0.722,8,21,328.92,Wednesday,Summer,False
2024-06-19,PROP010,0.738,7,22,316.52,Wednesday,Summer,False
2024-06-20,PROP001,0.95,1,28,318.4,Thursday,Summer,False
2024-06-20,PROP002,0.863,4,25,328.12,Thursday,Summer,False
2024-06-20,PROP003,0.89,3,26,308.08,Thursday,Summer,False
2024-06-20,PROP004,0.95,1,28,337.32,Thursday,Summer,False
2024-06-20,PROP005,0.95,1,28,337.68,Thursday,Summer,False
2024-06-20,PROP006,0.759,7,22,307.96,Thursday,Summer,False
2024-06-20,PROP007,0.95,1,28,320.84,Thursday,Summer,False
2024-06-20,PROP008,0.95,1,28,353.04,Thursday,Summer,False
2024-06-20,PROP009,0.95,1,28,328.92,Thursday,Summer,False
2024-06-20,PROP010,0.895,3,26,316.52,Thursday,Summer,False
2024-06-21,PROP001,0.95,1,28,318.4,Friday,Summer,False
2024-06-21,PROP002,0.95,1,28,328.12,Friday,Summer,False
2024-06-21,PROP003,0.95,1,28,308.08,Friday,Summer,False
2024-06-21,PROP004,0.95,1,28,337.32,Friday,Summer,False
2024-06-21,PROP005,0.95,1,28,337.68,Friday,Summer,False
2024-06-21,PROP006,0.413,17,12,307.96,Friday,Summer,False
2024-06-21,PROP007,0.95,1,28,320.84,Friday,Summer,False
2024-06-21,PROP008,0.95,1,28,353.04,Friday,Summer,False
2024-06-21,PROP009,0.835,4,25,328.92,Friday,Summer,False
2024-06-21,PROP010,0.95,1,28,316.52,Friday,Summer,False
2024-06-22,PROP001,0.877,3,26,318.4,Saturday,Summer,True
2024-06-22,PROP002,0.858,4,25,328.12,Saturday,Summer,True
2024-06-22,PROP003,0.95,1,28,308.08,Saturday,Summer,True
2024-06-22,PROP004,0.95,1,28,337.32,Saturday,Summer,True
2024-06-22,PROP005,0.95,1,28,337.68,Saturday,Summer,True
2024-06-22,PROP006,0.95,1,28,307.96,Saturday,Summer,True
2024-06-22,PROP007,0.894,3,26,320.84,Saturday,Summer,True
2024-06-22,PROP008,0.95,1,28,353.04,Saturday,Summer,True
2024-06-22,PROP009,0.791,6,23,328.92,Saturday,Summer,True
2024-06-22,PROP010,0.95,1,28,316.52,Saturday,Summer,True
2024-06-23,PROP001,0.679,9,20,318.4,Sunday,Summer,True
2024-06-23,PROP002,0.95,1,28,328.12,Sunday,Summer,True
2024-06-23,PROP003,0.72,8,21,308.08,Sunday,Summer,True
2024-06-23,PROP004,0.911,2,27,337.32,Sunday,Summer,True
2024-06-23,PROP005,0.95,1,28,337.68,Sunday,Summer,True
2024-06-23,PROP006,0.95,1,28,307.96,Sunday,Summer,True
2024-06-23,PROP007,0.95,1,28,320.84,Sunday,Summer,True
2024-06-23,PROP008,0.95,1,28,353.04,Sunday,Summer,True
2024-06-23,PROP009,0.95,1,28,328.92,Sunday,Summer,True
2024-06-23,PROP010,0.95,1,28,316.52,Sunday,Summer,True
2024-06-24,PROP001,0.557,13,16,318.4,Monday,Summer,False
2024-06-24,PROP002,0.95,1,28,328.12,Monday,Summer,False
2024-06-24,PROP003,0.95,1,28,308.08,Monday,Summer,False
2024-06-24,PROP004,0.85,4,25,337.32,Monday,Summer,False
2024-06-24,PROP005,0.95,1,28,337.68,Monday,Summer,False
2024-06-24,PROP006,0.84,4,25,307.96,Monday,Summer,False
2024-06-24,PROP007,0.7,8,21,320.84,Monday,Summer,False
2024-06-24,PROP008,0.95,1,28,353.04,Monday,Summer,False
2024-06-24,PROP009,0.81,5,24,328.92,Monday,Summer,False
2024-06-24,PROP010,0.95,1,28,316.52,Monday,Summer,False
2024-06-25,PROP001,0.95,1,28,318.4,Tuesday,Summer,False
2024-06-25,PROP002,0.95,1,28,328.12,Tuesday,Summer,False
2024-06-25,PROP003,0.778,6,23,308.08,Tuesday,Summer,False
2024-06-25,PROP004,0.773,6,23,337.32,Tuesday,Summer,False
2024-06-25,PROP005,0.95,1,28,337.68,Tuesday,Summer,False
2024-06-25,PROP006,0.95,1,28,307.96,Tuesday,Summer,False
2024-06-25,PROP007,0.95,1,28,320.84,Tuesday,Summer,False
2024-06-25,PROP008,0.95,1,28,353.04,Tuesday,Summer,False
2024-06-25,PROP009,0.933,2,27,328.92,Tuesday,Summer,False
2024-06-25,PROP010,0.95,1,28,316.52,Tuesday,Summer,False
2024-06-26,PROP001,0.926,2,27,318.4,Wednesday,Summer,False
2024-06-26,PROP002,0.95,1,28,328.12,Wednesday,Summer,False
2024-06-26,PROP003,0.95,1,28,308.08,Wednesday,Summer,False
2024-06-26,PROP004,0.81,5,24,337.32,Wednesday,Summer,False
2024-06-26,PROP005,0.918,2,27,337.68,Wednesday,Summer,False
2024-06-26,PROP006,0.672,9,20,307.96,Wednesday,Summer,False
2024-06-26,PROP007,0.95,1,28,320.84,Wednesday,Summer,False
2024-06-26,PROP008,0.95,1,28,353.04,Wednesday,Summer,False
2024-06-26,PROP009,0.95,1,28,328.92,Wednesday,Summer,False
2024-06-26,PROP010,0.95,1,28,316.52,Wednesday,Summer,False
2024-06-27,PROP001,0.476,15,14,318.4,Thursday,Summer,False
2024-06-27,PROP002,0.95,1,28,328.12,Thursday,Summer,False
2024-06-27,PROP003,0.74,7,22,308.08,Thursday,Summer,False
2024-06-27,PROP004,0.95,1,28,337.32,Thursday,Summer,False
2024-06-27,PROP005,0.572,12,17,337.68,Thursday,Summer,False
2024-06-27,PROP006,0.95,1,28,307.96,Thursday,Summer,False
2024-06-27,PROP007,0.921,2,27,320.84,Thursday,Summer,False
2024-06-27,PROP008,0.756,7,22,353.04,Thursday,Summer,False
2024-06-27,PROP009,0.777,6,23,328.92,Thursday,Summer,False
2024-06-27,PROP010,0.753,7,22,316.52,Thursday,Summer,False
2024-06-28,PROP001,0.95,1,28,318.4,Friday,Summer,False
2024-06-28,PROP002,0.95,1,28,328.12,Friday,Summer,False
2024-06-28,PROP003,0.886,3,26,308.08,Friday,Summer,False
2024-06-28,PROP004,0.95,1,28,337.32,Friday,Summer,False
2024-06-28,PROP005,0.95,1,28,337.68,Friday,Summer,False
2024-06-28,PROP006,0.95,1,28,307.96,Friday,Summer,False
2024-06-28,PROP007,0.433,17,12,320.84,Friday,Summer,False
2024-06-28,PROP008,0.87,3,26,353.04,Friday,Summer,False
2024-06-28,PROP009,0.95,1,28,328.92,Friday,Summer,False
2024-06-28,PROP010,0.633,11,18,316.52,Friday,Summer,False
2024-06-29,PROP001,0.658,10,19,318.4,Saturday,Summer,True
2024-06-29,PROP002,0.95,1,28,328.12,Saturday,Summer,True
2024-06-29,PROP003,0.95,1,28,308.08,Saturday,Summer,True
2024-06-29,PROP004,0.95,1,28,337.32,Saturday,Summer,True
2024-06-29,PROP005,0.95,1,28,337.68,Saturday,Summer,True
2024-06-29,PROP006,0.95,1,28,307.96,Saturday,Summer,True
2024-06-29,PROP007,0.95,1,28,320.84,Saturday,Summer,True
2024-06-29,PROP008,0.835,4,25,353.04,Saturday,Summer,True
2024-06-29,PROP009,0.95,1,28,328.92,Saturday,Summer,True
2024-06-29,PROP010,0.95,1,28,316.52,Saturday,Summer,True
2024-06-30,PROP001,0.664,10,19,318.4,Sunday,Summer,True
2024-06-30,PROP002,0.95,1,28,328.12,Sunday,Summer,True
2024-06-30,PROP003,0.95,1,28,308.08,Sunday,Summer,True
2024-06-30,PROP004,0.95,1,28,337.32,Sunday,Summer,True
2024-06-30,PROP005,0.795,6,23,337.68,Sunday,Summer,True
2024-06-30,PROP006,0.95,1,28,307.96,Sunday,Summer,True
2024-06-30,PROP007,0.906,2,27,320.84,Sunday,Summer,True
2024-06-30,PROP008,0.95,1,28,353.04,Sunday,Summer,True
2024-06-30,PROP009,0.95,1,28,328.92,Sunday,Summer,True
2024-06-30,PROP010,0.875,3,26,316.52,Sunday,Summer,True
2024-07-01,PROP001,0.95,1,28,318.4,Monday,Summer,False
2024-07-01,PROP002,0.738,7,22,328.12,Monday,Summer,False
2024-07-01,PROP003,0.919,2,27,308.08,Monday,Summer,False
2024-07-01,PROP004,0.715,8,21,337.32,Monday,Summer,False
2024-07-01,PROP005,0.95,1,28,337.68,Monday,Summer,False
2024-07-01,PROP006,0.849,4,25,307.96,Monday,Summer,False
2024-07-01,PROP007,0.919,2,27,320.84,Monday,Summer,False
2024-07-01,PROP008,0.95,1,28,353.04,Monday,Summer,False
2024-07-01,PROP009,0.771,6,23,328.92,Monday,Summer,False
2024-07-01,PROP010,0.823,5,24,316.52,Monday,Summer,False
2024-07-02,PROP001,0.95,1,28,318.4,Tuesday,Summer,False
2024-07-02,PROP002,0.95,1,28,328.12,Tuesday,Summer,False
2024-07-02,PROP003,0.95,1,28,308.08,Tuesday,Summer,False
2024-07-02,PROP004,0.95,1,28,337.32,Tuesday,Summer,False
2024-07-02,PROP005,0.883,3,26,337.68,Tuesday,Summer,False
2024-07-02,PROP006,0.778,6,23,307.96,Tuesday,Summer,False
2024-07-02,PROP007,0.95,1,28,320.84,Tuesday,Summer,False
2024-07-02,PROP008,0.95,1,28,353.04,Tuesday,Summer,False
2024-07-02,PROP009,0.95,1,28,328.92,Tuesday,Summer,False
2024-07-02,PROP010,0.95,1,28,316.52,Tuesday,Summer,False
2024-07-03,PROP001,0.786,6,23,318.4,Wednesday,Summer,False
2024-07-03,PROP002,0.95,1,28,328.12,Wednesday,Summer,False
2024-07-03,PROP003,0.669,9,20,308.08,Wednesday,Summer,False
2024-07-03,PROP004,0.95,1,28,337.32,Wednesday,Summer,False
2024-07-03,PROP005,0.825,5,24,337.68,Wednesday,Summer,False
2024-07-03,PROP006,0.702,8,21,307.96,Wednesday,Summer,False
2024-07-03,PROP007,0.935,1,28,320.84,Wednesday,Summer,False
2024-07-03,PROP008,0.669,9,20,353.04,Wednesday,Summer,False
2024-07-03,PROP009,0.95,1,28,328.92,Wednesday,Summer,False
2024-07-03,PROP010,0.95,1,28,316.52,Wednesday,Summer,False
2024-07-04,PROP001,0.69,9,20,318.4,Thursday,Summer,False
2024-07-04,PROP002,0.851,4,25,328.12,Thursday,Summer,False
2024-07-04,PROP003,0.746,7,22,308.08,Thursday,Summer,False
2024-07-04,PROP004,0.95,1,28,337.32,Thursday,Summer,False
2024-07-04,PROP005,0.836,4,25,337.68,Thursday,Summer,False
2024-07-04,PROP006,0.95,1,28,307.96,Thursday,Summer,False
2024-07-04,PROP007,0.595,12,17,320.84,Thursday,Summer,False
2024-07-04,PROP008,0.883,3,26,353.04,Thursday,Summer,False
2024-07-04,PROP009,0.95,1,28,328.92,Thursday,Summer,False
2024-07-04,PROP010,0.95,1,28,316.52,Thursday,Summer,False
2024-07-05,PROP001,0.95,1,28,318.4,Friday,Summer,False
2024-07-05,PROP002,0.95,1,28,328.12,Friday,Summer,False
2024-07-05,PROP003,0.95,1,28,308.08,Friday,Summer,False
2024-07-05,PROP004,0.842,4,25,337.32,Friday,Summer,False
2024-07-05,PROP005,0.775,6,23,337.68,Friday,Summer,False
2024-07-05,PROP006,0.95,1,28,307.96,Friday,Summer,False
2024-07-05,PROP007,0.95,1,28,320.84,Friday,Summer,False
2024-07-05,PROP008,0.95,1,28,353.04,Friday,Summer,False
2024-07-05,PROP009,0.95,1,28,328.92,Friday,Summer,False
2024-07-05,PROP010,0.922,2,27,316.52,Friday,Summer,False
2024-07-06,PROP001,0.81,5,24,318.4,Saturday,Summer,True
2024-07-06,PROP002,0.889,3,26,328.12,Saturday,Summer,True
2024-07-06,PROP003,0.95,1,28,308.08,Saturday,Summer,True
2024-07-06,PROP004,0.859,4,25,337.32,Saturday,Summer,True
2024-07-06,PROP005,0.83,5,24,337.68,Saturday,Summer,True
2024-07-06,PROP006,0.95,1,28,307.96,Saturday,Summer,True
2024-07-06,PROP007,0.705,8,21,320.84,Saturday,Summer,True
2024-07-06,PROP008,0.95,1,28,353.04,Saturday,Summer,True
2024-07-06,PROP009,0.95,1,28,328.92,Saturday,Summer,True
2024-07-06,PROP010,0.95,1,28,316.52,Saturday,Summer,True
2024-07-07,PROP001,0.95,1,28,318.4,Sunday,Summer,True
2024-07-07,PROP002,0.95,1,28,328.12,Sunday,Summer,True
2024-07-07,PROP003,0.95,1,28,308.08,Sunday,Summer,True
2024-07-07,PROP004,0.95,1,28,337.32,Sunday,Summer,True
2024-07-07,PROP005,0.95,1,28,337.68,Sunday,Summer,True
2024-07-07,PROP006,0.751,7,22,307.96,Sunday,Summer,True
2024-07-07,PROP007,0.95,1,28,320.84,Sunday,Summer,True
2024-07-07,PROP008,0.84,4,25,353.04,Sunday,Summer,True
2024-07-07,PROP009,0.935,1,28,328.92,Sunday,Summer,True
2024-07-07,PROP010,0.624,11,18,316.52,Sunday,Summer,True
2024-07-08,PROP001,0.892,3,26,318.4,Monday,Summer,False
2024-07-08,PROP002,0.95,1,28,328.12,Monday,Summer,False
2024-07-08,PROP003,0.95,1,28,308.08,Monday,Summer,False
2024-07-08,PROP004,0.821,5,24,337.32,Monday,Summer,False
2024-07-08,PROP005,0.889,3,26,337.68,Monday,Summer,False
2024-07-08,PROP006,0.785,6,23,307.96,Monday,Summer,False
2024-07-08,PROP007,0.904,2,27,320.84,Monday,Summer,False
2024-07-08,PROP008,0.897,3,26,353.04,Monday,Summer,False
2024-07-08,PROP009,0.95,1,28,328.92,Monday,Summer,False
2024-07-08,PROP010,0.871,3,26,316.52,Monday,Summer,False
2024-07-09,PROP001,0.794,6,23,318.4,Tuesday,Summer,False
2024-07-09,PROP002,0.95,1,28,328.12,Tuesday,Summer,False
2024-07-09,PROP003,0.756,7,22,308.08,Tuesday,Summer,False
2024-07-09,PROP004,0.95,1,28,337.32,Tuesday,Summer,False
2024-07-09,PROP005,0.684,9,20,337.68,Tuesday,Summer,False
2024-07-09,PROP006,0.95,1,28,307.96,Tuesday,Summer,False
2024-07-09,PROP007,0.95,1,28,320.84,Tuesday,Summer,False
2024-07-09,PROP008,0.95,1,28,353.04,Tuesday,Summer,False
2024-07-09,PROP009,0.824,5,24,328.92,Tuesday,Summer,False
2024-07-09,PROP010,0.95,1,28,316.52,Tuesday,Summer,False
2024-07-10,PROP001,0.95,1,28,318.4,Wednesday,Summer,False
2024-07-10,PROP002,0.95,1,28,328.12,Wednesday,Summer,False
2024-07-10,PROP003,0.95,1,28,308.08,Wednesday,Summer,False
2024-07-10,PROP004,0.706,8,21,337.32,Wednesday,Summer,False
2024-07-10,PROP005,0.95,1,28,337.68,Wednesday,Summer,False
2024-07-10,PROP006,0.95,1,28,307.96,Wednesday,Summer,False
2024-07-10,PROP007,0.95,1,28,320.84,Wednesday,Summer,False
2024-07-10,PROP008,0.95,1,28,353.04,Wednesday,Summer,False
2024-07-10,PROP009,0.95,1,28,328.92,Wednesday,Summer,False
2024-07-10,PROP010,0.756,7,22,316.52,Wednesday,Summer,False
2024-07-11,PROP001,0.771,6,23,318.4,Thursday,Summer,False
2024-07-11,PROP002,0.95,1,28,328.12,Thursday,Summer,False
2024-07-11,PROP003,0.712,8,21,308.08,Thursday,Summer,False
2024-07-11,PROP004,0.95,1,28,337.32,Thursday,Summer,False
2024-07-11,PROP005,0.783,6,23,337.68,Thursday,Summer,False
2024-07-11,PROP006,0.912,2,27,307.96,Thursday,Summer,False
2024-07-11,PROP007,0.95,1,28,320.84,Thursday,Summer,False
2024-07-11,PROP008,0.746,7,22,353.04,Thursday,Summer,False
2024-07-11,PROP009,0.901,2,27,328.92,Thursday,Summer,False
2024-07-11,PROP010,0.95,1,28,316.52,Thursday,Summer,False
2024-07-12,PROP001,0.95,1,28,318.4,Friday,Summer,False
2024-07-12,PROP002,0.95,1,28,328.12,Friday,Summer,False
2024-07-12,PROP003,0.95,1,28,308.08,Friday,Summer,False
2024-07-12,PROP004,0.732,8,21,337.32,Friday,Summer,False
2024-07-12,PROP005,0.872,3,26,337.68,Friday,Summer,False
2024-07-12,PROP006,0.95,1,28,307.96,Friday,Summer,False
2024-07-12,PROP007,0.95,1,28,320.84,Friday,Summer,False
2024-07-12,PROP008,0.95,1,28,353.04,Friday,Summer,False
2024-07-12,PROP009,0.777,6,23,328.92,Friday,Summer,False
2024-07-12,PROP010,0.95,1,28,316.52,Friday,Summer,False
2024-07-13,PROP001,0.95,1,28,318.4,Saturday,Summer,True
2024-07-13,PROP002,0.832,5,24,328.12,Saturday,Summer,True
2024-07-13,PROP003,0.95,1,28,308.08,Saturday,Summer,True
2024-07-13,PROP004,0.95,1,28,337.32,Saturday,Summer,True
2024-07-13,PROP005,0.95,1,28,337.68,Saturday,Summer,True
2024-07-13,PROP006,0.95,1,28,307.96,Saturday,Summer,True
2024-07-13,PROP007,0.95,1,28,320.84,Saturday,Summer,True
2024-07-13,PROP008,0.95,1,28,353.04,Saturday,Summer,True
2024-07-13,PROP009,0.95,1,28,328.92,Saturday,Summer,True
2024-07-13,PROP010,0.95,1,28,316.52,Saturday,Summer,True
2024-07-14,PROP001,0.896,3,26,318.4,Sunday,Summer,True
2024-07-14,PROP002,0.95,1,28,328.12,Sunday,Summer,True
2024-07-14,PROP003,0.95,1,28,308.08,Sunday,Summer,True
2024-07-14,PROP004,0.95,1,28,337.32,Sunday,Summer,True
2024-07-14,PROP005,0.95,1,28,337.68,Sunday,Summer,True
2024-07-14,PROP006,0.95,1,28,307.96,Sunday,Summer,True
2024-07-14,PROP007,0.452,16,13,320.84,Sunday,Summer,True
2024-07-14,PROP008,0.95,1,28,353.04,Sunday,Summer,True
2024-07-14,PROP009,0.941,1,28,328.92,Sunday,Summer,True
2024-07-14,PROP010,0.95,1,28,316.52,Sunday,Summer,True
2024-07-15,PROP001,0.95,1,28,318.4,Monday,Summer,False
2024-07-15,PROP002,0.95,1,28,328.12,Monday,Summer,False
2024-07-15,PROP003,0.728,8,21,308.08,Monday,Summer,False
2024-07-15,PROP004,0.95,1,28,337.32,Monday,Summer,False
2024-07-15,PROP005,0.859,4,25,337.68,Monday,Summer,False
2024-07-15,PROP006,0.911,2,27,307.96,Monday,Summer,False
2024-07-15,PROP007,0.95,1,28,320.84,Monday,Summer,False
2024-07-15,PROP008,0.796,6,23,353.04,Monday,Summer,False
2024-07-15,PROP009,0.83,5,24,328.92,Monday,Summer,False
2024-07-15,PROP010,0.95,1,28,316.52,Monday,Summer,False
2024-07-16,PROP001,0.536,13,16,318.4,Tuesday,Summer,False
2024-07-16,PROP002,0.95,1,28,328.12,Tuesday,Summer,False
2024-07-16,PROP003,0.549,13,16,308.08,Tuesday,Summer,False
2024-07-16,PROP004,0.681,9,20,337.32,Tuesday,Summer,False
2024-07-16,PROP005,0.501,14,15,337.68,Tuesday,Summer,False
2024-07-16,PROP006,0.544,13,16,307.96,Tuesday,Summer,False
2024-07-16,PROP007,0.95,1,28,320.84,Tuesday,Summer,False
2024-07-16,PROP008,0.95,1,28,353.04,Tuesday,Summer,False
2024-07-16,PROP009,0.768,6,23,328.92,Tuesday,Summer,False
2024-07-16,PROP010,0.95,1,28,316.52,Tuesday,Summer,False
2024-07-17,PROP001,0.95,1,28,318.4,Wednesday,Summer,False
2024-07-17,PROP002,0.95,1,28,328.12,Wednesday,Summer,False
2024-07-17,PROP003,0.908,2,27,308.08,Wednesday,Summer,False
2024-07-17,PROP004,0.95,1,28,337.32,Wednesday,Summer,False
2024-07-17,PROP005,0.822,5,24,337.68,Wednesday,Summer,False
2024-07-17,PROP006,0.904,2,27,307.96,Wednesday,Summer,False
2024-07-17,PROP007,0.512,14,15,320.84,Wednesday,Summer,False
2024-07-17,PROP008,0.776,6,23,353.04,Wednesday,Summer,False
2024-07-17,PROP009,0.617,11,18,328.92,Wednesday,Summer,False
2024-07-17,PROP010,0.744,7,22,316.52,Wednesday,Summer,False
2024-07-18,PROP001,0.95,1,28,318.4,Thursday,Summer,False
2024-07-18,PROP002,0.815,5,24,328.12,Thursday,Summer,False
2024-07-18,PROP003,0.84,4,25,308.08,Thursday,Summer,False
2024-07-18,PROP004,0.95,1,28,337.32,Thursday,Summer,False
2024-07-18,PROP005,0.95,1,28,337.68,Thursday,Summer,False
2024-07-18,PROP006,0.941,1,28,307.96,Thursday,Summer,False
2024-07-18,PROP007,0.842,4,25,320.84,Thursday,Summer,False
2024-07-18,PROP008,0.539,13,16,353.04,Thursday,Summer,False
2024-07-18,PROP009,0.493,15,14,328.92,Thursday,Summer,False
2024-07-18,PROP010,0.95,1,28,316.52,Thursday,Summer,False
2024-07-19,PROP001,0.95,1,28,318.4,Friday,Summer,False
2024-07-19,PROP002,0.95,1,28,328.12,Friday,Summer,False
2024-07-19,PROP003,0.662,10,19,308.08,Friday,Summer,False
2024-07-19,PROP004,0.95,1,28,337.32,Friday,Summer,False
2024-07-19,PROP005,0.95,1,28,337.68,Friday,Summer,False
2024-07-19,PROP006,0.793,6,23,307.96,Friday,Summer,False
2024-07-19,PROP007,0.95,1,28,320.84,Friday,Summer,False
2024-07-19,PROP008,0.95,1,28,353.04,Friday,Summer,False
2024-07-19,PROP009,0.95,1,28,328.92,Friday,Summer,False
2024-07-19,PROP010,0.95,1,28,316.52,Friday,Summer,False
2024-07-20,PROP001,0.95,1,28,318.4,Saturday,Summer,True
2024-07-20,PROP002,0.95,1,28,328.12,Saturday,Summer,True
2024-07-20,PROP003,0.574,12,17,308.08,Saturday,Summer,True
2024-07-20,PROP004,0.95,1,28,337.32,Saturday,Summer,True
2024-07-20,PROP005,0.95,1,28,337.68,Saturday,Summer,True
2024-07-20,PROP006,0.95,1,28,307.96,Saturday,Summer,True
2024-07-20,PROP007,0.814,5,24,320.84,Saturday,Summer,True
2024-07-20,PROP008,0.95,1,28,353.04,Saturday,Summer,True
2024-07-20,PROP009,0.95,1,28,328.92,Saturday,Summer,True
2024-07-20,PROP010,0.95,1,28,316.52,Saturday,Summer,True
2024-07-21,PROP001,0.95,1,28,318.4,Sunday,Summer,True
2024-07-21,PROP002,0.95,1,28,328.12,Sunday,Summer,True
2024-07-21,PROP003,0.95,1,28,308.08,Sunday,Summer,True
2024-07-21,PROP004,0.95,1,28,337.32,Sunday,Summer,True
2024-07-21,PROP005,0.95,1,28,337.68,Sunday,Summer,True
2024-07-21,PROP006,0.95,1,28,307.96,Sunday,Summer,True
2024-07-21,PROP007,0.95,1,28,320.84,Sunday,Summer,True
2024-07-21,PROP008,0.95,1,28,353.04,Sunday,Summer,True
2024-07-21,PROP009,0.95,1,28,328.92,Sunday,Summer,True
2024-07-21,PROP010,0.663,10,19,316.52,Sunday,Summer,True
2024-07-22,PROP001,0.95,1,28,318.4,Monday,Summer,False
2024-07-22,PROP002,0.271,21,8,328.12,Monday,Summer,False
2024-07-22,PROP003,0.524,14,15,308.08,Monday,Summer,False
2024-07-22,PROP004,0.95,1,28,337.32,Monday,Summer,False
2024-07-22,PROP005,0.606,11,18,337.68,Monday,Summer,False
2024-07-22,PROP006,0.934,1,28,307.96,Monday,Summer,False
2024-07-22,PROP007,0.827,5,24,320.84,Monday,Summer,False
2024-07-22,PROP008,0.908,2,27,353.04,Monday,Summer,False
2024-07-22,PROP009,0.95,1,28,328.92,Monday,Summer,False
2024-07-22,PROP010,0.95,1,28,316.52,Monday,Summer,False
2024-07-23,PROP001,0.612,11,18,318.4,Tuesday,Summer,False
2024-07-23,PROP002,0.95,1,28,328.12,Tuesday,Summer,False
2024-07-23,PROP003,0.95,1,28,308.08,Tuesday,Summer,False
2024-07-23,PROP004,0.827,5,24,337.32,Tuesday,Summer,False
2024-07-23,PROP005,0.729,8,21,337.68,Tuesday,Summer,False
2024-07-23,PROP006,0.932,2,27,307.96,Tuesday,Summer,False
2024-07-23,PROP007,0.95,1,28,320.84,Tuesday,Summer,False
2024-07-23,PROP008,0.521,14,15,353.04,Tuesday,Summer,False
2024-07-23,PROP009,0.95,1,28,328.92,Tuesday,Summer,False
2024-07-23,PROP010,0.95,1,28,316.52,Tuesday,Summer,False
2024-07-24,PROP001,0.95,1,28,318.4,Wednesday,Summer,False
2024-07-24,PROP002,0.908,2,27,328.12,Wednesday,Summer,False
2024-07-24,PROP003,0.857,4,25,308.08,Wednesday,Summer,False
2024-07-24,PROP004,0.816,5,24,337.32,Wednesday,Summer,False
2024-07-24,PROP005,0.637,10,19,337.68,Wednesday,Summer,False
2024-07-24,PROP006,0.705,8,21,307.96,Wednesday,Summer,False
2024-07-24,PROP007,0.95,1,28,320.84,Wednesday,Summer,False
2024-07-24,PROP008,0.95,1,28,353.04,Wednesday,Summer,False
2024-07-24,PROP009,0.931,2,27,328.92,Wednesday,Summer,False
2024-07-24,PROP010,0.95,1,28,316.52,Wednesday,Summer,False
2024-07-25,PROP001,0.884,3,26,318.4,Thursday,Summer,False
2024-07-25,PROP002,0.95,1,28,328.12,Thursday,Summer,False
2024-07-25,PROP003,0.92,2,27,308.08,Thursday,Summer,False
2024-07-25,PROP004,0.637,10,19,337.32,Thursday,Summer,False
2024-07-25,PROP005,0.95,1,28,337.68,Thursday,Summer,False
2024-07-25,PROP006,0.95,1,28,307.96,Thursday,Summer,False
2024-07-25,PROP007,0.95,1,28,320.84,Thursday,Summer,False
2024-07-25,PROP008,0.95,1,28,353.04,Thursday,Summer,False
2024-07-25,PROP009,0.95,1,28,328.92,Thursday,Summer,False
2024-07-25,PROP010,0.95,1,28,316.52,Thursday,Summer,False
2024-07-26,PROP001,0.93,2,27,318.4,Friday,Summer,False
2024-07-26,PROP002,0.95,1,28,328.12,Friday,Summer,False
2024-07-26,PROP003,0.95,1,28,308.08,Friday,Summer,False
2024-07-26,PROP004,0.864,4,25,337.32,Friday,Summer,False
2024-07-26,PROP005,0.95,1,28,337.68,Friday,Summer,False
2024-07-26,PROP006,0.95,1,28,307.96,Friday,Summer,False
2024-07-26,PROP007,0.95,1,28,320.84,Friday,Summer,False
2024-07-26,PROP008,0.95,1,28,353.04,Friday,Summer,False
2024-07-26,PROP009,0.95,1,28,328.92,Friday,Summer,False
2024-07-26,PROP010,0.944,1,28,316.52,Friday,Summer,False
2024-07-27,PROP001,0.722,8,21,318.4,Saturday,Summer,True
2024-07-27,PROP002,0.95,1,28,328.12,Saturday,Summer,True
2024-07-27,PROP003,0.95,1,28,308.08,Saturday,Summer,True
2024-07-27,PROP004,0.918,2,27,337.32,Saturday,Summer,True
2024-07-27,PROP005,0.95,1,28,337.68,Saturday,Summer,True
2024-07-27,PROP006,0.778,6,23,307.96,Saturday,Summer,True
2024-07-27,PROP007,0.95,1,28,320.84,Saturday,Summer,True
2024-07-27,PROP008,0.95,1,28,353.04,Saturday,Summer,True
2024-07-27,PROP009,0.95,1,28,328.92,Saturday,Summer,True
2024-07-27,PROP010,0.95,1,28,316.52,Saturday,Summer,True
2024-07-28,PROP001,0.812,5,24,318.4,Sunday,Summer,True
2024-07-28,PROP002,0.95,1,28,328.12,Sunday,Summer,True
2024-07-28,PROP003,0.838,4,25,308.08,Sunday,Summer,True
2024-07-28,PROP004,0.649,10,19,337.32,Sunday,Summer,True
2024-07-28,PROP005,0.907,2,27,337.68,Sunday,Summer,True
2024-07-28,PROP006,0.95,1,28,307.96,Sunday,Summer,True
2024-07-28,PROP007,0.95,1,28,320.84,Sunday,Summer,True
2024-07-28,PROP008,0.95,1,28,353.04,Sunday,Summer,True
2024-07-28,PROP009,0.95,1,28,328.92,Sunday,Summer,True
2024-07-28,PROP010,0.95,1,28,316.52,Sunday,Summer,True
2024-07-29,PROP001,0.613,11,18,318.4,Monday,Summer,False
2024-07-29,PROP002,0.875,3,26,328.12,Monday,Summer,False
2024-07-29,PROP003,0.95,1,28,308.08,Monday,Summer,False
2024-07-29,PROP004,0.95,1,28,337.32,Monday,Summer,False
2024-07-29,PROP005,0.87,3,26,337.68,Monday,Summer,False
2024-07-29,PROP006,0.95,1,28,307.96,Monday,Summer,False
2024-07-29,PROP007,0.95,1,28,320.84,Monday,Summer,False
2024-07-29,PROP008,0.805,5,24,353.04,Monday,Summer,False
2024-07-29,PROP009,0.709,8,21,328.92,Monday,Summer,False
2024-07-29,PROP010,0.95,1,28,316.52,Monday,Summer,False
2024-07-30,PROP001,0.569,12,17,318.4,Tuesday,Summer,False
2024-07-30,PROP002,0.854,4,25,328.12,Tuesday,Summer,False
2024-07-30,PROP003,0.674,9,20,308.08,Tuesday,Summer,False
2024-07-30,PROP004,0.768,6,23,337.32,Tuesday,Summer,False
2024-07-30,PROP005,0.807,5,24,337.68,Tuesday,Summer,False
2024-07-30,PROP006,0.95,1,28,307.96,Tuesday,Summer,False
2024-07-30,PROP007,0.742,7,22,320.84,Tuesday,Summer,False
2024-07-30,PROP008,0.95,1,28,353.04,Tuesday,Summer,False
2024-07-30,PROP009,0.848,4,25,328.92,Tuesday,Summer,False
2024-07-30,PROP010,0.895,3,26,316.52,Tuesday,Summer,False
2024-07-31,PROP001,0.777,6,23,318.4,Wednesday,Summer,False
2024-07-31,PROP002,0.773,6,23,328.12,Wednesday,Summer,False
2024-07-31,PROP003,0.946,1,28,308.08,Wednesday,Summer,False
2024-07-31,PROP004,0.95,1,28,337.32,Wednesday,Summer,False
2024-07-31,PROP005,0.95,1,28,337.68,Wednesday,Summer,False
2024-07-31,PROP006,0.95,1,28,307.96,Wednesday,Summer,False
2024-07-31,PROP007,0.95,1,28,320.84,Wednesday,Summer,False
2024-07-31,PROP008,0.917,2,27,353.04,Wednesday,Summer,False
2024-07-31,PROP009,0.823,5,24,328.92,Wednesday,Summer,False
2024-07-31,PROP010,0.858,4,25,316.52,Wednesday,Summer,False
2024-08-01,PROP001,0.494,15,14,318.4,Thursday,Summer,False
2024-08-01,PROP002,0.95,1,28,328.12,Thursday,Summer,False
2024-08-01,PROP003,0.95,1,28,308.08,Thursday,Summer,False
2024-08-01,PROP004,0.557,13,16,337.32,Thursday,Summer,False
2024-08-01,PROP005,0.784,6,23,337.68,Thursday,Summer,False
2024-08-01,PROP006,0.928,2,27,307.96,Thursday,Summer,False
2024-08-01,PROP007,0.911,2,27,320.84,Thursday,Summer,False
2024-08-01,PROP008,0.573,12,17,353.04,Thursday,Summer,False
2024-08-01,PROP009,0.95,1,28,328.92,Thursday,Summer,False
2024-08-01,PROP010,0.574,12,17,316.52,Thursday,Summer,False
2024-08-02,PROP001,0.95,1,28,318.4,Friday,Summer,False
2024-08-02,PROP002,0.95,1,28,328.12,Friday,Summer,False
2024-08-02,PROP003,0.95,1,28,308.08,Friday,Summer,False
2024-08-02,PROP004,0.879,3,26,337.32,Friday,Summer,False
2024-08-02,PROP005,0.705,8,21,337.68,Friday,Summer,False
2024-08-02,PROP006,0.95,1,28,307.96,Friday,Summer,False
2024-08-02,PROP007,0.95,1,28,320.84,Friday,Summer,False
2024-08-02,PROP008,0.95,1,28,353.04,Friday,Summer,False
2024-08-02,PROP009,0.95,1,28,328.92,Friday,Summer,False
2024-08-02,PROP010,0.95,1,28,316.52,Friday,Summer,False
2024-08-03,PROP001,0.95,1,28,318.4,Saturday,Summer,True
2024-08-03,PROP002,0.913,2,27,328.12,Saturday,Summer,True
2024-08-03,PROP003,0.913,2,27,308.08,Saturday,Summer,True
2024-08-03,PROP004,0.95,1,28,337.32,Saturday,Summer,True
2024-08-03,PROP005,0.668,9,20,337.68,Saturday,Summer,True
2024-08-03,PROP006,0.623,11,18,307.96,Saturday,Summer,True
2024-08-03,PROP007,0.95,1,28,320.84,Saturday,Summer,True
2024-08-03,PROP008,0.88,3,26,353.04,Saturday,Summer,True
2024-08-03,PROP009,0.95,1,28,328.92,Saturday,Summer,True
2024-08-03,PROP010,0.685,9,20,316.52,Saturday,Summer,True
2024-08-04,PROP001,0.611,11,18,318.4,Sunday,Summer,True
2024-08-04,PROP002,0.95,1,28,328.12,Sunday,Summer,True
2024-08-04,PROP003,0.95,1,28,308.08,Sunday,Summer,True
2024-08-04,PROP004,0.832,5,24,337.32,Sunday,Summer,True
2024-08-04,PROP005,0.848,4,25,337.68,Sunday,Summer,True
2024-08-04,PROP006,0.771,6,23,307.96,Sunday,Summer,True
2024-08-04,PROP007,0.95,1,28,320.84,Sunday,Summer,True
2024-08-04,PROP008,0.95,1,28,353.04,Sunday,Summer,True
2024-08-04,PROP009,0.95,1,28,328.92,Sunday,Summer,True
2024-08-04,PROP010,0.95,1,28,316.52,Sunday,Summer,True
2024-08-05,PROP001,0.779,6,23,318.4,Monday,Summer,False
2024-08-05,PROP002,0.95,1,28,328.12,Monday,Summer,False
2024-08-05,PROP003,0.908,2,27,308.08,Monday,Summer,False
2024-08-05,PROP004,0.95,1,28,337.32,Monday,Summer,False
2024-08-05,PROP005,0.95,1,28,337.68,Monday,Summer,False
2024-08-05,PROP006,0.934,1,28,307.96,Monday,Summer,False
2024-08-05,PROP007,0.659,10,19,320.84,Monday,Summer,False
2024-08-05,PROP008,0.95,1,28,353.04,Monday,Summer,False
2024-08-05,PROP009,0.95,1,28,328.92,Monday,Summer,False
2024-08-05,PROP010,0.894,3,26,316.52,Monday,Summer,False
2024-08-06,PROP001,0.95,1,28,318.4,Tuesday,Summer,False
2024-08-06,PROP002,0.642,10,19,328.12,Tuesday,Summer,False
2024-08-06,PROP003,0.931,2,27,308.08,Tuesday,Summer,False
2024-08-06,PROP004,0.862,4,25,337.32,Tuesday,Summer,False
2024-08-06,PROP005,0.935,1,28,337.68,Tuesday,Summer,False
2024-08-06,PROP006,0.95,1,28,307.96,Tuesday,Summer,False
2024-08-06,PROP007,0.789,6,23,320.84,Tuesday,Summer,False
2024-08-06,PROP008,0.792,6,23,353.04,Tuesday,Summer,False
2024-08-06,PROP009,0.84,4,25,328.92,Tuesday,Summer,False
2024-08-06,PROP010,0.651,10,19,316.52,Tuesday,Summer,False
2024-08-07,PROP001,0.442,16,13,318.4,Wednesday,Summer,False
2024-08-07,PROP002,0.95,1,28,328.12,Wednesday,Summer,False
2024-08-07,PROP003,0.95,1,28,308.08,Wednesday,Summer,False
2024-08-07,PROP004,0.95,1,28,337.32,Wednesday,Summer,False
2024-08-07,PROP005,0.779,6,23,337.68,Wednesday,Summer,False
2024-08-07,PROP006,0.763,7,22,307.96,Wednesday,Summer,False
2024-08-07,PROP007,0.95,1,28,320.84,Wednesday,Summer,False
2024-08-07,PROP008,0.95,1,28,353.04,Wednesday,Summer,False
2024-08-07,PROP009,0.835,4,25,328.92,Wednesday,Summer,False
2024-08-07,PROP010,0.684,9,20,316.52,Wednesday,Summer,False
2024-08-08,PROP001,0.95,1,28,318.4,Thursday,Summer,False
2024-08-08,PROP002,0.95,1,28,328.12,Thursday,Summer,False
2024-08-08,PROP003,0.861,4,25,308.08,Thursday,Summer,False
2024-08-08,PROP004,0.889,3,26,337.32,Thursday,Summer,False
2024-08-08,PROP005,0.95,1,28,337.68,Thursday,Summer,False
2024-08-08,PROP006,0.95,1,28,307.96,Thursday,Summer,False
2024-08-08,PROP007,0.818,5,24,320.84,Thursday,Summer,False
2024-08-08,PROP008,0.95,1,28,353.04,Thursday,Summer,False
2024-08-08,PROP009,0.934,1,28,328.92,Thursday,Summer,False
2024-08-08,PROP010,0.69,9,20,316.52,Thursday,Summer,False
2024-08-09,PROP001,0.95,1,28,318.4,Friday,Summer,False
2024-08-09,PROP002,0.95,1,28,328.12,Friday,Summer,False
2024-08-09,PROP003,0.95,1,28,308.08,Friday,Summer,False
2024-08-09,PROP004,0.844,4,25,337.32,Friday,Summer,False
2024-08-09,PROP005,0.95,1,28,337.68,Friday,Summer,False
2024-08-09,PROP006,0.95,1,28,307.96,Friday,Summer,False
2024-08-09,PROP007,0.95,1,28,320.84,Friday,Summer,False
2024-08-09,PROP008,0.671,9,20,353.04,Friday,Summer,False
2024-08-09,PROP009,0.843,4,25,328.92,Friday,Summer,False
2024-08-09,PROP010,0.95,1,28,316.52,Friday,Summer,False
2024-08-10,PROP001,0.847,4,25,318.4,Saturday,Summer,True
2024-08-10,PROP002,0.698,9,20,328.12,Saturday,Summer,True
2024-08-10,PROP003,0.95,1,28,308.08,Saturday,Summer,True
2024-08-10,PROP004,0.95,1,28,337.32,Saturday,Summer,True
2024-08-10,PROP005,0.95,1,28,337.68,Saturday,Summer,True
2024-08-10,PROP006,0.778,6,23,307.96,Saturday,Summer,True
2024-08-10,PROP007,0.874,3,26,320.84,Saturday,Summer,True
2024-08-10,PROP008,0.95,1,28,353.04,Saturday,Summer,True
2024-08-10,PROP009,0.95,1,28,328.92,Saturday,Summer,True
2024-08-10,PROP010,0.95,1,28,316.52,Saturday,Summer,True
2024-08-11,PROP001,0.716,8,21,318.4,Sunday,Summer,True
2024-08-11,PROP002,0.95,1,28,328.12,Sunday,Summer,True
2024-08-11,PROP003,0.95,1,28,308.08,Sunday,Summer,True
2024-08-11,PROP004,0.95,1,28,337.32,Sunday,Summer,True
2024-08-11,PROP005,0.95,1,28,337.68,Sunday,Summer,True
2024-08-11,PROP006,0.95,1,28,307.96,Sunday,Summer,True
2024-08-11,PROP007,0.876,3,26,320.84,Sunday,Summer,True
2024-08-11,PROP008,0.931,2,27,353.04,Sunday,Summer,True
2024-08-11,PROP009,0.95,1,28,328.92,Sunday,Summer,True
2024-08-11,PROP010,0.95,1,28,316.52,Sunday,Summer,True
2024-08-12,PROP001,0.95,1,28,318.4,Monday,Summer,False
2024-08-12,PROP002,0.426,17,12,328.12,Monday,Summer,False
2024-08-12,PROP003,0.95,1,28,308.08,Monday,Summer,False
2024-08-12,PROP004,0.95,1,28,337.32,Monday,Summer,False
2024-08-12,PROP005,0.861,4,25,337.68,Monday,Summer,False
2024-08-12,PROP006,0.95,1,28,307.96,Monday,Summer,False
2024-08-12,PROP007,0.672,9,20,320.84,Monday,Summer,False
2024-08-12,PROP008,0.7,9,20,353.04,Monday,Summer,False
2024-08-12,PROP009,0.94,1,28,328.92,Monday,Summer,False
2024-08-12,PROP010,0.95,1,28,316.52,Monday,Summer,False
2024-08-13,PROP001,0.764,7,22,318.4,Tuesday,Summer,False
2024-08-13,PROP002,0.665,10,19,328.12,Tuesday,Summer,False
2024-08-13,PROP003,0.819,5,24,308.08,Tuesday,Summer,False
2024-08-13,PROP004,0.936,1,28,337.32,Tuesday,Summer,False
2024-08-13,PROP005,0.934,1,28,337.68,Tuesday,Summer,False
2024-08-13,PROP006,0.95,1,28,307.96,Tuesday,Summer,False
2024-08-13,PROP007,0.758,7,22,320.84,Tuesday,Summer,False
2024-08-13,PROP008,0.867,3,26,353.04,Tuesday,Summer,False
2024-08-13,PROP009,0.95,1,28,328.92,Tuesday,Summer,False
2024-08-13,PROP010,0.95,1,28,316.52,Tuesday,Summer,False
2024-08-14,PROP001,0.95,1,28,318.4,Wednesday,Summer,False
2024-08-14,PROP002,0.95,1,28,328.12,Wednesday,Summer,False
2024-08-14,PROP003,0.685,9,20,308.08,Wednesday,Summer,False
2024-08-14,PROP004,0.95,1,28,337.32,Wednesday,Summer,False
2024-08-14,PROP005,0.91,2,27,337.68,Wednesday,Summer,False
2024-08-14,PROP006,0.913,2,27,307.96,Wednesday,Summer,False
2024-08-14,PROP007,0.922,2,27,320.84,Wednesday,Summer,False
2024-08-14,PROP008,0.583,12,17,353.04,Wednesday,Summer,False
2024-08-14,PROP009,0.874,3,26,328.92,Wednesday,Summer,False
2024-08-14,PROP010,0.95,1,28,316.52,Wednesday,Summer,False
2024-08-15,PROP001,0.95,1,28,318.4,Thursday,Summer,True
2024-08-15,PROP002,0.864,4,25,328.12,Thursday,Summer,True
2024-08-15,PROP003,0.836,4,25,308.08,Thursday,Summer,True
2024-08-15,PROP004,0.95,1,28,337.32,Thursday,Summer,True
2024-08-15,PROP005,0.835,4,25,337.68,Thursday,Summer,True
2024-08-15,PROP006,0.925,2,27,307.96,Thursday,Summer,True
2024-08-15,PROP007,0.95,1,28,320.84,Thursday,Summer,True
2024-08-15,PROP008,0.909,2,27,353.04,Thursday,Summer,True
2024-08-15,PROP009,0.928,2,27,328.92,Thursday,Summer,True
2024-08-15,PROP010,0.95,1,28,316.52,Thursday,Summer,True
2024-08-16,PROP001,0.95,1,28,318.4,Friday,Summer,False
2024-08-16,PROP002,0.834,4,25,328.12,Friday,Summer,False
2024-08-16,PROP003,0.95,1,28,308.08,Friday,Summer,False
2024-08-16,PROP004,0.95,1,28,337.32,Friday,Summer,False
2024-08-16,PROP005,0.95,1,28,337.68,Friday,Summer,False
2024-08-16,PROP006,0.95,1,28,307.96,Friday,Summer,False
2024-08-16,PROP007,0.95,1,28,320.84,Friday,Summer,False
2024-08-16,PROP008,0.95,1,28,353.04,Friday,Summer,False
2024-08-16,PROP009,0.95,1,28,328.92,Friday,Summer,False
2024-08-16,PROP010,0.95,1,28,316.52,Friday,Summer,False
2024-08-17,PROP001,0.838,4,25,318.4,Saturday,Summer,True
2024-08-17,PROP002,0.838,4,25,328.12,Saturday,Summer,True
2024-08-17,PROP003,0.95,1,28,308.08,Saturday,Summer,True
2024-08-17,PROP004,0.95,1,28,337.32,Saturday,Summer,True
2024-08-17,PROP005,0.95,1,28,337.68,Saturday,Summer,True
2024-08-17,PROP006,0.95,1,28,307.96,Saturday,Summer,True
2024-08-17,PROP007,0.95,1,28,320.84,Saturday,Summer,True
2024-08-17,PROP008,0.688,9,20,353.04,Saturday,Summer,True
2024-08-17,PROP009,0.95,1,28,328.92,Saturday,Summer,True
2024-08-17,PROP010,0.95,1,28,316.52,Saturday,Summer,True
2024-08-18,PROP001,0.95,1,28,318.4,Sunday,Summer,True
2024-08-18,PROP002,0.95,1,28,328.12,Sunday,Summer,True
2024-08-18,PROP003,0.95,1,28,308.08,Sunday,Summer,True
2024-08-18,PROP004,0.95,1,28,337.32,Sunday,Summer,True
2024-08-18,PROP005,0.95,1,28,337.68,Sunday,Summer,True
2024-08-18,PROP006,0.912,2,27,307.96,Sunday,Summer,True
2024-08-18,PROP007,0.95,1,28,320.84,Sunday,Summer,True
2024-08-18,PROP008,0.95,1,28,353.04,Sunday,Summer,True
2024-08-18,PROP009,0.95,1,28,328.92,Sunday,Summer,True
2024-08-18,PROP010,0.803,5,24,316.52,Sunday,Summer,True
2024-08-19,PROP001,0.758,7,22,318.4,Monday,Summer,False
2024-08-19,PROP002,0.766,7,22,328.12,Monday,Summer,False
2024-08-19,PROP003,0.95,1,28,308.08,Monday,Summer,False
2024-08-19,PROP004,0.716,8,21,337.32,Monday,Summer,False
2024-08-19,PROP005,0.95,1,28,337.68,Monday,Summer,False
2024-08-19,PROP006,0.95,1,28,307.96,Monday,Summer,False
2024-08-19,PROP007,0.761,7,22,320.84,Monday,Summer,False
2024-08-19,PROP008,0.95,1,28,353.04,Monday,Summer,False
2024-08-19,PROP009,0.582,12,17,328.92,Monday,Summer,False
2024-08-19,PROP010,0.95,1,28,316.52,Monday,Summer,False
2024-08-20,PROP001,0.913,2,27,318.4,Tuesday,Summer,False
2024-08-20,PROP002,0.95,1,28,328.12,Tuesday,Summer,False
2024-08-20,PROP003,0.762,7,22,308.08,Tuesday,Summer,False
2024-08-20,PROP004,0.95,1,28,337.32,Tuesday,Summer,False
2024-08-20,PROP005,0.66,10,19,337.68,Tuesday,Summer,False
2024-08-20,PROP006,0.452,16,13,307.96,Tuesday,Summer,False
2024-08-20,PROP007,0.95,1,28,320.84,Tuesday,Summer,False
2024-08-20,PROP008,0.95,1,28,353.04,Tuesday,Summer,False
2024-08-20,PROP009,0.805,5,24,328.92,Tuesday,Summer,False
2024-08-20,PROP010,0.95,1,28,316.52,Tuesday,Summer,False
2024-08-21,PROP001,0.573,12,17,318.4,Wednesday,Summer,False
2024-08-21,PROP002,0.665,10,19,328.12,Wednesday,Summer,False
2024-08-21,PROP003,0.95,1,28,308.08,Wednesday,Summer,False
2024-08-21,PROP004,0.95,1,28,337.32,Wednesday,Summer,False
2024-08-21,PROP005,0.95,1,28,337.68,Wednesday,Summer,False
2024-08-21,PROP006,0.95,1,28,307.96,Wednesday,Summer,False
2024-08-21,PROP007,0.95,1,28,320.84,Wednesday,Summer,False
2024-08-21,PROP008,0.95,1,28,353.04,Wednesday,Summer,False
2024-08-21,PROP009,0.669,9,20,328.92,Wednesday,Summer,False
2024-08-21,PROP010,0.674,9,20,316.52,Wednesday,Summer,False
2024-08-22,PROP001,0.447,16,13,318.4,Thursday,Summer,False
2024-08-22,PROP002,0.647,10,19,328.12,Thursday,Summer,False
2024-08-22,PROP003,0.57,12,17,308.08,Thursday,Summer,False
2024-08-22,PROP004,0.872,3,26,337.32,Thursday,Summer,False
2024-08-22,PROP005,0.95,1,28,337.68,Thursday,Summer,False
2024-08-22,PROP006,0.95,1,28,307.96,Thursday,Summer,False
2024-08-22,PROP007,0.791,6,23,320.84,Thursday,Summer,False
2024-08-22,PROP008,0.95,1,28,353.04,Thursday,Summer,False
2024-08-22,PROP009,0.95,1,28,328.92,Thursday,Summer,False
2024-08-22,PROP010,0.95,1,28,316.52,Thursday,Summer,False
2024-08-23,PROP001,0.355,19,10,318.4,Friday,Summer,False
2024-08-23,PROP002,0.793,6,23,328.12,Friday,Summer,False
2024-08-23,PROP003,0.95,1,28,308.08,Friday,Summer,False
2024-08-23,PROP004,0.803,5,24,337.32,Friday,Summer,False
2024-08-23,PROP005,0.95,1,28,337.68,Friday,Summer,False
2024-08-23,PROP006,0.762,7,22,307.96,Friday,Summer,False
2024-08-23,PROP007,0.95,1,28,320.84,Friday,Summer,False
2024-08-23,PROP008,0.95,1,28,353.04,Friday,Summer,False
2024-08-23,PROP009,0.95,1,28,328.92,Friday,Summer,False
2024-08-23,PROP010,0.95,1,28,316.52,Friday,Summer,False
2024-08-24,PROP001,0.95,1,28,318.4,Saturday,Summer,True
2024-08-24,PROP002,0.95,1,28,328.12,Saturday,Summer,True
2024-08-24,PROP003,0.95,1,28,308.08,Saturday,Summer,True
2024-08-24,PROP004,0.95,1,28,337.32,Saturday,Summer,True
2024-08-24,PROP005,0.51,14,15,337.68,Saturday,Summer,True
2024-08-24,PROP006,0.95,1,28,307.96,Saturday,Summer,True
2024-08-24,PROP007,0.95,1,28,320.84,Saturday,Summer,True
2024-08-24,PROP008,0.95,1,28,353.04,Saturday,Summer,True
2024-08-24,PROP009,0.95,1,28,328.92,Saturday,Summer,True
2024-08-24,PROP010,0.886,3,26,316.52,Saturday,Summer,True
2024-08-25,PROP001,0.779,6,23,318.4,Sunday,Summer,True
2024-08-25,PROP002,0.95,1,28,328.12,Sunday,Summer,True
2024-08-25,PROP003,0.63,11,18,308.08,Sunday,Summer,True
2024-08-25,PROP004,0.95,1,28,337.32,Sunday,Summer,True
2024-08-25,PROP005,0.95,1,28,337.68,Sunday,Summer,True
2024-08-25,PROP006,0.95,1,28,307.96,Sunday,Summer,True
2024-08-25,PROP007,0.95,1,28,320.84,Sunday,Summer,True
2024-08-25,PROP008,0.808,5,24,353.04,Sunday,Summer,True
2024-08-25,PROP009,0.808,5,24,328.92,Sunday,Summer,True
2024-08-25,PROP010,0.699,9,20,316.52,Sunday,Summer,True
2024-08-26,PROP001,0.905,2,27,318.4,Monday,Summer,False
2024-08-26,PROP002,0.907,2,27,328.12,Monday,Summer,False
2024-08-26,PROP003,0.926,2,27,308.08,Monday,Summer,False
2024-08-26,PROP004,0.95,1,28,337.32,Monday,Summer,False
2024-08-26,PROP005,0.574,12,17,337.68,Monday,Summer,False
2024-08-26,PROP006,0.95,1,28,307.96,Monday,Summer,False
2024-08-26,PROP007,0.912,2,27,320.84,Monday,Summer,False
2024-08-26,PROP008,0.71,8,21,353.04,Monday,Summer,False
2024-08-26,PROP009,0.339,19,10,328.92,Monday,Summer,False
2024-08-26,PROP010,0.95,1,28,316.52,Monday,Summer,False
2024-08-27,PROP001,0.95,1,28,318.4,Tuesday,Summer,False
2024-08-27,PROP002,0.795,6,23,328.12,Tuesday,Summer,False
2024-08-27,PROP003,0.95,1,28,308.08,Tuesday,Summer,False
2024-08-27,PROP004,0.782,6,23,337.32,Tuesday,Summer,False
2024-08-27,PROP005,0.779,6,23,337.68,Tuesday,Summer,False
2024-08-27,PROP006,0.867,3,26,307.96,Tuesday,Summer,False
2024-08-27,PROP007,0.614,11,18,320.84,Tuesday,Summer,False
2024-08-27,PROP008,0.95,1,28,353.04,Tuesday,Summer,False
2024-08-27,PROP009,0.55,13,16,328.92,Tuesday,Summer,False
2024-08-27,PROP010,0.95,1,28,316.52,Tuesday,Summer,False
2024-08-28,PROP001,0.593,12,17,318.4,Wednesday,Summer,False
2024-08-28,PROP002,0.95,1,28,328.12,Wednesday,Summer,False
2024-08-28,PROP003,0.95,1,28,308.08,Wednesday,Summer,False
2024-08-28,PROP004,0.923,2,27,337.32,Wednesday,Summer,False
2024-08-28,PROP005,0.886,3,26,337.68,Wednesday,Summer,False
2024-08-28,PROP006,0.95,1,28,307.96,Wednesday,Summer,False
2024-08-28,PROP007,0.837,4,25,320.84,Wednesday,Summer,False
2024-08-28,PROP008,0.788,6,23,353.04,Wednesday,Summer,False
2024-08-28,PROP009,0.95,1,28,328.92,Wednesday,Summer,False
2024-08-28,PROP010,0.914,2,27,316.52,Wednesday,Summer,False
2024-08-29,PROP001,0.95,1,28,318.4,Thursday,Summer,False
2024-08-29,PROP002,0.879,3,26,328.12,Thursday,Summer,False
2024-08-29,PROP003,0.95,1,28,308.08,Thursday,Summer,False
2024-08-29,PROP004,0.861,4,25,337.32,Thursday,Summer,False
2024-08-29,PROP005,0.887,3,26,337.68,Thursday,Summer,False
2024-08-29,PROP006,0.95,1,28,307.96,Thursday,Summer,False
2024-08-29,PROP007,0.86,4,25,320.84,Thursday,Summer,False
2024-08-29,PROP008,0.837,4,25,353.04,Thursday,Summer,False
2024-08-29,PROP009,0.95,1,28,328.92,Thursday,Summer,False
2024-08-29,PROP010,0.888,3,26,316.52,Thursday,Summer,False
2024-08-30,PROP001,0.95,1,28,318.4,Friday,Summer,False
2024-08-30,PROP002,0.95,1,28,328.12,Friday,Summer,False
2024-08-30,PROP003,0.849,4,25,308.08,Friday,Summer,False
2024-08-30,PROP004,0.95,1,28,337.32,Friday,Summer,False
2024-08-30,PROP005,0.95,1,28,337.68,Friday,Summer,False
2024-08-30,PROP006,0.95,1,28,307.96,Friday,Summer,False
2024-08-30,PROP007,0.95,1,28,320.84,Friday,Summer,False
2024-08-30,PROP008,0.751,7,22,353.04,Friday,Summer,False
2024-08-30,PROP009,0.95,1,28,328.92,Friday,Summer,False
2024-08-30,PROP010,0.871,3,26,316.52,Friday,Summer,False
2024-08-31,PROP001,0.95,1,28,318.4,Saturday,Summer,True
2024-08-31,PROP002,0.946,1,28,328.12,Saturday,Summer,True
2024-08-31,PROP003,0.722,8,21,308.08,Saturday,Summer,True
2024-08-31,PROP004,0.95,1,28,337.32,Saturday,Summer,True
2024-08-31,PROP005,0.95,1,28,337.68,Saturday,Summer,True
2024-08-31,PROP006,0.95,1,28,307.96,Saturday,Summer,True
2024-08-31,PROP007,0.827,5,24,320.84,Saturday,Summer,True
2024-08-31,PROP008,0.929,2,27,353.04,Saturday,Summer,True
2024-08-31,PROP009,0.95,1,28,328.92,Saturday,Summer,True
2024-08-31,PROP010,0.926,2,27,316.52,Saturday,Summer,True
2024-09-01,PROP001,0.853,4,25,265.33,Sunday,Fall,True
2024-09-01,PROP002,0.824,5,24,273.43,Sunday,Fall,True
2024-09-01,PROP003,0.769,6,23,256.73,Sunday,Fall,True
2024-09-01,PROP004,0.773,6,23,281.1,Sunday,Fall,True
2024-09-01,PROP005,0.95,1,28,281.4,Sunday,Fall,True
2024-09-01,PROP006,0.718,8,21,256.63,Sunday,Fall,True
2024-09-01,PROP007,0.95,1,28,267.37,Sunday,Fall,True
2024-09-01,PROP008,0.95,1,28,294.2,Sunday,Fall,True
2024-09-01,PROP009,0.928,2,27,274.1,Sunday,Fall,True
2024-09-01,PROP010,0.713,8,21,263.77,Sunday,Fall,True
2024-09-02,PROP001,0.728,8,21,265.33,Monday,Fall,False
2024-09-02,PROP002,0.432,17,12,273.43,Monday,Fall,False
2024-09-02,PROP003,0.73,8,21,256.73,Monday,Fall,False
2024-09-02,PROP004,0.643,10,19,281.1,Monday,Fall,False
2024-09-02,PROP005,0.859,4,25,281.4,Monday,Fall,False
2024-09-02,PROP006,0.65,10,19,256.63,Monday,Fall,False
2024-09-02,PROP007,0.474,15,14,267.37,Monday,Fall,False
2024-09-02,PROP008,0.781,6,23,294.2,Monday,Fall,False
2024-09-02,PROP009,0.527,14,15,274.1,Monday,Fall,False
2024-09-02,PROP010,0.585,12,17,263.77,Monday,Fall,False
2024-09-03,PROP001,0.633,11,18,265.33,Tuesday,Fall,False
2024-09-03,PROP002,0.643,10,19,273.43,Tuesday,Fall,False
2024-09-03,PROP003,0.827,5,24,256.73,Tuesday,Fall,False
2024-09-03,PROP004,0.737,7,22,281.1,Tuesday,Fall,False
2024-09-03,PROP005,0.789,6,23,281.4,Tuesday,Fall,False
2024-09-03,PROP006,0.749,7,22,256.63,Tuesday,Fall,False
2024-09-03,PROP007,0.771,6,23,267.37,Tuesday,Fall,False
2024-09-03,PROP008,0.841,4,25,294.2,Tuesday,Fall,False
2024-09-03,PROP009,0.69,9,20,274.1,Tuesday,Fall,False
2024-09-03,PROP010,0.48,15,14,263.77,Tuesday,Fall,False
2024-09-04,PROP001,0.699,9,20,265.33,Wednesday,Fall,False
2024-09-04,PROP002,0.542,13,16,273.43,Wednesday,Fall,False
2024-09-04,PROP003,0.497,15,14,256.73,Wednesday,Fall,False
2024-09-04,PROP004,0.815,5,24,281.1,Wednesday,Fall,False
2024-09-04,PROP005,0.321,20,9,281.4,Wednesday,Fall,False
2024-09-04,PROP006,0.859,4,25,256.63,Wednesday,Fall,False
2024-09-04,PROP007,0.593,12,17,267.37,Wednesday,Fall,False
2024-09-04,PROP008,0.711,8,21,294.2,Wednesday,Fall,False
2024-09-04,PROP009,0.791,6,23,274.1,Wednesday,Fall,False
2024-09-04,PROP010,0.655,10,19,263.77,Wednesday,Fall,False
2024-09-05,PROP001,0.506,14,15,265.33,Thursday,Fall,False
2024-09-05,PROP002,0.568,12,17,273.43,Thursday,Fall,False
2024-09-05,PROP003,0.83,5,24,256.73,Thursday,Fall,False
2024-09-05,PROP004,0.319,20,9,281.1,Thursday,Fall,False
2024-09-05,PROP005,0.59,12,17,281.4,Thursday,Fall,False
2024-09-05,PROP006,0.689,9,20,256.63,Thursday,Fall,False
2024-09-05,PROP007,0.58,12,17,267.37,Thursday,Fall,False
2024-09-05,PROP008,0.576,12,17,294.2,Thursday,Fall,False
2024-09-05,PROP009,0.914,2,27,274.1,Thursday,Fall,False
2024-09-05,PROP010,0.617,11,18,263.77,Thursday,Fall,False
2024-09-06,PROP001,0.198,24,5,265.33,Friday,Fall,False
2024-09-06,PROP002,0.667,9,20,273.43,Friday,Fall,False
2024-09-06,PROP003,0.544,13,16,256.73,Friday,Fall,False
2024-09-06,PROP004,0.887,3,26,281.1,Friday,Fall,False
2024-09-06,PROP005,0.821,5,24,281.4,Friday,Fall,False
2024-09-06,PROP006,0.554,13,16,256.63,Friday,Fall,False
2024-09-06,PROP007,0.585,12,17,267.37,Friday,Fall,False
2024-09-06,PROP008,0.94,1,28,294.2,Friday,Fall,False
2024-09-06,PROP009,0.605,11,18,274.1,Friday,Fall,False
2024-09-06,PROP010,0.866,4,25,263.77,Friday,Fall,False
2024-09-07,PROP001,0.946,1,28,265.33,Saturday,Fall,True
2024-09-07,PROP002,0.706,8,21,273.43,Saturday,Fall,True
2024-09-07,PROP003,0.762,7,22,256.73,Saturday,Fall,True
2024-09-07,PROP004,0.636,10,19,281.1,Saturday,Fall,True
2024-09-07,PROP005,0.898,3,26,281.4,Saturday,Fall,True
2024-09-07,PROP006,0.95,1,28,256.63,Saturday,Fall,True
2024-09-07,PROP007,0.84,4,25,267.37,Saturday,Fall,True
2024-09-07,PROP008,0.945,1,28,294.2,Saturday,Fall,True
2024-09-07,PROP009,0.811,5,24,274.1,Saturday,Fall,True
2024-09-07,PROP010,0.908,2,27,263.77,Saturday,Fall,True
2024-09-08,PROP001,0.875,3,26,265.33,Sunday,Fall,True
2024-09-08,PROP002,0.95,1,28,273.43,Sunday,Fall,True
2024-09-08,PROP003,0.598,12,17,256.73,Sunday,Fall,True
2024-09-08,PROP004,0.342,19,10,281.1,Sunday,Fall,True
2024-09-08,PROP005,0.638,10,19,281.4,Sunday,Fall,True
2024-09-08,PROP006,0.675,9,20,256.63,Sunday,Fall,True
2024-09-08,PROP007,0.483,15,14,267.37,Sunday,Fall,True
2024-09-08,PROP008,0.73,8,21,294.2,Sunday,Fall,True
2024-09-08,PROP009,0.79,6,23,274.1,Sunday,Fall,True
2024-09-08,PROP010,0.71,8,21,263.77,Sunday,Fall,True
2024-09-09,PROP001,0.701,8,21,265.33,Monday,Fall,False
2024-09-09,PROP002,0.814,5,24,273.43,Monday,Fall,False
2024-09-09,PROP003,0.664,10,19,256.73,Monday,Fall,False
2024-09-09,PROP004,0.565,13,16,281.1,Monday,Fall,False
2024-09-09,PROP005,0.699,9,20,281.4,Monday,Fall,False
2024-09-09,PROP006,0.74,7,22,256.63,Monday,Fall,False
2024-09-09,PROP007,0.558,13,16,267.37,Monday,Fall,False
2024-09-09,PROP008,0.847,4,25,294.2,Monday,Fall,False
2024-09-09,PROP009,0.836,4,25,274.1,Monday,Fall,False
2024-09-09,PROP010,0.765,7,22,263.77,Monday,Fall,False
2024-09-10,PROP001,0.671,9,20,265.33,Tuesday,Fall,False
2024-09-10,PROP002,0.895,3,26,273.43,Tuesday,Fall,False
2024-09-10,PROP003,0.845,4,25,256.73,Tuesday,Fall,False
2024-09-10,PROP004,0.424,17,12,281.1,Tuesday,Fall,False
2024-09-10,PROP005,0.805,5,24,281.4,Tuesday,Fall,False
2024-09-10,PROP006,0.811,5,24,256.63,Tuesday,Fall,False
2024-09-10,PROP007,0.729,8,21,267.37,Tuesday,Fall,False
2024-09-10,PROP008,0.766,7,22,294.2,Tuesday,Fall,False
2024-09-10,PROP009,0.669,9,20,274.1,Tuesday,Fall,False
2024-09-10,PROP010,0.937,1,28,263.77,Tuesday,Fall,False
2024-09-11,PROP001,0.923,2,27,265.33,Wednesday,Fall,False
2024-09-11,PROP002,0.552,13,16,273.43,Wednesday,Fall,False
2024-09-11,PROP003,0.438,16,13,256.73,Wednesday,Fall,False
2024-09-11,PROP004,0.929,2,27,281.1,Wednesday,Fall,False
2024-09-11,PROP005,0.771,6,23,281.4,Wednesday,Fall,False
2024-09-11,PROP006,0.758,7,22,256.63,Wednesday,Fall,False
2024-09-11,PROP007,0.938,1,28,267.37,Wednesday,Fall,False
2024-09-11,PROP008,0.638,10,19,294.2,Wednesday,Fall,False
2024-09-11,PROP009,0.718,8,21,274.1,Wednesday,Fall,False
2024-09-11,PROP010,0.784,6,23,263.77,Wednesday,Fall,False
2024-09-12,PROP001,0.598,12,17,265.33,Thursday,Fall,False
2024-09-12,PROP002,0.74,7,22,273.43,Thursday,Fall,False
2024-09-12,PROP003,0.776,6,23,256.73,Thursday,Fall,False
2024-09-12,PROP004,0.877,3,26,281.1,Thursday,Fall,False
2024-09-12,PROP005,0.867,3,26,281.4,Thursday,Fall,False
2024-09-12,PROP006,0.743,7,22,256.63,Thursday,Fall,False
2024-09-12,PROP007,0.571,12,17,267.37,Thursday,Fall,False
2024-09-12,PROP008,0.578,12,17,294.2,Thursday,Fall,False
2024-09-12,PROP009,0.621,11,18,274.1,Thursday,Fall,False
2024-09-12,PROP010,0.929,2,27,263.77,Thursday,Fall,False
2024-09-13,PROP001,0.632,11,18,265.33,Friday,Fall,False
2024-09-13,PROP002,0.773,6,23,273.43,Friday,Fall,False
2024-09-13,PROP003,0.412,17,12,256.73,Friday,Fall,False
2024-09-13,PROP004,0.469,15,14,281.1,Friday,Fall,False
2024-09-13,PROP005,0.741,7,22,281.4,Friday,Fall,False
2024-09-13,PROP006,0.687,9,20,256.63,Friday,Fall,False
2024-09-13,PROP007,0.95,1,28,267.37,Friday,Fall,False
2024-09-13,PROP008,0.803,5,24,294.2,Friday,Fall,False
2024-09-13,PROP009,0.95,1,28,274.1,Friday,Fall,False
2024-09-13,PROP010,0.663,10,19,263.77,Friday,Fall,False
2024-09-14,PROP001,0.862,4,25,265.33,Saturday,Fall,True
2024-09-14,PROP002,0.846,4,25,273.43,Saturday,Fall,True
2024-09-14,PROP003,0.867,3,26,256.73,Saturday,Fall,True
2024-09-14,PROP004,0.863,4,25,281.1,Saturday,Fall,True
2024-09-14,PROP005,0.95,1,28,281.4,Saturday,Fall,True
2024-09-14,PROP006,0.681,9,20,256.63,Saturday,Fall,True
2024-09-14,PROP007,0.392,18,11,267.37,Saturday,Fall,True
2024-09-14,PROP008,0.695,9,20,294.2,Saturday,Fall,True
2024-09-14,PROP009,0.95,1,28,274.1,Saturday,Fall,True
2024-09-14,PROP010,0.467,15,14,263.77,Saturday,Fall,True
2024-09-15,PROP001,0.95,1,28,265.33,Sunday,Fall,True
2024-09-15,PROP002,0.95,1,28,273.43,Sunday,Fall,True
2024-09-15,PROP003,0.84,4,25,256.73,Sunday,Fall,True
2024-09-15,PROP004,0.95,1,28,281.1,Sunday,Fall,True
2024-09-15,PROP005,0.798,6,23,281.4,Sunday,Fall,True
2024-09-15,PROP006,0.95,1,28,256.63,Sunday,Fall,True
2024-09-15,PROP007,0.892,3,26,267.37,Sunday,Fall,True
2024-09-15,PROP008,0.718,8,21,294.2,Sunday,Fall,True
2024-09-15,PROP009,0.758,7,22,274.1,Sunday,Fall,True
2024-09-15,PROP010,0.95,1,28,263.77,Sunday,Fall,True
2024-09-16,PROP001,0.772,6,23,265.33,Monday,Fall,False
2024-09-16,PROP002,0.947,1,28,273.43,Monday,Fall,False
2024-09-16,PROP003,0.739,7,22,256.73,Monday,Fall,False
2024-09-16,PROP004,0.893,3,26,281.1,Monday,Fall,False
2024-09-16,PROP005,0.814,5,24,281.4,Monday,Fall,False
2024-09-16,PROP006,0.565,13,16,256.63,Monday,Fall,False
2024-09-16,PROP007,0.791,6,23,267.37,Monday,Fall,False
2024-09-16,PROP008,0.687,9,20,294.2,Monday,Fall,False
2024-09-16,PROP009,0.848,4,25,274.1,Monday,Fall,False
2024-09-16,PROP010,0.697,9,20,263.77,Monday,Fall,False
2024-09-17,PROP001,0.931,2,27,265.33,Tuesday,Fall,False
2024-09-17,PROP002,0.825,5,24,273.43,Tuesday,Fall,False
2024-09-17,PROP003,0.761,7,22,256.73,Tuesday,Fall,False
2024-09-17,PROP004,0.631,11,18,281.1,Tuesday,Fall,False
2024-09-17,PROP005,0.711,8,21,281.4,Tuesday,Fall,False
2024-09-17,PROP006,0.779,6,23,256.63,Tuesday,Fall,False
2024-09-17,PROP007,0.681,9,20,267.37,Tuesday,Fall,False
2024-09-17,PROP008,0.702,8,21,294.2,Tuesday,Fall,False
2024-09-17,PROP009,0.713,8,21,274.1,Tuesday,Fall,False
2024-09-17,PROP010,0.804,5,24,263.77,Tuesday,Fall,False
2024-09-18,PROP001,0.612,11,18,265.33,Wednesday,Fall,False
2024-09-18,PROP002,0.426,17,12,273.43,Wednesday,Fall,False
2024-09-18,PROP003,0.912,2,27,256.73,Wednesday,Fall,False
2024-09-18,PROP004,0.669,9,20,281.1,Wednesday,Fall,False
2024-09-18,PROP005,0.754,7,22,281.4,Wednesday,Fall,False
2024-09-18,PROP006,0.781,6,23,256.63,Wednesday,Fall,False
2024-09-18,PROP007,0.692,9,20,267.37,Wednesday,Fall,False
2024-09-18,PROP008,0.476,15,14,294.2,Wednesday,Fall,False
2024-09-18,PROP009,0.667,9,20,274.1,Wednesday,Fall,False
2024-09-18,PROP010,0.907,2,27,263.77,Wednesday,Fall,False
2024-09-19,PROP001,0.741,7,22,265.33,Thursday,Fall,False
2024-09-19,PROP002,0.835,4,25,273.43,Thursday,Fall,False
2024-09-19,PROP003,0.767,6,23,256.73,Thursday,Fall,False
2024-09-19,PROP004,0.772,6,23,281.1,Thursday,Fall,False
2024-09-19,PROP005,0.879,3,26,281.4,Thursday,Fall,False
2024-09-19,PROP006,0.789,6,23,256.63,Thursday,Fall,False
2024-09-19,PROP007,0.53,14,15,267.37,Thursday,Fall,False
2024-09-19,PROP008,0.863,4,25,294.2,Thursday,Fall,False
2024-09-19,PROP009,0.7,8,21,274.1,Thursday,Fall,False
2024-09-19,PROP010,0.733,8,21,263.77,Thursday,Fall,False
2024-09-20,PROP001,0.711,8,21,265.33,Friday,Fall,False
2024-09-20,PROP002,0.95,1,28,273.43,Friday,Fall,False
2024-09-20,PROP003,0.68,9,20,256.73,Friday,Fall,False
2024-09-20,PROP004,0.95,1,28,281.1,Friday,Fall,False
2024-09-20,PROP005,0.855,4,25,281.4,Friday,Fall,False
2024-09-20,PROP006,0.771,6,23,256.63,Friday,Fall,False
2024-09-20,PROP007,0.723,8,21,267.37,Friday,Fall,False
2024-09-20,PROP008,0.384,18,11,294.2,Friday,Fall,False
2024-09-20,PROP009,0.637,10,19,274.1,Friday,Fall,False
2024-09-20,PROP010,0.616,11,18,263.77,Friday,Fall,False
2024-09-21,PROP001,0.95,1,28,265.33,Saturday,Fall,True
2024-09-21,PROP002,0.911,2,27,273.43,Saturday,Fall,True
2024-09-21,PROP003,0.915,2,27,256.73,Saturday,Fall,True
2024-09-21,PROP004,0.783,6,23,281.1,Saturday,Fall,True
2024-09-21,PROP005,0.778,6,23,281.4,Saturday,Fall,True
2024-09-21,PROP006,0.95,1,28,256.63,Saturday,Fall,True
2024-09-21,PROP007,0.879,3,26,267.37,Saturday,Fall,True
2024-09-21,PROP008,0.95,1,28,294.2,Saturday,Fall,True
2024-09-21,PROP009,0.704,8,21,274.1,Saturday,Fall,True
2024-09-21,PROP010,0.95,1,28,263.77,Saturday,Fall,True
2024-09-22,PROP001,0.95,1,28,265.33,Sunday,Fall,True
2024-09-22,PROP002,0.862,4,25,273.43,Sunday,Fall,True
2024-09-22,PROP003,0.468,15,14,256.73,Sunday,Fall,True
2024-09-22,PROP004,0.661,10,19,281.1,Sunday,Fall,True
2024-09-22,PROP005,0.569,12,17,281.4,Sunday,Fall,True
2024-09-22,PROP006,0.8,5,24,256.63,Sunday,Fall,True
2024-09-22,PROP007,0.668,9,20,267.37,Sunday,Fall,True
2024-09-22,PROP008,0.619,11,18,294.2,Sunday,Fall,True
2024-09-22,PROP009,0.683,9,20,274.1,Sunday,Fall,True
2024-09-22,PROP010,0.95,1,28,263.77,Sunday,Fall,True
2024-09-23,PROP001,0.836,4,25,265.33,Monday,Fall,False
2024-09-23,PROP002,0.777,6,23,273.43,Monday,Fall,False
2024-09-23,PROP003,0.653,10,19,256.73,Monday,Fall,False
2024-09-23,PROP004,0.752,7,22,281.1,Monday,Fall,False
2024-09-23,PROP005,0.886,3,26,281.4,Monday,Fall,False
2024-09-23,PROP006,0.589,12,17,256.63,Monday,Fall,False
2024-09-23,PROP007,0.654,10,19,267.37,Monday,Fall,False
2024-09-23,PROP008,0.495,15,14,294.2,Monday,Fall,False
2024-09-23,PROP009,0.576,12,17,274.1,Monday,Fall,False
2024-09-23,PROP010,0.442,16,13,263.77,Monday,Fall,False
2024-09-24,PROP001,0.468,15,14,265.33,Tuesday,Fall,False
2024-09-24,PROP002,0.743,7,22,273.43,Tuesday,Fall,False
2024-09-24,PROP003,0.832,5,24,256.73,Tuesday,Fall,False
2024-09-24,PROP004,0.901,2,27,281.1,Tuesday,Fall,False
2024-09-24,PROP005,0.829,5,24,281.4,Tuesday,Fall,False
2024-09-24,PROP006,0.501,14,15,256.63,Tuesday,Fall,False
2024-09-24,PROP007,0.854,4,25,267.37,Tuesday,Fall,False
2024-09-24,PROP008,0.837,4,25,294.2,Tuesday,Fall,False
2024-09-24,PROP009,0.712,8,21,274.1,Tuesday,Fall,False
2024-09-24,PROP010,0.508,14,15,263.77,Tuesday,Fall,False
2024-09-25,PROP001,0.502,14,15,265.33,Wednesday,Fall,False
2024-09-25,PROP002,0.462,16,13,273.43,Wednesday,Fall,False
2024-09-25,PROP003,0.715,8,21,256.73,Wednesday,Fall,False
2024-09-25,PROP004,0.657,10,19,281.1,Wednesday,Fall,False
2024-09-25,PROP005,0.801,5,24,281.4,Wednesday,Fall,False
2024-09-25,PROP006,0.699,9,20,256.63,Wednesday,Fall,False
2024-09-25,PROP007,0.761,7,22,267.37,Wednesday,Fall,False
2024-09-25,PROP008,0.514,14,15,294.2,Wednesday,Fall,False
2024-09-25,PROP009,0.857,4,25,274.1,Wednesday,Fall,False
2024-09-25,PROP010,0.874,3,26,263.77,Wednesday,Fall,False
2024-09-26,PROP001,0.602,11,18,265.33,Thursday,Fall,False
2024-09-26,PROP002,0.471,15,14,273.43,Thursday,Fall,False
2024-09-26,PROP003,0.804,5,24,256.73,Thursday,Fall,False
2024-09-26,PROP004,0.753,7,22,281.1,Thursday,Fall,False
2024-09-26,PROP005,0.745,7,22,281.4,Thursday,Fall,False
2024-09-26,PROP006,0.823,5,24,256.63,Thursday,Fall,False
2024-09-26,PROP007,0.712,8,21,267.37,Thursday,Fall,False
2024-09-26,PROP008,0.739,7,22,294.2,Thursday,Fall,False
2024-09-26,PROP009,0.947,1,28,274.1,Thursday,Fall,False
2024-09-26,PROP010,0.873,3,26,263.77,Thursday,Fall,False
2024-09-27,PROP001,0.95,1,28,265.33,Friday,Fall,False
2024-09-27,PROP002,0.945,1,28,273.43,Friday,Fall,False
2024-09-27,PROP003,0.95,1,28,256.73,Friday,Fall,False
2024-09-27,PROP004,0.831,5,24,281.1,Friday,Fall,False
2024-09-27,PROP005,0.95,1,28,281.4,Friday,Fall,False
2024-09-27,PROP006,0.65,10,19,256.63,Friday,Fall,False
2024-09-27,PROP007,0.723,8,21,267.37,Friday,Fall,False
2024-09-27,PROP008,0.95,1,28,294.2,Friday,Fall,False
2024-09-27,PROP009,0.875,3,26,274.1,Friday,Fall,False
2024-09-27,PROP010,0.95,1,28,263.77,Friday,Fall,False
2024-09-28,PROP001,0.841,4,25,265.33,Saturday,Fall,True
2024-09-28,PROP002,0.816,5,24,273.43,Saturday,Fall,True
2024-09-28,PROP003,0.927,2,27,256.73,Saturday,Fall,True
2024-09-28,PROP004,0.888,3,26,281.1,Saturday,Fall,True
2024-09-28,PROP005,0.667,9,20,281.4,Saturday,Fall,True
2024-09-28,PROP006,0.855,4,25,256.63,Saturday,Fall,True
2024-09-28,PROP007,0.74,7,22,267.37,Saturday,Fall,True
2024-09-28,PROP008,0.95,1,28,294.2,Saturday,Fall,True
2024-09-28,PROP009,0.788,6,23,274.1,Saturday,Fall,True
2024-09-28,PROP010,0.878,3,26,263.77,Saturday,Fall,True
2024-09-29,PROP001,0.704,8,21,265.33,Sunday,Fall,True
2024-09-29,PROP002,0.922,2,27,273.43,Sunday,Fall,True
2024-09-29,PROP003,0.95,1,28,256.73,Sunday,Fall,True
2024-09-29,PROP004,0.745,7,22,281.1,Sunday,Fall,True
2024-09-29,PROP005,0.825,5,24,281.4,Sunday,Fall,True
2024-09-29,PROP006,0.877,3,26,256.63,Sunday,Fall,True
2024-09-29,PROP007,0.95,1,28,267.37,Sunday,Fall,True
2024-09-29,PROP008,0.865,4,25,294.2,Sunday,Fall,True
2024-09-29,PROP009,0.938,1,28,274.1,Sunday,Fall,True
2024-09-29,PROP010,0.612,11,18,263.77,Sunday,Fall,True
2024-09-30,PROP001,0.82,5,24,265.33,Monday,Fall,False
2024-09-30,PROP002,0.829,5,24,273.43,Monday,Fall,False
2024-09-30,PROP003,0.606,11,18,256.73,Monday,Fall,False
2024-09-30,PROP004,0.942,1,28,281.1,Monday,Fall,False
2024-09-30,PROP005,0.614,11,18,281.4,Monday,Fall,False
2024-09-30,PROP006,0.67,9,20,256.63,Monday,Fall,False
2024-09-30,PROP007,0.652,10,19,267.37,Monday,Fall,False
2024-09-30,PROP008,0.883,3,26,294.2,Monday,Fall,False
2024-09-30,PROP009,0.629,11,18,274.1,Monday,Fall,False
2024-09-30,PROP010,0.474,15,14,263.77,Monday,Fall,False
2024-10-01,PROP001,0.729,8,21,265.33,Tuesday,Fall,False
2024-10-01,PROP002,0.653,10,19,273.43,Tuesday,Fall,False
2024-10-01,PROP003,0.642,10,19,256.73,Tuesday,Fall,False
2024-10-01,PROP004,0.663,10,19,281.1,Tuesday,Fall,False
2024-10-01,PROP005,0.795,6,23,281.4,Tuesday,Fall,False
2024-10-01,PROP006,0.635,10,19,256.63,Tuesday,Fall,False
2024-10-01,PROP007,0.606,11,18,267.37,Tuesday,Fall,False
2024-10-01,PROP008,0.548,13,16,294.2,Tuesday,Fall,False
2024-10-01,PROP009,0.83,5,24,274.1,Tuesday,Fall,False
2024-10-01,PROP010,0.906,2,27,263.77,Tuesday,Fall,False
2024-10-02,PROP001,0.637,10,19,265.33,Wednesday,Fall,False
2024-10-02,PROP002,0.777,6,23,273.43,Wednesday,Fall,False
2024-10-02,PROP003,0.797,6,23,256.73,Wednesday,Fall,False
2024-10-02,PROP004,0.875,3,26,281.1,Wednesday,Fall,False
2024-10-02,PROP005,0.61,11,18,281.4,Wednesday,Fall,False
2024-10-02,PROP006,0.802,5,24,256.63,Wednesday,Fall,False
2024-10-02,PROP007,0.866,4,25,267.37,Wednesday,Fall,False
2024-10-02,PROP008,0.533,14,15,294.2,Wednesday,Fall,False
2024-10-02,PROP009,0.517,14,15,274.1,Wednesday,Fall,False
2024-10-02,PROP010,0.68,9,20,263.77,Wednesday,Fall,False
2024-10-03,PROP001,0.148,25,4,265.33,Thursday,Fall,False
2024-10-03,PROP002,0.636,10,19,273.43,Thursday,Fall,False
2024-10-03,PROP003,0.538,13,16,256.73,Thursday,Fall,False
2024-10-03,PROP004,0.668,9,20,281.1,Thursday,Fall,False
2024-10-03,PROP005,0.916,2,27,281.4,Thursday,Fall,False
2024-10-03,PROP006,0.7,8,21,256.63,Thursday,Fall,False
2024-10-03,PROP007,0.823,5,24,267.37,Thursday,Fall,False
2024-10-03,PROP008,0.781,6,23,294.2,Thursday,Fall,False
2024-10-03,PROP009,0.85,4,25,274.1,Thursday,Fall,False
2024-10-03,PROP010,0.747,7,22,263.77,Thursday,Fall,False
2024-10-04,PROP001,0.618,11,18,265.33,Friday,Fall,False
2024-10-04,PROP002,0.563,13,16,273.43,Friday,Fall,False
2024-10-04,PROP003,0.546,13,16,256.73,Friday,Fall,False
2024-10-04,PROP004,0.906,2,27,281.1,Friday,Fall,False
2024-10-04,PROP005,0.95,1,28,281.4,Friday,Fall,False
2024-10-04,PROP006,0.8,5,24,256.63,Friday,Fall,False
2024-10-04,PROP007,0.838,4,25,267.37,Friday,Fall,False
2024-10-04,PROP008,0.9,3,26,294.2,Friday,Fall,False
2024-10-04,PROP009,0.589,12,17,274.1,Friday,Fall,False
2024-10-04,PROP010,0.95,1,28,263.77,Friday,Fall,False
2024-10-05,PROP001,0.817,5,24,265.33,Saturday,Fall,True
2024-10-05,PROP002,0.798,6,23,273.43,Saturday,Fall,True
2024-10-05,PROP003,0.732,8,21,256.73,Saturday,Fall,True
2024-10-05,PROP004,0.95,1,28,281.1,Saturday,Fall,True
2024-10-05,PROP005,0.686,9,20,281.4,Saturday,Fall,True
2024-10-05,PROP006,0.95,1,28,256.63,Saturday,Fall,True
2024-10-05,PROP007,0.736,7,22,267.37,Saturday,Fall,True
2024-10-05,PROP008,0.581,12,17,294.2,Saturday,Fall,True
2024-10-05,PROP009,0.95,1,28,274.1,Saturday,Fall,True
2024-10-05,PROP010,0.698,9,20,263.77,Saturday,Fall,True
2024-10-06,PROP001,0.74,7,22,265.33,Sunday,Fall,True
2024-10-06,PROP002,0.887,3,26,273.43,Sunday,Fall,True
2024-10-06,PROP003,0.95,1,28,256.73,Sunday,Fall,True
2024-10-06,PROP004,0.753,7,22,281.1,Sunday,Fall,True
2024-10-06,PROP005,0.825,5,24,281.4,Sunday,Fall,True
2024-10-06,PROP006,0.841,4,25,256.63,Sunday,Fall,True
2024-10-06,PROP007,0.819,5,24,267.37,Sunday,Fall,True
2024-10-06,PROP008,0.764,7,22,294.2,Sunday,Fall,True
2024-10-06,PROP009,0.855,4,25,274.1,Sunday,Fall,True
2024-10-06,PROP010,0.95,1,28,263.77,Sunday,Fall,True
2024-10-07,PROP001,0.758,7,22,265.33,Monday,Fall,False
2024-10-07,PROP002,0.585,12,17,273.43,Monday,Fall,False
2024-10-07,PROP003,0.652,10,19,256.73,Monday,Fall,False
2024-10-07,PROP004,0.702,8,21,281.1,Monday,Fall,False
2024-10-07,PROP005,0.852,4,25,281.4,Monday,Fall,False
2024-10-07,PROP006,0.632,11,18,256.63,Monday,Fall,False
2024-10-07,PROP007,0.722,8,21,267.37,Monday,Fall,False
2024-10-07,PROP008,0.632,11,18,294.2,Monday,Fall,False
2024-10-07,PROP009,0.848,4,25,274.1,Monday,Fall,False
2024-10-07,PROP010,0.526,14,15,263.77,Monday,Fall,False
2024-10-08,PROP001,0.724,8,21,265.33,Tuesday,Fall,False
2024-10-08,PROP002,0.82,5,24,273.43,Tuesday,Fall,False
2024-10-08,PROP003,0.9,3,26,256.73,Tuesday,Fall,False
2024-10-08,PROP004,0.731,8,21,281.1,Tuesday,Fall,False
2024-10-08,PROP005,0.649,10,19,281.4,Tuesday,Fall,False
2024-10-08,PROP006,0.928,2,27,256.63,Tuesday,Fall,False
2024-10-08,PROP007,0.952,1,28,267.37,Tuesday,Fall,False
2024-10-08,PROP008,0.539,13,16,294.2,Tuesday,Fall,False
2024-10-08,PROP009,0.537,13,16,274.1,Tuesday,Fall,False
2024-10-08,PROP010,0.817,5,24,263.77,Tuesday,Fall,False
2024-10-09,PROP001,0.859,4,25,265.33,Wednesday,Fall,False
2024-10-09,PROP002,0.71,8,21,273.43,Wednesday,Fall,False
2024-10-09,PROP003,0.723,8,21,256.73,Wednesday,Fall,False
2024-10-09,PROP004,0.745,7,22,281.1,Wednesday,Fall,False
2024-10-09,PROP005,0.735,7,22,281.4,Wednesday,Fall,False
2024-10-09,PROP006,0.796,6,23,256.63,Wednesday,Fall,False
2024-10-09,PROP007,0.716,8,21,267.37,Wednesday,Fall,False
2024-10-09,PROP008,0.803,5,24,294.2,Wednesday,Fall,False
2024-10-09,PROP009,0.708,8,21,274.1,Wednesday,Fall,False
2024-10-09,PROP010,0.871,3,26,263.77,Wednesday,Fall,False
2024-10-10,PROP001,0.728,8,21,265.33,Thursday,Fall,False
2024-10-10,PROP002,0.707,8,21,273.43,Thursday,Fall,False
2024-10-10,PROP003,0.831,5,24,256.73,Thursday,Fall,False
2024-10-10,PROP004,0.382,18,11,281.1,Thursday,Fall,False
2024-10-10,PROP005,0.781,6,23,281.4,Thursday,Fall,False
2024-10-10,PROP006,0.457,16,13,256.63,Thursday,Fall,False
2024-10-10,PROP007,0.675,9,20,267.37,Thursday,Fall,False
2024-10-10,PROP008,0.875,3,26,294.2,Thursday,Fall,False
2024-10-10,PROP009,0.756,7,22,274.1,Thursday,Fall,False
2024-10-10,PROP010,0.858,4,25,263.77,Thursday,Fall,False
2024-10-11,PROP001,0.764,7,22,265.33,Friday,Fall,False
2024-10-11,PROP002,0.901,2,27,273.43,Friday,Fall,False
2024-10-11,PROP003,0.756,7,22,256.73,Friday,Fall,False
2024-10-11,PROP004,0.635,10,19,281.1,Friday,Fall,False
2024-10-11,PROP005,0.583,12,17,281.4,Friday,Fall,False
2024-10-11,PROP006,0.804,5,24,256.63,Friday,Fall,False
2024-10-11,PROP007,0.829,5,24,267.37,Friday,Fall,False
2024-10-11,PROP008,0.802,5,24,294.2,Friday,Fall,False
2024-10-11,PROP009,0.747,7,22,274.1,Friday,Fall,False
2024-10-11,PROP010,0.909,2,27,263.77,Friday,Fall,False
2024-10-12,PROP001,0.738,7,22,265.33,Saturday,Fall,True
2024-10-12,PROP002,0.95,1,28,273.43,Saturday,Fall,True
2024-10-12,PROP003,0.808,5,24,256.73,Saturday,Fall,True
2024-10-12,PROP004,0.578,12,17,281.1,Saturday,Fall,True
2024-10-12,PROP005,0.766,7,22,281.4,Saturday,Fall,True
2024-10-12,PROP006,0.854,4,25,256.63,Saturday,Fall,True
2024-10-12,PROP007,0.696,9,20,267.37,Saturday,Fall,True
2024-10-12,PROP008,0.675,9,20,294.2,Saturday,Fall,True
2024-10-12,PROP009,0.889,3,26,274.1,Saturday,Fall,True
2024-10-12,PROP010,0.95,1,28,263.77,Saturday,Fall,True
2024-10-13,PROP001,0.802,5,24,265.33,Sunday,Fall,True
2024-10-13,PROP002,0.899,3,26,273.43,Sunday,Fall,True
2024-10-13,PROP003,0.41,17,12,256.73,Sunday,Fall,True
2024-10-13,PROP004,0.933,2,27,281.1,Sunday,Fall,True
2024-10-13,PROP005,0.95,1,28,281.4,Sunday,Fall,True
2024-10-13,PROP006,0.75,7,22,256.63,Sunday,Fall,True
2024-10-13,PROP007,0.511,14,15,267.37,Sunday,Fall,True
2024-10-13,PROP008,0.725,8,21,294.2,Sunday,Fall,True
2024-10-13,PROP009,0.814,5,24,274.1,Sunday,Fall,True
2024-10-13,PROP010,0.95,1,28,263.77,Sunday,Fall,True
2024-10-14,PROP001,0.34,19,10,265.33,Monday,Fall,False
2024-10-14,PROP002,0.821,5,24,273.43,Monday,Fall,False
2024-10-14,PROP003,0.624,11,18,256.73,Monday,Fall,False
2024-10-14,PROP004,0.726,8,21,281.1,Monday,Fall,False
2024-10-14,PROP005,0.829,5,24,281.4,Monday,Fall,False
2024-10-14,PROP006,0.625,11,18,256.63,Monday,Fall,False
2024-10-14,PROP007,0.657,10,19,267.37,Monday,Fall,False
2024-10-14,PROP008,0.818,5,24,294.2,Monday,Fall,False
2024-10-14,PROP009,0.639,10,19,274.1,Monday,Fall,False
2024-10-14,PROP010,0.734,7,22,263.77,Monday,Fall,False
2024-10-15,PROP001,0.735,7,22,265.33,Tuesday,Fall,False
2024-10-15,PROP002,0.772,6,23,273.43,Tuesday,Fall,False
2024-10-15,PROP003,0.768,6,23,256.73,Tuesday,Fall,False
2024-10-15,PROP004,0.744,7,22,281.1,Tuesday,Fall,False
2024-10-15,PROP005,0.827,5,24,281.4,Tuesday,Fall,False
2024-10-15,PROP006,0.82,5,24,256.63,Tuesday,Fall,False
2024-10-15,PROP007,0.701,8,21,267.37,Tuesday,Fall,False
2024-10-15,PROP008,0.467,15,14,294.2,Tuesday,Fall,False
2024-10-15,PROP009,0.622,11,18,274.1,Tuesday,Fall,False
2024-10-15,PROP010,0.76,7,22,263.77,Tuesday,Fall,False
2024-10-16,PROP001,0.78,6,23,265.33,Wednesday,Fall,False
2024-10-16,PROP002,0.765,7,22,273.43,Wednesday,Fall,False
2024-10-16,PROP003,0.815,5,24,256.73,Wednesday,Fall,False
2024-10-16,PROP004,0.558,13,16,281.1,Wednesday,Fall,False
2024-10-16,PROP005,0.662,10,19,281.4,Wednesday,Fall,False
2024-10-16,PROP006,0.802,5,24,256.63,Wednesday,Fall,False
2024-10-16,PROP007,0.743,7,22,267.37,Wednesday,Fall,False
2024-10-16,PROP008,0.485,15,14,294.2,Wednesday,Fall,False
2024-10-16,PROP009,0.681,9,20,274.1,Wednesday,Fall,False
2024-10-16,PROP010,0.919,2,27,263.77,Wednesday,Fall,False
2024-10-17,PROP001,0.722,8,21,265.33,Thursday,Fall,False
2024-10-17,PROP002,0.907,2,27,273.43,Thursday,Fall,False
2024-10-17,PROP003,0.735,7,22,256.73,Thursday,Fall,False
2024-10-17,PROP004,0.712,8,21,281.1,Thursday,Fall,False
2024-10-17,PROP005,0.73,8,21,281.4,Thursday,Fall,False
2024-10-17,PROP006,0.52,14,15,256.63,Thursday,Fall,False
2024-10-17,PROP007,0.817,5,24,267.37,Thursday,Fall,False
2024-10-17,PROP008,0.899,3,26,294.2,Thursday,Fall,False
2024-10-17,PROP009,0.739,7,22,274.1,Thursday,Fall,False
2024-10-17,PROP010,0.773,6,23,263.77,Thursday,Fall,False
2024-10-18,PROP001,0.668,9,20,265.33,Friday,Fall,False
2024-10-18,PROP002,0.81,5,24,273.43,Friday,Fall,False
2024-10-18,PROP003,0.669,9,20,256.73,Friday,Fall,False
2024-10-18,PROP004,0.591,12,17,281.1,Friday,Fall,False
2024-10-18,PROP005,0.56,13,16,281.4,Friday,Fall,False
2024-10-18,PROP006,0.936,1,28,256.63,Friday,Fall,False
2024-10-18,PROP007,0.879,3,26,267.37,Friday,Fall,False
2024-10-18,PROP008,0.713,8,21,294.2,Friday,Fall,False
2024-10-18,PROP009,0.616,11,18,274.1,Friday,Fall,False
2024-10-18,PROP010,0.858,4,25,263.77,Friday,Fall,False
2024-10-19,PROP001,0.851,4,25,265.33,Saturday,Fall,True
2024-10-19,PROP002,0.576,12,17,273.43,Saturday,Fall,True
2024-10-19,PROP003,0.95,1,28,256.73,Saturday,Fall,True
2024-10-19,PROP004,0.801,5,24,281.1,Saturday,Fall,True
2024-10-19,PROP005,0.386,18,11,281.4,Saturday,Fall,True
2024-10-19,PROP006,0.95,1,28,256.63,Saturday,Fall,True
2024-10-19,PROP007,0.846,4,25,267.37,Saturday,Fall,True
2024-10-19,PROP008,0.581,12,17,294.2,Saturday,Fall,True
2024-10-19,PROP009,0.95,1,28,274.1,Saturday,Fall,True
2024-10-19,PROP010,0.827,5,24,263.77,Saturday,Fall,True
2024-10-20,PROP001,0.703,8,21,265.33,Sunday,Fall,True
2024-10-20,PROP002,0.95,1,28,273.43,Sunday,Fall,True
2024-10-20,PROP003,0.815,5,24,256.73,Sunday,Fall,True
2024-10-20,PROP004,0.592,12,17,281.1,Sunday,Fall,True
2024-10-20,PROP005,0.836,4,25,281.4,Sunday,Fall,True
2024-10-20,PROP006,0.817,5,24,256.63,Sunday,Fall,True
2024-10-20,PROP007,0.95,1,28,267.37,Sunday,Fall,True
2024-10-20,PROP008,0.528,14,15,294.2,Sunday,Fall,True
2024-10-20,PROP009,0.95,1,28,274.1,Sunday,Fall,True
2024-10-20,PROP010,0.754,7,22,263.77,Sunday,Fall,True
2024-10-21,PROP001,0.934,1,28,265.33,Monday,Fall,False
2024-10-21,PROP002,0.67,9,20,273.43,Monday,Fall,False
2024-10-21,PROP003,0.563,13,16,256.73,Monday,Fall,False
2024-10-21,PROP004,0.8,6,23,281.1,Monday,Fall,False
2024-10-21,PROP005,0.742,7,22,281.4,Monday,Fall,False
2024-10-21,PROP006,0.593,12,17,256.63,Monday,Fall,False
2024-10-21,PROP007,0.868,3,26,267.37,Monday,Fall,False
2024-10-21,PROP008,0.83,5,24,294.2,Monday,Fall,False
2024-10-21,PROP009,0.54,13,16,274.1,Monday,Fall,False
2024-10-21,PROP010,0.571,12,17,263.77,Monday,Fall,False
2024-10-22,PROP001,0.645,10,19,265.33,Tuesday,Fall,False
2024-10-22,PROP002,0.877,3,26,273.43,Tuesday,Fall,False
2024-10-22,PROP003,0.903,2,27,256.73,Tuesday,Fall,False
2024-10-22,PROP004,0.904,2,27,281.1,Tuesday,Fall,False
2024-10-22,PROP005,0.902,2,27,281.4,Tuesday,Fall,False
2024-10-22,PROP006,0.638,10,19,256.63,Tuesday,Fall,False
2024-10-22,PROP007,0.71,8,21,267.37,Tuesday,Fall,False
2024-10-22,PROP008,0.861,4,25,294.2,Tuesday,Fall,False
2024-10-22,PROP009,0.739,7,22,274.1,Tuesday,Fall,False
2024-10-22,PROP010,0.935,1,28,263.77,Tuesday,Fall,False
2024-10-23,PROP001,0.684,9,20,265.33,Wednesday,Fall,False
2024-10-23,PROP002,0.47,15,14,273.43,Wednesday,Fall,False
2024-10-23,PROP003,0.81,5,24,256.73,Wednesday,Fall,False
2024-10-23,PROP004,0.763,7,22,281.1,Wednesday,Fall,False
2024-10-23,PROP005,0.582,12,17,281.4,Wednesday,Fall,False
2024-10-23,PROP006,0.52,14,15,256.63,Wednesday,Fall,False
2024-10-23,PROP007,0.647,10,19,267.37,Wednesday,Fall,False
2024-10-23,PROP008,0.612,11,18,294.2,Wednesday,Fall,False
2024-10-23,PROP009,0.438,16,13,274.1,Wednesday,Fall,False
2024-10-23,PROP010,0.656,10,19,263.77,Wednesday,Fall,False
2024-10-24,PROP001,0.646,10,19,265.33,Thursday,Fall,False
2024-10-24,PROP002,0.656,10,19,273.43,Thursday,Fall,False
2024-10-24,PROP003,0.426,17,12,256.73,Thursday,Fall,False
2024-10-24,PROP004,0.519,14,15,281.1,Thursday,Fall,False
2024-10-24,PROP005,0.602,11,18,281.4,Thursday,Fall,False
2024-10-24,PROP006,0.796,6,23,256.63,Thursday,Fall,False
2024-10-24,PROP007,0.767,6,23,267.37,Thursday,Fall,False
2024-10-24,PROP008,0.633,11,18,294.2,Thursday,Fall,False
2024-10-24,PROP009,0.633,11,18,274.1,Thursday,Fall,False
2024-10-24,PROP010,0.64,10,19,263.77,Thursday,Fall,False
2024-10-25,PROP001,0.715,8,21,265.33,Friday,Fall,False
2024-10-25,PROP002,0.655,10,19,273.43,Friday,Fall,False
2024-10-25,PROP003,0.691,9,20,256.73,Friday,Fall,False
2024-10-25,PROP004,0.793,6,23,281.1,Friday,Fall,False
2024-10-25,PROP005,0.87,3,26,281.4,Friday,Fall,False
2024-10-25,PROP006,0.741,7,22,256.63,Friday,Fall,False
2024-10-25,PROP007,0.492,15,14,267.37,Friday,Fall,False
2024-10-25,PROP008,0.85,4,25,294.2,Friday,Fall,False
2024-10-25,PROP009,0.919,2,27,274.1,Friday,Fall,False
2024-10-25,PROP010,0.834,4,25,263.77,Friday,Fall,False
2024-10-26,PROP001,0.494,15,14,265.33,Saturday,Fall,True
2024-10-26,PROP002,0.95,1,28,273.43,Saturday,Fall,True
2024-10-26,PROP003,0.941,1,28,256.73,Saturday,Fall,True
2024-10-26,PROP004,0.483,15,14,281.1,Saturday,Fall,True
2024-10-26,PROP005,0.95,1,28,281.4,Saturday,Fall,True
2024-10-26,PROP006,0.721,8,21,256.63,Saturday,Fall,True
2024-10-26,PROP007,0.95,1,28,267.37,Saturday,Fall,True
2024-10-26,PROP008,0.9,3,26,294.2,Saturday,Fall,True
2024-10-26,PROP009,0.889,3,26,274.1,Saturday,Fall,True
2024-10-26,PROP010,0.791,6,23,263.77,Saturday,Fall,True
2024-10-27,PROP001,0.931,2,27,265.33,Sunday,Fall,True
2024-10-27,PROP002,0.714,8,21,273.43,Sunday,Fall,True
2024-10-27,PROP003,0.936,1,28,256.73,Sunday,Fall,True
2024-10-27,PROP004,0.931,2,27,281.1,Sunday,Fall,True
2024-10-27,PROP005,0.95,1,28,281.4,Sunday,Fall,True
2024-10-27,PROP006,0.804,5,24,256.63,Sunday,Fall,True
2024-10-27,PROP007,0.95,1,28,267.37,Sunday,Fall,True
2024-10-27,PROP008,0.721,8,21,294.2,Sunday,Fall,True
2024-10-27,PROP009,0.844,4,25,274.1,Sunday,Fall,True
2024-10-27,PROP010,0.755,7,22,263.77,Sunday,Fall,True
2024-10-28,PROP001,0.83,5,24,265.33,Monday,Fall,True
2024-10-28,PROP002,0.928,2,27,273.43,Monday,Fall,True
2024-10-28,PROP003,0.515,14,15,256.73,Monday,Fall,True
2024-10-28,PROP004,0.638,10,19,281.1,Monday,Fall,True
2024-10-28,PROP005,0.561,13,16,281.4,Monday,Fall,True
2024-10-28,PROP006,0.787,6,23,256.63,Monday,Fall,True
2024-10-28,PROP007,0.444,16,13,267.37,Monday,Fall,True
2024-10-28,PROP008,0.731,8,21,294.2,Monday,Fall,True
2024-10-28,PROP009,0.559,13,16,274.1,Monday,Fall,True
2024-10-28,PROP010,0.668,9,20,263.77,Monday,Fall,True
2024-10-29,PROP001,0.511,14,15,265.33,Tuesday,Fall,False
2024-10-29,PROP002,0.581,12,17,273.43,Tuesday,Fall,False
2024-10-29,PROP003,0.691,9,20,256.73,Tuesday,Fall,False
2024-10-29,PROP004,0.897,3,26,281.1,Tuesday,Fall,False
2024-10-29,PROP005,0.872,3,26,281.4,Tuesday,Fall,False
2024-10-29,PROP006,0.637,10,19,256.63,Tuesday,Fall,False
2024-10-29,PROP007,0.617,11,18,267.37,Tuesday,Fall,False
2024-10-29,PROP008,0.799,6,23,294.2,Tuesday,Fall,False
2024-10-29,PROP009,0.589,12,17,274.1,Tuesday,Fall,False
2024-10-29,PROP010,0.791,6,23,263.77,Tuesday,Fall,False
2024-10-30,PROP001,0.835,4,25,265.33,Wednesday,Fall,False
2024-10-30,PROP002,0.864,4,25,273.43,Wednesday,Fall,False
2024-10-30,PROP003,0.696,9,20,256.73,Wednesday,Fall,False
2024-10-30,PROP004,0.756,7,22,281.1,Wednesday,Fall,False
2024-10-30,PROP005,0.669,9,20,281.4,Wednesday,Fall,False
2024-10-30,PROP006,0.766,7,22,256.63,Wednesday,Fall,False
2024-10-30,PROP007,0.69,9,20,267.37,Wednesday,Fall,False
2024-10-30,PROP008,0.531,14,15,294.2,Wednesday,Fall,False
2024-10-30,PROP009,0.562,13,16,274.1,Wednesday,Fall,False
2024-10-30,PROP010,0.651,10,19,263.77,Wednesday,Fall,False
2024-10-31,PROP001,0.59,12,17,265.33,Thursday,Fall,False
2024-10-31,PROP002,0.757,7,22,273.43,Thursday,Fall,False
2024-10-31,PROP003,0.844,4,25,256.73,Thursday,Fall,False
2024-10-31,PROP004,0.66,10,19,281.1,Thursday,Fall,False
2024-10-31,PROP005,0.647,10,19,281.4,Thursday,Fall,False
2024-10-31,PROP006,0.64,10,19,256.63,Thursday,Fall,False
2024-10-31,PROP007,0.897,3,26,267.37,Thursday,Fall,False
2024-10-31,PROP008,0.857,4,25,294.2,Thursday,Fall,False
2024-10-31,PROP009,0.789,6,23,274.1,Thursday,Fall,False
2024-10-31,PROP010,0.573,12,17,263.77,Thursday,Fall,False
2024-11-01,PROP001,0.619,11,18,238.8,Friday,Fall,False
2024-11-01,PROP002,0.635,10,19,246.09,Friday,Fall,False
2024-11-01,PROP003,0.616,11,18,231.06,Friday,Fall,False
2024-11-01,PROP004,0.674,9,20,252.99,Friday,Fall,False
2024-11-01,PROP005,0.616,11,18,253.26,Friday,Fall,False
2024-11-01,PROP006,0.567,13,16,230.97,Friday,Fall,False
2024-11-01,PROP007,0.464,16,13,240.63,Friday,Fall,False
2024-11-01,PROP008,0.51,14,15,264.78,Friday,Fall,False
2024-11-01,PROP009,0.539,13,16,246.69,Friday,Fall,False
2024-11-01,PROP010,0.776,6,23,237.39,Friday,Fall,False
2024-11-02,PROP001,0.697,9,20,238.8,Saturday,Fall,True
2024-11-02,PROP002,0.545,13,16,246.09,Saturday,Fall,True
2024-11-02,PROP003,0.432,17,12,231.06,Saturday,Fall,True
2024-11-02,PROP004,0.587,12,17,252.99,Saturday,Fall,True
2024-11-02,PROP005,0.596,12,17,253.26,Saturday,Fall,True
2024-11-02,PROP006,0.559,13,16,230.97,Saturday,Fall,True
2024-11-02,PROP007,0.561,13,16,240.63,Saturday,Fall,True
2024-11-02,PROP008,0.639,10,19,264.78,Saturday,Fall,True
2024-11-02,PROP009,0.521,14,15,246.69,Saturday,Fall,True
2024-11-02,PROP010,0.527,14,15,237.39,Saturday,Fall,True
2024-11-03,PROP001,0.703,8,21,238.8,Sunday,Fall,True
2024-11-03,PROP002,0.494,15,14,246.09,Sunday,Fall,True
2024-11-03,PROP003,0.372,18,11,231.06,Sunday,Fall,True
2024-11-03,PROP004,0.549,13,16,252.99,Sunday,Fall,True
2024-11-03,PROP005,0.565,13,16,253.26,Sunday,Fall,True
2024-11-03,PROP006,0.642,10,19,230.97,Sunday,Fall,True
2024-11-03,PROP007,0.679,9,20,240.63,Sunday,Fall,True
2024-11-03,PROP008,0.751,7,22,264.78,Sunday,Fall,True
2024-11-03,PROP009,0.599,12,17,246.69,Sunday,Fall,True
2024-11-03,PROP010,0.643,10,19,237.39,Sunday,Fall,True
2024-11-04,PROP001,0.407,17,12,238.8,Monday,Fall,False
2024-11-04,PROP002,0.466,16,13,246.09,Monday,Fall,False
2024-11-04,PROP003,0.376,18,11,231.06,Monday,Fall,False
2024-11-04,PROP004,0.586,12,17,252.99,Monday,Fall,False
2024-11-04,PROP005,0.541,13,16,253.26,Monday,Fall,False
2024-11-04,PROP006,0.424,17,12,230.97,Monday,Fall,False
2024-11-04,PROP007,0.403,17,12,240.63,Monday,Fall,False
2024-11-04,PROP008,0.356,19,10,264.78,Monday,Fall,False
2024-11-04,PROP009,0.404,17,12,246.69,Monday,Fall,False
2024-11-04,PROP010,0.367,18,11,237.39,Monday,Fall,False
2024-11-05,PROP001,0.481,15,14,238.8,Tuesday,Fall,False
2024-11-05,PROP002,0.469,15,14,246.09,Tuesday,Fall,False
2024-11-05,PROP003,0.283,21,8,231.06,Tuesday,Fall,False
2024-11-05,PROP004,0.497,15,14,252.99,Tuesday,Fall,False
2024-11-05,PROP005,0.495,15,14,253.26,Tuesday,Fall,False
2024-11-05,PROP006,0.54,13,16,230.97,Tuesday,Fall,False
2024-11-05,PROP007,0.305,20,9,240.63,Tuesday,Fall,False
2024-11-05,PROP008,0.427,17,12,264.78,Tuesday,Fall,False
2024-11-05,PROP009,0.528,14,15,246.69,Tuesday,Fall,False
2024-11-05,PROP010,0.432,17,12,237.39,Tuesday,Fall,False
2024-11-06,PROP001,0.517,14,15,238.8,Wednesday,Fall,False
2024-11-06,PROP002,0.477,15,14,246.09,Wednesday,Fall,False
2024-11-06,PROP003,0.479,15,14,231.06,Wednesday,Fall,False
2024-11-06,PROP004,0.615,11,18,252.99,Wednesday,Fall,False
2024-11-06,PROP005,0.439,16,13,253.26,Wednesday,Fall,False
2024-11-06,PROP006,0.426,17,12,230.97,Wednesday,Fall,False
2024-11-06,PROP007,0.338,19,10,240.63,Wednesday,Fall,False
2024-11-06,PROP008,0.645,10,19,264.78,Wednesday,Fall,False
2024-11-06,PROP009,0.414,17,12,246.69,Wednesday,Fall,False
2024-11-06,PROP010,0.478,15,14,237.39,Wednesday,Fall,False
2024-11-07,PROP001,0.314,20,9,238.8,Thursday,Fall,False
2024-11-07,PROP002,0.403,17,12,246.09,Thursday,Fall,False
2024-11-07,PROP003,0.236,22,7,231.06,Thursday,Fall,False
2024-11-07,PROP004,0.413,17,12,252.99,Thursday,Fall,False
2024-11-07,PROP005,0.483,15,14,253.26,Thursday,Fall,False
2024-11-07,PROP006,0.527,14,15,230.97,Thursday,Fall,False
2024-11-07,PROP007,0.289,21,8,240.63,Thursday,Fall,False
2024-11-07,PROP008,0.511,14,15,264.78,Thursday,Fall,False
2024-11-07,PROP009,0.545,13,16,246.69,Thursday,Fall,False
2024-11-07,PROP010,0.486,15,14,237.39,Thursday,Fall,False
2024-11-08,PROP001,0.498,15,14,238.8,Friday,Fall,False
2024-11-08,PROP002,0.573,12,17,246.09,Friday,Fall,False
2024-11-08,PROP003,0.659,10,19,231.06,Friday,Fall,False
2024-11-08,PROP004,0.628,11,18,252.99,Friday,Fall,False
2024-11-08,PROP005,0.523,14,15,253.26,Friday,Fall,False
2024-11-08,PROP006,0.571,12,17,230.97,Friday,Fall,False
2024-11-08,PROP007,0.55,13,16,240.63,Friday,Fall,False
2024-11-08,PROP008,0.553,13,16,264.78,Friday,Fall,False
2024-11-08,PROP009,0.536,13,16,246.69,Friday,Fall,False
2024-11-08,PROP010,0.72,8,21,237.39,Friday,Fall,False
2024-11-09,PROP001,0.275,21,8,238.8,Saturday,Fall,True
2024-11-09,PROP002,0.735,7,22,246.09,Saturday,Fall,True
2024-11-09,PROP003,0.66,10,19,231.06,Saturday,Fall,True
2024-11-09,PROP004,0.53,14,15,252.99,Saturday,Fall,True
2024-11-09,PROP005,0.504,14,15,253.26,Saturday,Fall,True
2024-11-09,PROP006,0.58,12,17,230.97,Saturday,Fall,True
2024-11-09,PROP007,0.571,12,17,240.63,Saturday,Fall,True
2024-11-09,PROP008,0.705,8,21,264.78,Saturday,Fall,True
2024-11-09,PROP009,0.528,14,15,246.69,Saturday,Fall,True
2024-11-09,PROP010,0.547,13,16,237.39,Saturday,Fall,True
2024-11-10,PROP001,0.589,12,17,238.8,Sunday,Fall,True
2024-11-10,PROP002,0.492,15,14,246.09,Sunday,Fall,True
2024-11-10,PROP003,0.447,16,13,231.06,Sunday,Fall,True
2024-11-10,PROP004,0.506,14,15,252.99,Sunday,Fall,True
2024-11-10,PROP005,0.749,7,22,253.26,Sunday,Fall,True
2024-11-10,PROP006,0.619,11,18,230.97,Sunday,Fall,True
2024-11-10,PROP007,0.352,19,10,240.63,Sunday,Fall,True
2024-11-10,PROP008,0.53,14,15,264.78,Sunday,Fall,True
2024-11-10,PROP009,0.598,12,17,246.69,Sunday,Fall,True
2024-11-10,PROP010,0.708,8,21,237.39,Sunday,Fall,True
2024-11-11,PROP001,0.656,10,19,238.8,Monday,Fall,False
2024-11-11,PROP002,0.42,17,12,246.09,Monday,Fall,False
2024-11-11,PROP003,0.453,16,13,231.06,Monday,Fall,False
2024-11-11,PROP004,0.403,17,12,252.99,Monday,Fall,False
2024-11-11,PROP005,0.472,15,14,253.26,Monday,Fall,False
2024-11-11,PROP006,0.524,14,15,230.97,Monday,Fall,False
2024-11-11,PROP007,0.583,12,17,240.63,Monday,Fall,False
2024-11-11,PROP008,0.522,14,15,264.78,Monday,Fall,False
2024-11-11,PROP009,0.549,13,16,246.69,Monday,Fall,False
2024-11-11,PROP010,0.498,15,14,237.39,Monday,Fall,False
2024-11-12,PROP001,0.418,17,12,238.8,Tuesday,Fall,False
2024-11-12,PROP002,0.492,15,14,246.09,Tuesday,Fall,False
2024-11-12,PROP003,0.392,18,11,231.06,Tuesday,Fall,False
2024-11-12,PROP004,0.63,11,18,252.99,Tuesday,Fall,False
2024-11-12,PROP005,0.492,15,14,253.26,Tuesday,Fall,False
2024-11-12,PROP006,0.379,18,11,230.97,Tuesday,Fall,False
2024-11-12,PROP007,0.528,14,15,240.63,Tuesday,Fall,False
2024-11-12,PROP008,0.363,19,10,264.78,Tuesday,Fall,False
2024-11-12,PROP009,0.542,13,16,246.69,Tuesday,Fall,False
2024-11-12,PROP010,0.418,17,12,237.39,Tuesday,Fall,False
2024-11-13,PROP001,0.436,16,13,238.8,Wednesday,Fall,False
2024-11-13,PROP002,0.462,16,13,246.09,Wednesday,Fall,False
2024-11-13,PROP003,0.554,13,16,231.06,Wednesday,Fall,False
2024-11-13,PROP004,0.572,12,17,252.99,Wednesday,Fall,False
2024-11-13,PROP005,0.548,13,16,253.26,Wednesday,Fall,False
2024-11-13,PROP006,0.337,19,10,230.97,Wednesday,Fall,False
2024-11-13,PROP007,0.51,14,15,240.63,Wednesday,Fall,False
2024-11-13,PROP008,0.521,14,15,264.78,Wednesday,Fall,False
2024-11-13,PROP009,0.474,15,14,246.69,Wednesday,Fall,False
2024-11-13,PROP010,0.391,18,11,237.39,Wednesday,Fall,False
2024-11-14,PROP001,0.484,15,14,238.8,Thursday,Fall,False
2024-11-14,PROP002,0.532,14,15,246.09,Thursday,Fall,False
2024-11-14,PROP003,0.303,20,9,231.06,Thursday,Fall,False
2024-11-14,PROP004,0.582,12,17,252.99,Thursday,Fall,False
2024-11-14,PROP005,0.288,21,8,253.26,Thursday,Fall,False
2024-11-14,PROP006,0.605,11,18,230.97,Thursday,Fall,False
2024-11-14,PROP007,0.508,14,15,240.63,Thursday,Fall,False
2024-11-14,PROP008,0.335,19,10,264.78,Thursday,Fall,False
2024-11-14,PROP009,0.477,15,14,246.69,Thursday,Fall,False
2024-11-14,PROP010,0.458,16,13,237.39,Thursday,Fall,False
2024-11-15,PROP001,0.603,11,18,238.8,Friday,Fall,False
2024-11-15,PROP002,0.763,7,22,246.09,Friday,Fall,False
2024-11-15,PROP003,0.332,20,9,231.06,Friday,Fall,False
2024-11-15,PROP004,0.678,9,20,252.99,Friday,Fall,False
2024-11-15,PROP005,0.682,9,20,253.26,Friday,Fall,False
2024-11-15,PROP006,0.583,12,17,230.97,Friday,Fall,False
2024-11-15,PROP007,0.652,10,19,240.63,Friday,Fall,False
2024-11-15,PROP008,0.451,16,13,264.78,Friday,Fall,False
2024-11-15,PROP009,0.532,14,15,246.69,Friday,Fall,False
2024-11-15,PROP010,0.513,14,15,237.39,Friday,Fall,False
2024-11-16,PROP001,0.684,9,20,238.8,Saturday,Fall,True
2024-11-16,PROP002,0.632,11,18,246.09,Saturday,Fall,True
2024-11-16,PROP003,0.416,17,12,231.06,Saturday,Fall,True
2024-11-16,PROP004,0.557,13,16,252.99,Saturday,Fall,True
2024-11-16,PROP005,0.679,9,20,253.26,Saturday,Fall,True
2024-11-16,PROP006,0.627,11,18,230.97,Saturday,Fall,True
2024-11-16,PROP007,0.694,9,20,240.63,Saturday,Fall,True
2024-11-16,PROP008,0.534,13,16,264.78,Saturday,Fall,True
2024-11-16,PROP009,0.722,8,21,246.69,Saturday,Fall,True
2024-11-16,PROP010,0.365,19,10,237.39,Saturday,Fall,True
2024-11-17,PROP001,0.633,11,18,238.8,Sunday,Fall,True
2024-11-17,PROP002,0.542,13,16,246.09,Sunday,Fall,True
2024-11-17,PROP003,0.629,11,18,231.06,Sunday,Fall,True
2024-11-17,PROP004,0.65,10,19,252.99,Sunday,Fall,True
2024-11-17,PROP005,0.71,8,21,253.26,Sunday,Fall,True
2024-11-17,PROP006,0.434,16,13,230.97,Sunday,Fall,True
2024-11-17,PROP007,0.517,14,15,240.63,Sunday,Fall,True
2024-11-17,PROP008,0.58,12,17,264.78,Sunday,Fall,True
2024-11-17,PROP009,0.549,13,16,246.69,Sunday,Fall,True
2024-11-17,PROP010,0.493,15,14,237.39,Sunday,Fall,True
2024-11-18,PROP001,0.526,14,15,238.8,Monday,Fall,False
2024-11-18,PROP002,0.466,16,13,246.09,Monday,Fall,False
2024-11-18,PROP003,0.565,13,16,231.06,Monday,Fall,False
2024-11-18,PROP004,0.427,17,12,252.99,Monday,Fall,False
2024-11-18,PROP005,0.603,11,18,253.26,Monday,Fall,False
2024-11-18,PROP006,0.447,16,13,230.97,Monday,Fall,False
2024-11-18,PROP007,0.451,16,13,240.63,Monday,Fall,False
2024-11-18,PROP008,0.505,14,15,264.78,Monday,Fall,False
2024-11-18,PROP009,0.555,13,16,246.69,Monday,Fall,False
2024-11-18,PROP010,0.46,16,13,237.39,Monday,Fall,False
2024-11-19,PROP001,0.383,18,11,238.8,Tuesday,Fall,False
2024-11-19,PROP002,0.444,16,13,246.09,Tuesday,Fall,False
2024-11-19,PROP003,0.594,12,17,231.06,Tuesday,Fall,False
2024-11-19,PROP004,0.371,18,11,252.99,Tuesday,Fall,False
2024-11-19,PROP005,0.576,12,17,253.26,Tuesday,Fall,False
2024-11-19,PROP006,0.315,20,9,230.97,Tuesday,Fall,False
2024-11-19,PROP007,0.486,15,14,240.63,Tuesday,Fall,False
2024-11-19,PROP008,0.55,13,16,264.78,Tuesday,Fall,False
2024-11-19,PROP009,0.573,12,17,246.69,Tuesday,Fall,False
2024-11-19,PROP010,0.234,22,7,237.39,Tuesday,Fall,False
2024-11-20,PROP001,0.309,20,9,238.8,Wednesday,Fall,False
2024-11-20,PROP002,0.473,15,14,246.09,Wednesday,Fall,False
2024-11-20,PROP003,0.602,11,18,231.06,Wednesday,Fall,False
2024-11-20,PROP004,0.595,12,17,252.99,Wednesday,Fall,False
2024-11-20,PROP005,0.467,15,14,253.26,Wednesday,Fall,False
2024-11-20,PROP006,0.396,18,11,230.97,Wednesday,Fall,False
2024-11-20,PROP007,0.621,11,18,240.63,Wednesday,Fall,False
2024-11-20,PROP008,0.46,16,13,264.78,Wednesday,Fall,False
2024-11-20,PROP009,0.625,11,18,246.69,Wednesday,Fall,False
2024-11-20,PROP010,0.58,12,17,237.39,Wednesday,Fall,False
2024-11-21,PROP001,0.445,16,13,238.8,Thursday,Fall,False
2024-11-21,PROP002,0.463,16,13,246.09,Thursday,Fall,False
2024-11-21,PROP003,0.379,18,11,231.06,Thursday,Fall,False
2024-11-21,PROP004,0.468,15,14,252.99,Thursday,Fall,False
2024-11-21,PROP005,0.381,18,11,253.26,Thursday,Fall,False
2024-11-21,PROP006,0.371,18,11,230.97,Thursday,Fall,False
2024-11-21,PROP007,0.547,13,16,240.63,Thursday,Fall,False
2024-11-21,PROP008,0.575,12,17,264.78,Thursday,Fall,False
2024-11-21,PROP009,0.633,11,18,246.69,Thursday,Fall,False
2024-11-21,PROP010,0.465,16,13,237.39,Thursday,Fall,False
2024-11-22,PROP001,0.592,12,17,238.8,Friday,Fall,False
2024-11-22,PROP002,0.578,12,17,246.09,Friday,Fall,False
2024-11-22,PROP003,0.52,14,15,231.06,Friday,Fall,False
2024-11-22,PROP004,0.508,14,15,252.99,Friday,Fall,False
2024-11-22,PROP005,0.706,8,21,253.26,Friday,Fall,False
2024-11-22,PROP006,0.634,10,19,230.97,Friday,Fall,False
2024-11-22,PROP007,0.359,19,10,240.63,Friday,Fall,False
2024-11-22,PROP008,0.624,11,18,264.78,Friday,Fall,False
2024-11-22,PROP009,0.678,9,20,246.69,Friday,Fall,False
2024-11-22,PROP010,0.629,11,18,237.39,Friday,Fall,False
2024-11-23,PROP001,0.592,12,17,238.8,Saturday,Fall,True
2024-11-23,PROP002,0.506,14,15,246.09,Saturday,Fall,True
2024-11-23,PROP003,0.474,15,14,231.06,Saturday,Fall,True
2024-11-23,PROP004,0.601,11,18,252.99,Saturday,Fall,True
2024-11-23,PROP005,0.653,10,19,253.26,Saturday,Fall,True
2024-11-23,PROP006,0.459,16,13,230.97,Saturday,Fall,True
2024-11-23,PROP007,0.586,12,17,240.63,Saturday,Fall,True
2024-11-23,PROP008,0.751,7,22,264.78,Saturday,Fall,True
2024-11-23,PROP009,0.639,10,19,246.69,Saturday,Fall,True
2024-11-23,PROP010,0.594,12,17,237.39,Saturday,Fall,True
2024-11-24,PROP001,0.616,11,18,238.8,Sunday,Fall,True
2024-11-24,PROP002,0.535,13,16,246.09,Sunday,Fall,True
2024-11-24,PROP003,0.646,10,19,231.06,Sunday,Fall,True
2024-11-24,PROP004,0.716,8,21,252.99,Sunday,Fall,True
2024-11-24,PROP005,0.66,10,19,253.26,Sunday,Fall,True
2024-11-24,PROP006,0.668,9,20,230.97,Sunday,Fall,True
2024-11-24,PROP007,0.57,12,17,240.63,Sunday,Fall,True
2024-11-24,PROP008,0.619,11,18,264.78,Sunday,Fall,True
2024-11-24,PROP009,0.379,18,11,246.69,Sunday,Fall,True
2024-11-24,PROP010,0.487,15,14,237.39,Sunday,Fall,True
2024-11-25,PROP001,0.512,14,15,238.8,Monday,Fall,False
2024-11-25,PROP002,0.373,18,11,246.09,Monday,Fall,False
2024-11-25,PROP003,0.539,13,16,231.06,Monday,Fall,False
2024-11-25,PROP004,0.487,15,14,252.99,Monday,Fall,False
2024-11-25,PROP005,0.469,15,14,253.26,Monday,Fall,False
2024-11-25,PROP006,0.6,12,17,230.97,Monday,Fall,False
2024-11-25,PROP007,0.368,18,11,240.63,Monday,Fall,False
2024-11-25,PROP008,0.403,17,12,264.78,Monday,Fall,False
2024-11-25,PROP009,0.408,17,12,246.69,Monday,Fall,False
2024-11-25,PROP010,0.627,11,18,237.39,Monday,Fall,False
2024-11-26,PROP001,0.651,10,19,238.8,Tuesday,Fall,False
2024-11-26,PROP002,0.45,16,13,246.09,Tuesday,Fall,False
2024-11-26,PROP003,0.483,15,14,231.06,Tuesday,Fall,False
2024-11-26,PROP004,0.527,14,15,252.99,Tuesday,Fall,False
2024-11-26,PROP005,0.616,11,18,253.26,Tuesday,Fall,False
2024-11-26,PROP006,0.558,13,16,230.97,Tuesday,Fall,False
2024-11-26,PROP007,0.375,18,11,240.63,Tuesday,Fall,False
2024-11-26,PROP008,0.431,17,12,264.78,Tuesday,Fall,False
2024-11-26,PROP009,0.649,10,19,246.69,Tuesday,Fall,False
2024-11-26,PROP010,0.398,18,11,237.39,Tuesday,Fall,False
2024-11-27,PROP001,0.467,16,13,238.8,Wednesday,Fall,False
2024-11-27,PROP002,0.522,14,15,246.09,Wednesday,Fall,False
2024-11-27,PROP003,0.444,16,13,231.06,Wednesday,Fall,False
2024-11-27,PROP004,0.495,15,14,252.99,Wednesday,Fall,False
2024-11-27,PROP005,0.567,12,17,253.26,Wednesday,Fall,False
2024-11-27,PROP006,0.588,12,17,230.97,Wednesday,Fall,False
2024-11-27,PROP007,0.514,14,15,240.63,Wednesday,Fall,False
2024-11-27,PROP008,0.61,11,18,264.78,Wednesday,Fall,False
2024-11-27,PROP009,0.431,17,12,246.69,Wednesday,Fall,False
2024-11-27,PROP010,0.473,15,14,237.39,Wednesday,Fall,False
2024-11-28,PROP001,0.551,13,16,238.8,Thursday,Fall,False
2024-11-28,PROP002,0.237,22,7,246.09,Thursday,Fall,False
2024-11-28,PROP003,0.545,13,16,231.06,Thursday,Fall,False
2024-11-28,PROP004,0.58,12,17,252.99,Thursday,Fall,False
2024-11-28,PROP005,0.589,12,17,253.26,Thursday,Fall,False
2024-11-28,PROP006,0.674,9,20,230.97,Thursday,Fall,False
2024-11-28,PROP007,0.494,15,14,240.63,Thursday,Fall,False
2024-11-28,PROP008,0.577,12,17,264.78,Thursday,Fall,False
2024-11-28,PROP009,0.687,9,20,246.69,Thursday,Fall,False
2024-11-28,PROP010,0.482,15,14,237.39,Thursday,Fall,False
2024-11-29,PROP001,0.612,11,18,238.8,Friday,Fall,False
2024-11-29,PROP002,0.293,21,8,246.09,Friday,Fall,False
2024-11-29,PROP003,0.264,22,7,231.06,Friday,Fall,False
2024-11-29,PROP004,0.531,14,15,252.99,Friday,Fall,False
2024-11-29,PROP005,0.714,8,21,253.26,Friday,Fall,False
2024-11-29,PROP006,0.445,16,13,230.97,Friday,Fall,False
2024-11-29,PROP007,0.43,17,12,240.63,Friday,Fall,False
2024-11-29,PROP008,0.753,7,22,264.78,Friday,Fall,False
2024-11-29,PROP009,0.387,18,11,246.69,Friday,Fall,False
2024-11-29,PROP010,0.757,7,22,237.39,Friday,Fall,False
2024-11-30,PROP001,0.42,17,12,238.8,Saturday,Fall,True
2024-11-30,PROP002,0.503,14,15,246.09,Saturday,Fall,True
2024-11-30,PROP003,0.57,12,17,231.06,Saturday,Fall,True
2024-11-30,PROP004,0.605,11,18,252.99,Saturday,Fall,True
2024-11-30,PROP005,0.462,16,13,253.26,Saturday,Fall,True
2024-11-30,PROP006,0.55,13,16,230.97,Saturday,Fall,True
2024-11-30,PROP007,0.698,9,20,240.63,Saturday,Fall,True
2024-11-30,PROP008,0.558,13,16,264.78,Saturday,Fall,True
2024-11-30,PROP009,0.576,12,17,246.69,Saturday,Fall,True
2024-11-30,PROP010,0.504,14,15,237.39,Saturday,Fall,True
2024-12-01,PROP001,0.691,9,20,238.8,Sunday,Winter,True
2024-12-01,PROP002,0.582,12,17,246.09,Sunday,Winter,True
2024-12-01,PROP003,0.583,12,17,231.06,Sunday,Winter,True
2024-12-01,PROP004,0.542,13,16,252.99,Sunday,Winter,True
2024-12-01,PROP005,0.577,12,17,253.26,Sunday,Winter,True
2024-12-01,PROP006,0.52,14,15,230.97,Sunday,Winter,True
2024-12-01,PROP007,0.347,19,10,240.63,Sunday,Winter,True
2024-12-01,PROP008,0.696,9,20,264.78,Sunday,Winter,True
2024-12-01,PROP009,0.515,14,15,246.69,Sunday,Winter,True
2024-12-01,PROP010,0.642,10,19,237.39,Sunday,Winter,True
2024-12-02,PROP001,0.318,20,9,238.8,Monday,Winter,False
2024-12-02,PROP002,0.609,11,18,246.09,Monday,Winter,False
2024-12-02,PROP003,0.52,14,15,231.06,Monday,Winter,False
2024-12-02,PROP004,0.365,19,10,252.99,Monday,Winter,False
2024-12-02,PROP005,0.403,17,12,253.26,Monday,Winter,False
2024-12-02,PROP006,0.579,12,17,230.97,Monday,Winter,False
2024-12-02,PROP007,0.487,15,14,240.63,Monday,Winter,False
2024-12-02,PROP008,0.555,13,16,264.78,Monday,Winter,False
2024-12-02,PROP009,0.303,20,9,246.69,Monday,Winter,False
2024-12-02,PROP010,0.476,15,14,237.39,Monday,Winter,False
2024-12-03,PROP001,0.357,19,10,238.8,Tuesday,Winter,False
2024-12-03,PROP002,0.293,21,8,246.09,Tuesday,Winter,False
2024-12-03,PROP003,0.55,13,16,231.06,Tuesday,Winter,False
2024-12-03,PROP004,0.313,20,9,252.99,Tuesday,Winter,False
2024-12-03,PROP005,0.498,15,14,253.26,Tuesday,Winter,False
2024-12-03,PROP006,0.401,17,12,230.97,Tuesday,Winter,False
2024-12-03,PROP007,0.573,12,17,240.63,Tuesday,Winter,False
2024-12-03,PROP008,0.679,9,20,264.78,Tuesday,Winter,False
2024-12-03,PROP009,0.48,15,14,246.69,Tuesday,Winter,False
2024-12-03,PROP010,0.658,10,19,237.39,Tuesday,Winter,False
2024-12-04,PROP001,0.628,11,18,238.8,Wednesday,Winter,False
2024-12-04,PROP002,0.474,15,14,246.09,Wednesday,Winter,False
2024-12-04,PROP003,0.363,19,10,231.06,Wednesday,Winter,False
2024-12-04,PROP004,0.642,10,19,252.99,Wednesday,Winter,False
2024-12-04,PROP005,0.553,13,16,253.26,Wednesday,Winter,False
2024-12-04,PROP006,0.554,13,16,230.97,Wednesday,Winter,False
2024-12-04,PROP007,0.447,16,13,240.63,Wednesday,Winter,False
2024-12-04,PROP008,0.535,13,16,264.78,Wednesday,Winter,False
2024-12-04,PROP009,0.396,18,11,246.69,Wednesday,Winter,False
2024-12-04,PROP010,0.429,17,12,237.39,Wednesday,Winter,False
2024-12-05,PROP001,0.287,21,8,238.8,Thursday,Winter,False
2024-12-05,PROP002,0.545,13,16,246.09,Thursday,Winter,False
2024-12-05,PROP003,0.62,11,18,231.06,Thursday,Winter,False
2024-12-05,PROP004,0.476,15,14,252.99,Thursday,Winter,False
2024-12-05,PROP005,0.271,21,8,253.26,Thursday,Winter,False
2024-12-05,PROP006,0.497,15,14,230.97,Thursday,Winter,False
2024-12-05,PROP007,0.482,15,14,240.63,Thursday,Winter,False
2024-12-05,PROP008,0.642,10,19,264.78,Thursday,Winter,False
2024-12-05,PROP009,0.513,14,15,246.69,Thursday,Winter,False
2024-12-05,PROP010,0.238,22,7,237.39,Thursday,Winter,False
2024-12-06,PROP001,0.619,11,18,238.8,Friday,Winter,False
2024-12-06,PROP002,0.47,15,14,246.09,Friday,Winter,False
2024-12-06,PROP003,0.564,13,16,231.06,Friday,Winter,False
2024-12-06,PROP004,0.609,11,18,252.99,Friday,Winter,False
2024-12-06,PROP005,0.451,16,13,253.26,Friday,Winter,False
2024-12-06,PROP006,0.434,16,13,230.97,Friday,Winter,False
2024-12-06,PROP007,0.593,12,17,240.63,Friday,Winter,False
2024-12-06,PROP008,0.469,15,14,264.78,Friday,Winter,False
2024-12-06,PROP009,0.631,11,18,246.69,Friday,Winter,False
2024-12-06,PROP010,0.593,12,17,237.39,Friday,Winter,False
2024-12-07,PROP001,0.703,8,21,238.8,Saturday,Winter,True
2024-12-07,PROP002,0.477,15,14,246.09,Saturday,Winter,True
2024-12-07,PROP003,0.555,13,16,231.06,Saturday,Winter,True
2024-12-07,PROP004,0.77,6,23,252.99,Saturday,Winter,True
2024-12-07,PROP005,0.601,11,18,253.26,Saturday,Winter,True
2024-12-07,PROP006,0.464,16,13,230.97,Saturday,Winter,True
2024-12-07,PROP007,0.465,16,13,240.63,Saturday,Winter,True
2024-12-07,PROP008,0.727,8,21,264.78,Saturday,Winter,True
2024-12-07,PROP009,0.486,15,14,246.69,Saturday,Winter,True
2024-12-07,PROP010,0.509,14,15,237.39,Saturday,Winter,True
2024-12-08,PROP001,0.721,8,21,238.8,Sunday,Winter,True
2024-12-08,PROP002,0.502,14,15,246.09,Sunday,Winter,True
2024-12-08,PROP003,0.477,15,14,231.06,Sunday,Winter,True
2024-12-08,PROP004,0.534,13,16,252.99,Sunday,Winter,True
2024-12-08,PROP005,0.775,6,23,253.26,Sunday,Winter,True
2024-12-08,PROP006,0.759,7,22,230.97,Sunday,Winter,True
2024-12-08,PROP007,0.682,9,20,240.63,Sunday,Winter,True
2024-12-08,PROP008,0.368,18,11,264.78,Sunday,Winter,True
2024-12-08,PROP009,0.653,10,19,246.69,Sunday,Winter,True
2024-12-08,PROP010,0.633,11,18,237.39,Sunday,Winter,True
2024-12-09,PROP001,0.565,13,16,238.8,Monday,Winter,False
2024-12-09,PROP002,0.551,13,16,246.09,Monday,Winter,False
2024-12-09,PROP003,0.582,12,17,231.06,Monday,Winter,False
2024-12-09,PROP004,0.509,14,15,252.99,Monday,Winter,False
2024-12-09,PROP005,0.44,16,13,253.26,Monday,Winter,False
2024-12-09,PROP006,0.443,16,13,230.97,Monday,Winter,False
2024-12-09,PROP007,0.504,14,15,240.63,Monday,Winter,False
2024-12-09,PROP008,0.609,11,18,264.78,Monday,Winter,False
2024-12-09,PROP009,0.577,12,17,246.69,Monday,Winter,False
2024-12-09,PROP010,0.377,18,11,237.39,Monday,Winter,False
2024-12-10,PROP001,0.497,15,14,238.8,Tuesday,Winter,False
2024-12-10,PROP002,0.602,11,18,246.09,Tuesday,Winter,False
2024-12-10,PROP003,0.53,14,15,231.06,Tuesday,Winter,False
2024-12-10,PROP004,0.214,23,6,252.99,Tuesday,Winter,False
2024-12-10,PROP005,0.59,12,17,253.26,Tuesday,Winter,False
2024-12-10,PROP006,0.589,12,17,230.97,Tuesday,Winter,False
2024-12-10,PROP007,0.373,18,11,240.63,Tuesday,Winter,False
2024-12-10,PROP008,0.366,19,10,264.78,Tuesday,Winter,False
2024-12-10,PROP009,0.453,16,13,246.69,Tuesday,Winter,False
2024-12-10,PROP010,0.527,14,15,237.39,Tuesday,Winter,False
2024-12-11,PROP001,0.401,17,12,238.8,Wednesday,Winter,False
2024-12-11,PROP002,0.545,13,16,246.09,Wednesday,Winter,False
2024-12-11,PROP003,0.536,13,16,231.06,Wednesday,Winter,False
2024-12-11,PROP004,0.458,16,13,252.99,Wednesday,Winter,False
2024-12-11,PROP005,0.564,13,16,253.26,Wednesday,Winter,False
2024-12-11,PROP006,0.501,14,15,230.97,Wednesday,Winter,False
2024-12-11,PROP007,0.433,17,12,240.63,Wednesday,Winter,False
2024-12-11,PROP008,0.499,15,14,264.78,Wednesday,Winter,False
2024-12-11,PROP009,0.586,12,17,246.69,Wednesday,Winter,False
2024-12-11,PROP010,0.418,17,12,237.39,Wednesday,Winter,False
2024-12-12,PROP001,0.268,21,8,238.8,Thursday,Winter,False
2024-12-12,PROP002,0.501,14,15,246.09,Thursday,Winter,False
2024-12-12,PROP003,0.552,13,16,231.06,Thursday,Winter,False
2024-12-12,PROP004,0.482,15,14,252.99,Thursday,Winter,False
2024-12-12,PROP005,0.542,13,16,253.26,Thursday,Winter,False
2024-12-12,PROP006,0.442,16,13,230.97,Thursday,Winter,False
2024-12-12,PROP007,0.445,16,13,240.63,Thursday,Winter,False
2024-12-12,PROP008,0.441,16,13,264.78,Thursday,Winter,False
2024-12-12,PROP009,0.619,11,18,246.69,Thursday,Winter,False
2024-12-12,PROP010,0.624,11,18,237.39,Thursday,Winter,False
2024-12-13,PROP001,0.698,9,20,238.8,Friday,Winter,False
2024-12-13,PROP002,0.434,16,13,246.09,Friday,Winter,False
2024-12-13,PROP003,0.75,7,22,231.06,Friday,Winter,False
2024-12-13,PROP004,0.692,9,20,252.99,Friday,Winter,False
2024-12-13,PROP005,0.408,17,12,253.26,Friday,Winter,False
2024-12-13,PROP006,0.564,13,16,230.97,Friday,Winter,False
2024-12-13,PROP007,0.578,12,17,240.63,Friday,Winter,False
2024-12-13,PROP008,0.445,16,13,264.78,Friday,Winter,False
2024-12-13,PROP009,0.619,11,18,246.69,Friday,Winter,False
2024-12-13,PROP010,0.503,14,15,237.39,Friday,Winter,False
2024-12-14,PROP001,0.632,11,18,238.8,Saturday,Winter,True
2024-12-14,PROP002,0.652,10,19,246.09,Saturday,Winter,True
2024-12-14,PROP003,0.546,13,16,231.06,Saturday,Winter,True
2024-12-14,PROP004,0.618,11,18,252.99,Saturday,Winter,True
2024-12-14,PROP005,0.505,14,15,253.26,Saturday,Winter,True
2024-12-14,PROP006,0.634,10,19,230.97,Saturday,Winter,True
2024-12-14,PROP007,0.421,17,12,240.63,Saturday,Winter,True
2024-12-14,PROP008,0.625,11,18,264.78,Saturday,Winter,True
2024-12-14,PROP009,0.695,9,20,246.69,Saturday,Winter,True
2024-12-14,PROP010,0.653,10,19,237.39,Saturday,Winter,True
2024-12-15,PROP001,0.645,10,19,238.8,Sunday,Winter,True
2024-12-15,PROP002,0.693,9,20,246.09,Sunday,Winter,True
2024-12-15,PROP003,0.444,16,13,231.06,Sunday,Winter,True
2024-12-15,PROP004,0.492,15,14,252.99,Sunday,Winter,True
2024-12-15,PROP005,0.579,12,17,253.26,Sunday,Winter,True
2024-12-15,PROP006,0.486,15,14,230.97,Sunday,Winter,True
2024-12-15,PROP007,0.619,11,18,240.63,Sunday,Winter,True
2024-12-15,PROP008,0.48,15,14,264.78,Sunday,Winter,True
2024-12-15,PROP009,0.652,10,19,246.69,Sunday,Winter,True
2024-12-15,PROP010,0.588,12,17,237.39,Sunday,Winter,True
2024-12-16,PROP001,0.645,10,19,238.8,Monday,Winter,False
2024-12-16,PROP002,0.583,12,17,246.09,Monday,Winter,False
2024-12-16,PROP003,0.608,11,18,231.06,Monday,Winter,False
2024-12-16,PROP004,0.624,11,18,252.99,Monday,Winter,False
2024-12-16,PROP005,0.403,17,12,253.26,Monday,Winter,False
2024-12-16,PROP006,0.328,20,9,230.97,Monday,Winter,False
2024-12-16,PROP007,0.514,14,15,240.63,Monday,Winter,False
2024-12-16,PROP008,0.308,20,9,264.78,Monday,Winter,False
2024-12-16,PROP009,0.564,13,16,246.69,Monday,Winter,False
2024-12-16,PROP010,0.48,15,14,237.39,Monday,Winter,False
2024-12-17,PROP001,0.391,18,11,238.8,Tuesday,Winter,False
2024-12-17,PROP002,0.404,17,12,246.09,Tuesday,Winter,False
2024-12-17,PROP003,0.493,15,14,231.06,Tuesday,Winter,False
2024-12-17,PROP004,0.452,16,13,252.99,Tuesday,Winter,False
2024-12-17,PROP005,0.446,16,13,253.26,Tuesday,Winter,False
2024-12-17,PROP006,0.588,12,17,230.97,Tuesday,Winter,False
2024-12-17,PROP007,0.354,19,10,240.63,Tuesday,Winter,False
2024-12-17,PROP008,0.562,13,16,264.78,Tuesday,Winter,False
2024-12-17,PROP009,0.396,18,11,246.69,Tuesday,Winter,False
2024-12-17,PROP010,0.586,12,17,237.39,Tuesday,Winter,False
2024-12-18,PROP001,0.39,18,11,238.8,Wednesday,Winter,False
2024-12-18,PROP002,0.661,10,19,246.09,Wednesday,Winter,False
2024-12-18,PROP003,0.508,14,15,231.06,Wednesday,Winter,False
2024-12-18,PROP004,0.523,14,15,252.99,Wednesday,Winter,False
2024-12-18,PROP005,0.531,14,15,253.26,Wednesday,Winter,False
2024-12-18,PROP006,0.587,12,17,230.97,Wednesday,Winter,False
2024-12-18,PROP007,0.563,13,16,240.63,Wednesday,Winter,False
2024-12-18,PROP008,0.283,21,8,264.78,Wednesday,Winter,False
2024-12-18,PROP009,0.507,14,15,246.69,Wednesday,Winter,False
2024-12-18,PROP010,0.642,10,19,237.39,Wednesday,Winter,False
2024-12-19,PROP001,0.507,14,15,238.8,Thursday,Winter,False
2024-12-19,PROP002,0.676,9,20,246.09,Thursday,Winter,False
2024-12-19,PROP003,0.508,14,15,231.06,Thursday,Winter,False
2024-12-19,PROP004,0.528,14,15,252.99,Thursday,Winter,False
2024-12-19,PROP005,0.516,14,15,253.26,Thursday,Winter,False
2024-12-19,PROP006,0.382,18,11,230.97,Thursday,Winter,False
2024-12-19,PROP007,0.547,13,16,240.63,Thursday,Winter,False
2024-12-19,PROP008,0.332,20,9,264.78,Thursday,Winter,False
2024-12-19,PROP009,0.536,13,16,246.69,Thursday,Winter,False
2024-12-19,PROP010,0.513,14,15,237.39,Thursday,Winter,False
2024-12-20,PROP001,0.559,13,16,238.8,Friday,Winter,False
2024-12-20,PROP002,0.579,12,17,246.09,Friday,Winter,False
2024-12-20,PROP003,0.505,14,15,231.06,Friday,Winter,False
2024-12-20,PROP004,0.621,11,18,252.99,Friday,Winter,False
2024-12-20,PROP005,0.648,10,19,253.26,Friday,Winter,False
2024-12-20,PROP006,0.7,9,20,230.97,Friday,Winter,False
2024-12-20,PROP007,0.648,10,19,240.63,Friday,Winter,False
2024-12-20,PROP008,0.425,17,12,264.78,Friday,Winter,False
2024-12-20,PROP009,0.547,13,16,246.69,Friday,Winter,False
2024-12-20,PROP010,0.486,15,14,237.39,Friday,Winter,False
2024-12-21,PROP001,0.33,20,9,238.8,Saturday,Winter,True
2024-12-21,PROP002,0.59,12,17,246.09,Saturday,Winter,True
2024-12-21,PROP003,0.468,15,14,231.06,Saturday,Winter,True
2024-12-21,PROP004,0.612,11,18,252.99,Saturday,Winter,True
2024-12-21,PROP005,0.329,20,9,253.26,Saturday,Winter,True
2024-12-21,PROP006,0.706,8,21,230.97,Saturday,Winter,True
2024-12-21,PROP007,0.564,13,16,240.63,Saturday,Winter,True
2024-12-21,PROP008,0.706,8,21,264.78,Saturday,Winter,True
2024-12-21,PROP009,0.619,11,18,246.69,Saturday,Winter,True
2024-12-21,PROP010,0.518,14,15,237.39,Saturday,Winter,True
2024-12-22,PROP001,0.458,16,13,238.8,Sunday,Winter,True
2024-12-22,PROP002,0.496,15,14,246.09,Sunday,Winter,True
2024-12-22,PROP003,0.415,17,12,231.06,Sunday,Winter,True
2024-12-22,PROP004,0.43,17,12,252.99,Sunday,Winter,True
2024-12-22,PROP005,0.587,12,17,253.26,Sunday,Winter,True
2024-12-22,PROP006,0.661,10,19,230.97,Sunday,Winter,True
2024-12-22,PROP007,0.418,17,12,240.63,Sunday,Winter,True
2024-12-22,PROP008,0.426,17,12,264.78,Sunday,Winter,True
2024-12-22,PROP009,0.718,8,21,246.69,Sunday,Winter,True
2024-12-22,PROP010,0.574,12,17,237.39,Sunday,Winter,True
2024-12-23,PROP001,0.441,16,13,238.8,Monday,Winter,False
2024-12-23,PROP002,0.463,16,13,246.09,Monday,Winter,False
2024-12-23,PROP003,0.483,15,14,231.06,Monday,Winter,False
2024-12-23,PROP004,0.359,19,10,252.99,Monday,Winter,False
2024-12-23,PROP005,0.347,19,10,253.26,Monday,Winter,False
2024-12-23,PROP006,0.378,18,11,230.97,Monday,Winter,False
2024-12-23,PROP007,0.5,14,15,240.63,Monday,Winter,False
2024-12-23,PROP008,0.518,14,15,264.78,Monday,Winter,False
2024-12-23,PROP009,0.514,14,15,246.69,Monday,Winter,False
2024-12-23,PROP010,0.556,13,16,237.39,Monday,Winter,False
2024-12-24,PROP001,0.534,13,16,238.8,Tuesday,Winter,False
2024-12-24,PROP002,0.489,15,14,246.09,Tuesday,Winter,False
2024-12-24,PROP003,0.606,11,18,231.06,Tuesday,Winter,False
2024-12-24,PROP004,0.626,11,18,252.99,Tuesday,Winter,False
2024-12-24,PROP005,0.481,15,14,253.26,Tuesday,Winter,False
2024-12-24,PROP006,0.573,12,17,230.97,Tuesday,Winter,False
2024-12-24,PROP007,0.569,12,17,240.63,Tuesday,Winter,False
2024-12-24,PROP008,0.527,14,15,264.78,Tuesday,Winter,False
2024-12-24,PROP009,0.55,13,16,246.69,Tuesday,Winter,False
2024-12-24,PROP010,0.616,11,18,237.39,Tuesday,Winter,False
2024-12-25,PROP001,0.623,11,18,238.8,Wednesday,Winter,True
2024-12-25,PROP002,0.673,9,20,246.09,Wednesday,Winter,True
2024-12-25,PROP003,0.639,10,19,231.06,Wednesday,Winter,True
2024-12-25,PROP004,0.354,19,10,252.99,Wednesday,Winter,True
2024-12-25,PROP005,0.497,15,14,253.26,Wednesday,Winter,True
2024-12-25,PROP006,0.483,15,14,230.97,Wednesday,Winter,True
2024-12-25,PROP007,0.31,20,9,240.63,Wednesday,Winter,True
2024-12-25,PROP008,0.488,15,14,264.78,Wednesday,Winter,True
2024-12-25,PROP009,0.512,14,15,246.69,Wednesday,Winter,True
2024-12-25,PROP010,0.535,13,16,237.39,Wednesday,Winter,True
2024-12-26,PROP001,0.515,14,15,238.8,Thursday,Winter,True
2024-12-26,PROP002,0.324,20,9,246.09,Thursday,Winter,True
2024-12-26,PROP003,0.431,17,12,231.06,Thursday,Winter,True
2024-12-26,PROP004,0.516,14,15,252.99,Thursday,Winter,True
2024-12-26,PROP005,0.412,17,12,253.26,Thursday,Winter,True
2024-12-26,PROP006,0.595,12,17,230.97,Thursday,Winter,True
2024-12-26,PROP007,0.551,13,16,240.63,Thursday,Winter,True
2024-12-26,PROP008,0.507,14,15,264.78,Thursday,Winter,True
2024-12-26,PROP009,0.478,15,14,246.69,Thursday,Winter,True
2024-12-26,PROP010,0.274,21,8,237.39,Thursday,Winter,True
2024-12-27,PROP001,0.686,9,20,238.8,Friday,Winter,False
2024-12-27,PROP002,0.493,15,14,246.09,Friday,Winter,False
2024-12-27,PROP003,0.527,14,15,231.06,Friday,Winter,False
2024-12-27,PROP004,0.531,14,15,252.99,Friday,Winter,False
2024-12-27,PROP005,0.492,15,14,253.26,Friday,Winter,False
2024-12-27,PROP006,0.686,9,20,230.97,Friday,Winter,False
2024-12-27,PROP007,0.779,6,23,240.63,Friday,Winter,False
2024-12-27,PROP008,0.559,13,16,264.78,Friday,Winter,False
2024-12-27,PROP009,0.679,9,20,246.69,Friday,Winter,False
2024-12-27,PROP010,0.566,13,16,237.39,Friday,Winter,False
2024-12-28,PROP001,0.582,12,17,238.8,Saturday,Winter,True
2024-12-28,PROP002,0.311,20,9,246.09,Saturday,Winter,True
2024-12-28,PROP003,0.43,17,12,231.06,Saturday,Winter,True
2024-12-28,PROP004,0.574,12,17,252.99,Saturday,Winter,True
2024-12-28,PROP005,0.736,7,22,253.26,Saturday,Winter,True
2024-12-28,PROP006,0.445,16,13,230.97,Saturday,Winter,True
2024-12-28,PROP007,0.606,11,18,240.63,Saturday,Winter,True
2024-12-28,PROP008,0.365,19,10,264.78,Saturday,Winter,True
2024-12-28,PROP009,0.661,10,19,246.69,Saturday,Winter,True
2024-12-28,PROP010,0.568,12,17,237.39,Saturday,Winter,True
2024-12-29,PROP001,0.564,13,16,238.8,Sunday,Winter,True
2024-12-29,PROP002,0.548,13,16,246.09,Sunday,Winter,True
2024-12-29,PROP003,0.655,10,19,231.06,Sunday,Winter,True
2024-12-29,PROP004,0.544,13,16,252.99,Sunday,Winter,True
2024-12-29,PROP005,0.587,12,17,253.26,Sunday,Winter,True
2024-12-29,PROP006,0.453,16,13,230.97,Sunday,Winter,True
2024-12-29,PROP007,0.603,11,18,240.63,Sunday,Winter,True
2024-12-29,PROP008,0.632,11,18,264.78,Sunday,Winter,True
2024-12-29,PROP009,0.37,18,11,246.69,Sunday,Winter,True
2024-12-29,PROP010,0.643,10,19,237.39,Sunday,Winter,True
2024-12-30,PROP001,0.558,13,16,238.8,Monday,Winter,False
2024-12-30,PROP002,0.544,13,16,246.09,Monday,Winter,False
2024-12-30,PROP003,0.68,9,20,231.06,Monday,Winter,False
2024-12-30,PROP004,0.515,14,15,252.99,Monday,Winter,False
2024-12-30,PROP005,0.552,13,16,253.26,Monday,Winter,False
2024-12-30,PROP006,0.431,17,12,230.97,Monday,Winter,False
2024-12-30,PROP007,0.526,14,15,240.63,Monday,Winter,False
2024-12-30,PROP008,0.363,19,10,264.78,Monday,Winter,False
2024-12-30,PROP009,0.528,14,15,246.69,Monday,Winter,False
2024-12-30,PROP010,0.569,12,17,237.39,Monday,Winter,False
2024-12-31,PROP001,0.554,13,16,238.8,Tuesday,Winter,False
2024-12-31,PROP002,0.555,13,16,246.09,Tuesday,Winter,False
2024-12-31,PROP003,0.465,16,13,231.06,Tuesday,Winter,False
2024-12-31,PROP004,0.586,12,17,252.99,Tuesday,Winter,False
2024-12-31,PROP005,0.405,17,12,253.26,Tuesday,Winter,False
2024-12-31,PROP006,0.578,12,17,230.97,Tuesday,Winter,False
2024-12-31,PROP007,0.476,15,14,240.63,Tuesday,Winter,False
2024-12-31,PROP008,0.322,20,9,264.78,Tuesday,Winter,False
2024-12-31,PROP009,0.607,11,18,246.69,Tuesday,Winter,False
2024-12-31,PROP010,0.526,14,15,237.39,Tuesday,Winter,False
